time_s,V,I,V_smooth,temperature_c,soc_true
0.0,4.085,1.06,4.085,23.5,100.0
5.0,4.0825,1.057,4.08375,23.5,99.94482240215686
10.0,4.078749999999999,1.0575,4.082083333333333,23.5,99.88970996444341
15.0,4.0775,1.055,4.0809375,23.5,99.83464965483377
20.0,4.0775,1.057,4.08025,23.5,99.77960237725004
25.0,4.0775,1.0545,4.079791666666667,23.5,99.72456813169227
30.0,4.074999999999999,1.056,4.079107142857143,23.5,99.66955995018638
35.0,4.074999999999999,1.054,4.07859375,23.5,99.61456480070645
40.0,4.074999999999999,1.056,4.078194444444445,23.47,99.5595696512265
45.0,4.0737499999999995,1.055,4.07775,23.47,99.50454843769467
50.0,4.0725,1.054,4.077272727272727,23.5,99.44957935226661
55.0,4.0725,1.056,4.076874999999999,23.47,99.39458420278666
60.0,4.069999999999999,1.052,4.075625,23.44,99.3396411814105
65.0,4.069999999999999,1.057,4.074583333333333,23.44,99.28467209598244
70.0,4.069999999999999,1.053,4.073854166666666,23.44,99.2296769465025
75.0,4.069999999999999,1.053,4.073229166666665,23.47,99.1747860532301
80.0,4.069999999999999,1.05,4.072604166666665,23.44,99.11997335211336
85.0,4.0675,1.0535,4.071770833333331,23.44,99.06514761897067
90.0,4.0675,1.05,4.071145833333331,23.44,99.01032188582799
95.0,4.0675,1.054,4.0705208333333305,23.44,98.95548312065937
100.0,4.0675,1.052,4.06989583333333,23.44,98.90059222738697
105.0,4.06625,1.0510000000000002,4.06927083333333,23.44,98.84577952627022
110.0,4.0649999999999995,1.05,4.06864583333333,23.44,98.79101895325725
115.0,4.0649999999999995,1.05,4.06802083333333,23.44,98.73628444429617
120.0,4.0649999999999995,1.0510000000000002,4.067604166666663,23.44,98.6815238712832
125.0,4.0649999999999995,1.052,4.067187499999997,23.44,98.62671117016646
130.0,4.0600000000000005,1.0495,4.066354166666663,23.44,98.57193756512756
135.0,4.0600000000000005,1.047,4.065520833333331,23.44,98.51729428034807
140.0,4.0600000000000005,1.047,4.064687499999998,23.44,98.4627161556983
145.0,4.0600000000000005,1.049,4.064062499999999,23.44,98.40808590294478
150.0,4.0600000000000005,1.0485,4.063437499999999,23.44,98.35341655411341
155.0,4.0600000000000005,1.049,4.0628125,23.44,98.29874720528203
160.0,4.0600000000000005,1.049,4.0621875,23.44,98.24406482442473
165.0,4.0600000000000005,1.049,4.061666666666667,23.44,98.18938244356742
170.0,4.0600000000000005,1.05,4.061250000000001,23.44,98.13467399865823
175.0,4.0600000000000005,1.047,4.060833333333335,23.44,98.08001768185281
180.0,4.0575,1.047,4.060208333333335,23.44,98.02543955720303
185.0,4.055,1.049,4.059375000000003,23.44,97.9708093044495
190.0,4.055,1.049,4.0589583333333366,23.44,97.9161269235922
195.0,4.055,1.0459999999999998,4.05854166666667,23.44,97.86152273489054
200.0,4.055,1.05,4.058125000000004,23.44,97.806892482137
205.0,4.055,1.049,4.057708333333338,23.44,97.7521840372278
210.0,4.055,1.0485,4.057291666666671,23.44,97.69751468839644
215.0,4.055,1.044,4.056875000000005,23.44,97.6429756598245
220.0,4.0525,1.047,4.056250000000006,23.44,97.5884757273304
225.0,4.0525,1.0445,4.055625000000006,23.44,97.53396276281036
230.0,4.0525,1.044,4.055000000000007,23.44,97.47952799044596
235.0,4.0525,1.047,4.054375000000007,23.44,97.42502805795186
240.0,4.0525,1.0445,4.053958333333341,23.44,97.3705150934318
245.0,4.0525,1.047,4.053750000000008,23.44,97.31600212891176
250.0,4.05,1.05,4.053333333333342,23.5,97.26134581210634
255.0,4.05,1.0455,4.052916666666675,23.44,97.20672859137875
260.0,4.05,1.047,4.052500000000009,23.44,97.15218956280681
265.0,4.05,1.044,4.052083333333343,23.44,97.0976896303127
270.0,4.05,1.0430000000000001,4.0516666666666765,23.44,97.04329395402614
275.0,4.05,1.047,4.05125000000001,23.44,96.98882008558392
280.0,4.05,1.045,4.051041666666677,23.5,96.93429408903793
285.0,4.04875,1.044,4.050729166666677,23.44,96.8798462846476
290.0,4.047499999999999,1.045,4.050312500000011,23.44,96.82539848025726
295.0,4.045,1.045,4.049687500000009,23.44,96.77092461181505
300.0,4.045,1.044,4.049062500000008,23.47,96.71647680742471
305.0,4.045,1.045,4.048437500000006,23.44,96.66202900303438
310.0,4.045,1.045,4.048020833333337,23.44,96.60755513459216
315.0,4.045,1.0434999999999999,4.0476041666666704,23.47,96.55312036222777
320.0,4.045,1.0434999999999999,4.047187500000004,23.47,96.49872468594121
325.0,4.045,1.047,4.046770833333338,23.44,96.44423778547304
330.0,4.045,1.0434999999999999,4.046354166666672,23.44,96.38975088500489
335.0,4.045,1.0415,4.045937500000005,23.44,96.3354073368221
340.0,4.0424999999999995,1.044,4.045312500000006,23.44,96.28105075661337
345.0,4.0424999999999995,1.0415,4.044791666666673,23.47,96.22669417640464
350.0,4.0424999999999995,1.042,4.044375000000007,23.47,96.17238972429968
355.0,4.0424999999999995,1.044,4.044166666666676,23.44,96.118020112065
360.0,4.0424999999999995,1.0405,4.043958333333346,23.44,96.06368959590816
365.0,4.0424999999999995,1.041,4.043750000000014,23.44,96.00943727190698
370.0,4.0424999999999995,1.042,4.043541666666684,23.44,95.95514585182795
375.0,4.0424999999999995,1.0405,4.043333333333351,23.44,95.90086746377487
380.0,4.0424999999999995,1.041,4.043125000000018,23.47,95.84661513977369
385.0,4.0424999999999995,1.039,4.0429166666666845,23.44,95.79240191185033
390.0,4.0424999999999995,1.0405,4.042708333333351,23.44,95.73820171595293
395.0,4.0424999999999995,1.0385,4.042500000000018,23.47,95.68401455208145
400.0,4.0424999999999995,1.04,4.042500000000018,23.5,95.62984042023592
405.0,4.0424999999999995,1.0394999999999999,4.042500000000018,23.44,95.57564022433851
410.0,4.0424999999999995,1.041,4.042500000000018,23.47,95.52141396438921
415.0,4.0424999999999995,1.039,4.042500000000018,23.44,95.46720073646586
420.0,4.0424999999999995,1.041,4.042500000000018,23.47,95.41298750854249
425.0,4.04,1.0394999999999999,4.042291666666685,23.47,95.3587612485932
430.0,4.04,1.04,4.042083333333352,23.5,95.30456105269577
435.0,4.04,1.04,4.041875000000019,23.44,95.25034782477242
440.0,4.03875,1.0405,4.041562500000016,23.47,95.19612156482312
445.0,4.04,1.039,4.041354166666683,23.44,95.14192136892571
450.0,4.04,1.039,4.04114583333335,23.44,95.08776026910613
455.0,4.0375,1.0379999999999998,4.040729166666684,23.44,95.03362523333843
460.0,4.0375,1.039,4.0403125000000175,23.44,94.97949019757073
465.0,4.0375,1.04,4.039895833333351,23.5,94.92530303369927
470.0,4.03625,1.0394999999999999,4.039375000000017,23.44,94.87110283780184
475.0,4.035,1.039,4.038750000000017,23.44,94.81692870595631
480.0,4.035,1.039,4.038125000000018,23.5,94.76276760613673
485.0,4.035,1.0394999999999999,4.037708333333351,23.44,94.7085934742912
490.0,4.035,1.042,4.037291666666685,23.5,94.65434115029001
495.0,4.035,1.039,4.036875000000019,23.5,94.60010185831477
500.0,4.035,1.0394999999999999,4.036562500000021,23.47,94.54592772646924
505.0,4.035,1.037,4.036145833333355,23.44,94.49180572272749
510.0,4.0325,1.035,4.035520833333355,23.5,94.43780100721922
515.0,4.0325,1.0394999999999999,4.035104166666689,23.5,94.38373113158124
520.0,4.0325,1.037,4.034687500000023,23.5,94.32960912783949
525.0,4.0325,1.037,4.034270833333356,23.5,94.27555228422744
530.0,4.0325,1.0385,4.033958333333359,23.5,94.22145634453759
535.0,4.0325,1.039,4.033750000000026,23.5,94.16730827674394
540.0,4.0325,1.037,4.033541666666693,23.5,94.11319930502813
545.0,4.0325,1.037,4.03333333333336,23.5,94.05914246141609
550.0,4.0325,1.035,4.033125000000027,23.5,94.00513774590782
555.0,4.0325,1.034,4.032916666666694,23.5,93.9512112225552
560.0,4.0325,1.037,4.03270833333336,23.5,93.89723257109883
565.0,4.0325,1.037,4.032500000000027,23.5,93.8431757274868
570.0,4.0325,1.034,4.032500000000027,23.5,93.7891970760304
575.0,4.0325,1.0379999999999998,4.032500000000027,23.5,93.73519236052215
580.0,4.0325,1.035,4.032500000000027,23.5,93.681161580962
585.0,4.0325,1.037,4.032500000000027,23.5,93.62715686545371
590.0,4.0325,1.0385,4.032500000000027,23.5,93.57306092576385
595.0,4.0325,1.037,4.032500000000027,23.5,93.51896498607398
600.0,4.0325,1.037,4.032500000000027,23.5,93.46490814246195
605.0,4.03125,1.037,4.032395833333358,23.5,93.4108512988499
610.0,4.03125,1.036,4.03229166666669,23.47,93.35682051928976
615.0,4.03,1.035,4.032083333333351,23.44,93.30284186783338
620.0,4.03,1.0379999999999998,4.031875000000014,23.47,93.24881108827321
625.0,4.03,1.036,4.031666666666676,23.5,93.19475424466118
630.0,4.03,1.035,4.031458333333343,23.5,93.1407755932048
635.0,4.03,1.035,4.031250000000004,23.5,93.0868230058003
640.0,4.03,1.037,4.031041666666667,23.5,93.03281829029204
645.0,4.03,1.035,4.030833333333329,23.5,92.97881357478377
650.0,4.03,1.035,4.030624999999991,23.5,92.92486098737928
655.0,4.03,1.0385,4.030416666666653,23.5,92.87081717579318
660.0,4.03,1.037,4.030208333333316,23.5,92.8167212361033
665.0,4.0275,1.036,4.029895833333318,23.5,92.76269045654315
670.0,4.0275,1.0335,4.029583333333321,23.5,92.7087509011646
675.0,4.03,1.034,4.029583333333321,23.5,92.65486347388983
680.0,4.0275,1.0379999999999998,4.029374999999992,23.5,92.60085875838155
685.0,4.0275,1.036,4.029166666666664,23.5,92.54680191476952
690.0,4.0275,1.037,4.028958333333331,23.5,92.49277113520937
695.0,4.0275,1.0345,4.028750000000002,23.5,92.43877945172704
700.0,4.0275,1.0354999999999999,4.028541666666674,23.5,92.38482686432255
705.0,4.0275,1.035,4.028333333333346,23.5,92.3308612448921
710.0,4.02625,1.0354999999999999,4.028020833333348,23.5,92.27689562546168
715.0,4.025,1.037,4.0276041666666815,23.5,92.22287787792746
720.0,4.025,1.037,4.027187500000015,23.5,92.16882103431541
725.0,4.025,1.039,4.026979166666678,23.5,92.11471206259961
730.0,4.025,1.033,4.02677083333334,23.5,92.06070734709134
735.0,4.0225,1.035,4.026145833333345,23.5,92.00680688779062
740.0,4.0225,1.034,4.025729166666679,23.5,91.952880364438
745.0,4.0225,1.0345,4.0253125000000125,23.5,91.89896687311135
750.0,4.0225,1.035,4.024895833333346,23.5,91.8450273177328
755.0,4.0225,1.035,4.02447916666668,23.5,91.7910747303283
760.0,4.0225,1.035,4.024062500000014,23.5,91.7371221429238
765.0,4.0225,1.032,4.023645833333347,23.5,91.68324774767497
770.0,4.0225,1.034,4.02333333333335,23.5,91.62939941647802
775.0,4.0225,1.0335,4.023125000000022,23.5,91.57551198920324
780.0,4.0225,1.032,4.022916666666693,23.5,91.52167669003222
785.0,4.0225,1.037,4.022708333333365,23.5,91.46775016667962
790.0,4.0225,1.034,4.022500000000036,23.53,91.41377151522325
795.0,4.0225,1.037,4.022500000000036,23.5,91.35979286376687
800.0,4.0225,1.032,4.022500000000036,23.5,91.30586634041425
805.0,4.0225,1.033,4.022500000000036,23.5,91.25204407326919
810.0,4.0225,1.032,4.022500000000036,23.5,91.19822180612412
815.0,4.0225,1.037,4.022500000000036,23.5,91.14429528277151
820.0,4.0225,1.032,4.022500000000036,23.5,91.09036875941891
825.0,4.0225,1.032,4.022500000000036,23.5,91.03657255632574
830.0,4.0225,1.034,4.022500000000036,23.5,90.98272422512879
835.0,4.0225,1.0345,4.022500000000036,23.5,90.92881073380211
840.0,4.0225,1.034,4.022500000000036,23.5,90.87489724247546
845.0,4.02,1.034,4.022291666666699,23.5,90.82099678317472
850.0,4.02,1.032,4.02208333333336,23.5,90.76714845197777
855.0,4.02,1.032,4.021875000000023,23.5,90.7133522488846
860.0,4.02,1.032,4.021666666666685,23.56,90.65955604579142
865.0,4.02,1.0314999999999999,4.021458333333347,23.53,90.6057728747242
870.0,4.02,1.034,4.021250000000009,23.5,90.55193757555318
875.0,4.02,1.035,4.0210416666666715,23.5,90.49801105220058
880.0,4.02,1.032,4.020833333333333,23.53,90.44413665695174
885.0,4.02,1.032,4.0206249999999955,23.56,90.39034045385857
890.0,4.02,1.032,4.020416666666658,23.56,90.33654425076539
895.0,4.02,1.0295,4.020208333333319,23.53,90.28281320780192
900.0,4.02,1.0325,4.019999999999982,23.56,90.22906913281253
905.0,4.02,1.034,4.019999999999982,23.5,90.17520776958963
910.0,4.0175,1.0310000000000001,4.019791666666653,23.56,90.12138550244457
915.0,4.02,1.032,4.019791666666653,23.56,90.06761536340328
920.0,4.02,1.034,4.019791666666653,23.56,90.01376703220632
925.0,4.0175,1.0305,4.019583333333325,23.56,89.9599577970872
930.0,4.0175,1.0310000000000001,4.019374999999997,23.56,89.90622675412374
935.0,4.0175,1.032,4.019166666666668,23.56,89.85245661508245
940.0,4.0175,1.032,4.01895833333334,23.53,89.79866041198927
945.0,4.0175,1.0305,4.018750000000011,23.56,89.74490330497392
950.0,4.0175,1.032,4.018541666666683,23.56,89.69114619795857
955.0,4.0175,1.03,4.018333333333355,23.56,89.63740212296916
960.0,4.015000000000001,1.0295,4.017916666666689,23.56,89.58372320810948
965.0,4.015000000000001,1.03,4.017500000000022,23.56,89.53004429324979
970.0,4.01625,1.0310000000000001,4.017395833333353,23.56,89.47632628231227
975.0,4.015000000000001,1.0310000000000001,4.016979166666687,23.56,89.42258220732286
980.0,4.015000000000001,1.034,4.0165625000000205,23.56,89.3687599401778
985.0,4.015000000000001,1.0285,4.016354166666683,23.56,89.31500283316247
990.0,4.015000000000001,1.0310000000000001,4.016145833333344,23.56,89.26132391830276
995.0,4.015000000000001,1.027,4.015937500000007,23.56,89.20768409952092
1000.0,4.015000000000001,1.0295,4.015729166666669,23.56,89.15408337681687
1005.0,4.012499999999999,1.0310000000000001,4.015312500000003,23.56,89.1003783979053
1010.0,4.012499999999999,1.03,4.014895833333337,23.56,89.04666038696777
1015.0,4.012499999999999,1.03,4.01447916666667,23.56,88.99296844008215
1020.0,4.012499999999999,1.032,4.014270833333342,23.56,88.93922436509276
1025.0,4.012499999999999,1.029,4.014062500000013,23.56,88.88550635415523
1030.0,4.012499999999999,1.029,4.013750000000016,23.56,88.83186653537336
1035.0,4.012499999999999,1.0305,4.013541666666687,23.56,88.77818762051368
1040.0,4.012499999999999,1.03,4.013333333333359,23.56,88.72448264160211
1045.0,4.012499999999999,1.029,4.013125000000031,23.56,88.67081675876835
1050.0,4.012499999999999,1.03,4.012916666666702,23.56,88.61715087593461
1055.0,4.012499999999999,1.029,4.012708333333374,23.56,88.56348499310086
1060.0,4.012499999999999,1.029,4.0125000000000455,23.56,88.509845174319
1065.0,4.012499999999999,1.03,4.0125000000000455,23.56,88.45617929148526
1070.0,4.012499999999999,1.03,4.0125000000000455,23.56,88.40248734459962
1075.0,4.012499999999999,1.034,4.0125000000000455,23.56,88.34869114150644
1080.0,4.012499999999999,1.0305,4.0125000000000455,23.56,88.29488190638732
1085.0,4.012499999999999,1.025,4.0125000000000455,23.56,88.24130724773518
1090.0,4.012499999999999,1.029,4.0125000000000455,23.56,88.18777168516087
1095.0,4.012499999999999,1.028,4.0125000000000455,23.56,88.13415793043089
1100.0,4.012499999999999,1.03,4.0125000000000455,23.56,88.08051811164903
1105.0,4.012499999999999,1.029,4.0125000000000455,23.56,88.02685222881529
1110.0,4.012499999999999,1.0305,4.0125000000000455,23.56,87.9731733139556
1115.0,4.012499999999999,1.029,4.0125000000000455,23.62,87.9194943990959
1120.0,4.012499999999999,1.032,4.0125000000000455,23.62,87.8657763881584
1125.0,4.0112499999999995,1.03,4.012395833333376,23.56,87.81203231316898
1130.0,4.01,1.025,4.012187500000039,23.62,87.75847068654278
1135.0,4.01,1.032,4.011979166666701,23.56,87.7048569318128
1140.0,4.0075,1.027,4.011562500000035,23.56,87.65119104897906
1145.0,4.0075,1.03,4.0111458333333685,23.56,87.59757729424908
1150.0,4.005,1.027,4.010520833333364,23.56,87.54396353951913
1155.0,4.00625,1.0285,4.010000000000029,23.62,87.49038888086697
1160.0,4.0075,1.03,4.009583333333363,23.62,87.43673603005917
1165.0,4.0075,1.029,4.0091666666666965,23.56,87.38307014722541
1170.0,4.0075,1.029,4.00875000000003,23.62,87.32943032844356
1175.0,4.0075,1.03,4.008333333333364,23.56,87.27576444560981
1180.0,4.005,1.029,4.007708333333359,23.62,87.22209856277607
1185.0,4.005,1.0259999999999998,4.0071875000000245,23.59,87.16853693614986
1190.0,4.005,1.0310000000000001,4.006770833333358,23.62,87.1149231814199
1195.0,4.005,1.025,4.006354166666692,23.62,87.0613354907418
1200.0,4.005,1.027,4.0061458333333535,23.62,87.00785205627126
1205.0,4.005,1.028,4.005937500000016,23.62,86.95429042964506
1210.0,4.005,1.03,4.005937500000016,23.62,86.9006506108632
1215.0,4.005,1.0295,4.005833333333347,23.62,86.84697169600351
1220.0,4.005,1.0305,4.005625000000009,23.62,86.79327974911789
1225.0,4.005,1.027,4.0054166666666715,23.62,86.73965296236196
1230.0,4.005,1.0295,4.005208333333333,23.59,86.68605223965793
1235.0,4.005,1.028,4.0049999999999955,23.62,86.63242545290201
1240.0,4.005,1.024,4.0049999999999955,23.62,86.57894201843148
1245.0,4.005,1.029,4.0049999999999955,23.62,86.52543251990905
1250.0,4.005,1.029,4.0049999999999955,23.62,86.47179270112719
1255.0,4.005,1.029,4.0049999999999955,23.62,86.41815288234532
1260.0,4.0024999999999995,1.0295,4.004791666666667,23.62,86.36450003153752
1265.0,4.0024999999999995,1.029,4.004583333333329,23.62,86.31084718072971
1270.0,4.0024999999999995,1.025,4.0043750000000005,23.62,86.2573116181554
1275.0,4.0024999999999995,1.025,4.004166666666673,23.62,86.20388031178862
1280.0,4.0024999999999995,1.027,4.003958333333344,23.62,86.15039687731809
1285.0,4.0024999999999995,1.029,4.003750000000015,23.62,86.09680918664
1290.0,4.0024999999999995,1.0255,4.003541666666687,23.62,86.04326059203974
1295.0,4.0024999999999995,1.029,4.003333333333359,23.62,85.98971199743947
1300.0,4.0024999999999995,1.029,4.00312500000003,23.62,85.93607217865762
1305.0,4.0,1.024,4.002708333333364,23.62,85.8825626801352
1310.0,4.0,1.027,4.0022916666666974,23.62,85.82910530971654
1315.0,4.0,1.027,4.001875000000031,23.62,85.77556974714223
1320.0,4.0,1.022,4.001666666666694,23.62,85.72216450482733
1325.0,4.0,1.0255,4.001458333333365,23.62,85.66879835859028
1330.0,4.0,1.025,4.001250000000027,23.62,85.61535402019757
1335.0,4.0,1.024,4.00104166666669,23.62,85.56194877788268
1340.0,4.0,1.025,4.000833333333351,23.62,85.50854353556781
1345.0,4.0,1.022,4.000625000000014,23.62,85.45519042135669
1350.0,3.9975,1.027,4.000208333333338,23.62,85.4017851790418
1355.0,3.9987500000000002,1.0234999999999999,3.999895833333331,23.655,85.3483408406491
1360.0,3.9975,1.025,3.999479166666655,23.69,85.29494863036015
1365.0,3.9975,1.022,3.9992708333333176,23.62,85.24159551614903
1370.0,3.995,1.0259999999999998,3.9988541666666415,23.69,85.18821633788605
1375.0,3.995,1.024,3.998437499999966,23.69,85.13478503151927
1380.0,3.9925,1.027,3.9978124999999713,23.69,85.08132766110062
1385.0,3.995,1.025,3.9973958333332953,23.69,85.02784422663008
1390.0,3.9925,1.024,3.9967708333333007,23.69,84.9744389843152
1395.0,3.9925,1.024,3.996145833333306,23.69,84.92105980605218
1400.0,3.9925,1.0245,3.995520833333311,23.69,84.86766759576325
1405.0,3.9925,1.027,3.9948958333333167,23.69,84.81419719331865
1410.0,3.9925,1.022,3.9944791666666597,23.69,84.76079195100377
1415.0,3.9925,1.0245,3.993958333333334,23.69,84.70745186881861
1420.0,3.9925,1.024,3.9935416666666774,23.69,84.65405965852966
1425.0,3.9925,1.024,3.9931250000000205,23.69,84.60068048026666
1430.0,3.9925,1.024,3.9929166666667015,23.69,84.54730130200366
1435.0,3.9925,1.025,3.9927083333333826,23.69,84.49389605968878
1440.0,3.9925,1.022,3.9927083333333826,23.69,84.44054294547767
1445.0,3.99,1.0230000000000001,3.9922916666667256,23.72,84.38724195937033
1450.0,3.9875000000000003,1.025,3.99187500000005,23.69,84.33386278110734
1455.0,3.99,1.024,3.991666666666712,23.69,84.28045753879245
1460.0,3.99,1.0245,3.9914583333333744,23.69,84.22706532850351
1465.0,3.99,1.02,3.9912500000000364,23.69,84.17377737442212
1470.0,3.99,1.022,3.9910416666666984,23.75,84.12055458047043
1475.0,3.99,1.0230000000000001,3.9908333333333608,23.75,84.0672535943631
1480.0,3.99,1.024,3.9906250000000227,23.72,84.01390048015199
1485.0,3.99,1.024,3.9904166666666847,23.75,83.96052130188899
1490.0,3.98625,1.0205,3.9898958333333403,23.75,83.90723334780759
1495.0,3.98625,1.02,3.9893749999999955,23.75,83.85404964993374
1500.0,3.9850000000000003,1.024,3.988749999999982,23.75,83.80077472787829
1505.0,3.9850000000000003,1.0234999999999999,3.988333333333306,23.75,83.74740858164124
1510.0,3.9837500000000006,1.0205,3.988020833333318,23.75,83.69413365958577
1515.0,3.9825000000000004,1.019,3.9873958333333235,23.75,83.64097602576382
1520.0,3.9825000000000004,1.0194999999999999,3.986770833333329,23.75,83.58784445599375
1525.0,3.9825000000000004,1.0230000000000001,3.986145833333334,23.75,83.53460863001612
1530.0,3.9825000000000004,1.015,3.9855208333333394,23.75,83.48149009227198
1535.0,3.9825000000000004,1.0194999999999999,3.984895833333345,23.75,83.42846277870945
1540.0,3.9825000000000004,1.022,3.98427083333335,23.75,83.37525301678372
1545.0,3.9825000000000004,1.025,3.9836458333333553,23.75,83.3218999025726
1550.0,3.9825000000000004,1.0205,3.9833333333333676,23.75,83.26858588443932
1555.0,3.9825000000000004,1.0205,3.9830208333333794,23.75,83.21538915453952
1560.0,3.9825000000000004,1.02,3.9828125000000605,23.75,83.16220545666567
1565.0,3.9825000000000004,1.02,3.9826041666667416,23.75,83.10903479081777
1570.0,3.9825000000000004,1.0194999999999999,3.9825000000000728,23.75,83.05587715699579
1575.0,3.9825000000000004,1.019,3.9825000000000728,23.75,83.00274558722572
1580.0,3.9775,1.02,3.982083333333397,23.75,82.9496009854297
1585.0,3.9775,1.0185,3.981666666666721,23.75,82.89646941565962
1590.0,3.9775,1.019,3.9812500000000455,23.75,82.84336390994143
1595.0,3.9775,1.019,3.98083333333337,23.75,82.79024537219729
1600.0,3.9762500000000003,1.02,3.980312500000025,23.75,82.73710077040126
1605.0,3.9750000000000005,1.02,3.9796875000000114,23.75,82.68393010455335
1610.0,3.9750000000000005,1.019,3.9790624999999977,23.75,82.63078550275733
1615.0,3.9750000000000005,1.017,3.978437499999984,23.75,82.57771909311697
1620.0,3.9750000000000005,1.025,3.9778124999999704,23.75,82.52449629916529
1625.0,3.9750000000000005,1.019,3.977187499999957,23.75,82.47122137710986
1630.0,3.9737500000000003,1.0179999999999998,3.976458333333293,23.75,82.4181289034176
1635.0,3.9725,1.019,3.9756249999999604,23.75,82.36503642972535
1640.0,3.9725,1.017,3.975208333333304,23.75,82.31197002008498
1645.0,3.9725,1.0179999999999998,3.974791666666647,23.78,82.2589296744965
1650.0,3.9725,1.022,3.97437499999999,23.75,82.2057590086486
1655.0,3.9725,1.017,3.9739583333333335,23.75,82.15261440685258
1660.0,3.9725,1.019,3.9736458333333453,23.75,82.09954799721221
1665.0,3.9725,1.019,3.9734375000000264,23.75,82.04642945946807
1670.0,3.9699999999999998,1.017,3.97302083333337,23.75,81.99336304982772
1675.0,3.9725,1.017,3.972812500000051,23.78,81.94034876829113
1680.0,3.9725,1.017,3.972604166666732,23.75,81.88733448675454
1685.0,3.9675000000000002,1.017,3.971979166666737,23.81,81.83432020521795
1690.0,3.9675000000000002,1.019,3.9714583333333926,23.81,81.78125379557758
1695.0,3.9675000000000002,1.012,3.9710416666667165,23.81,81.72831770619665
1700.0,3.9675000000000002,1.012,3.970625000000041,23.81,81.67556406517892
1705.0,3.965,1.017,3.9700000000000273,23.81,81.62268010390177
1710.0,3.965,1.019,3.9693750000000136,23.81,81.5696136942614
1715.0,3.965,1.015,3.96875,23.81,81.51659941272482
1720.0,3.965,1.017,3.9681249999999864,23.81,81.46363725929199
1725.0,3.965,1.015,3.9674999999999727,23.81,81.41067510585917
1730.0,3.965,1.014,3.967083333333297,23.81,81.35779114458201
1735.0,3.965,1.016,3.9664583333332835,23.81,81.30488111925297
1740.0,3.96,1.015,3.965416666666613,23.81,81.25194502987203
1745.0,3.9625000000000004,1.015,3.964999999999956,23.81,81.19903500454299
1750.0,3.96,1.0154999999999998,3.9643749999999613,23.81,81.146111947188
1755.0,3.96,1.015,3.963749999999967,23.81,81.09318888983302
1760.0,3.96,1.017,3.963124999999972,23.81,81.04022673640019
1765.0,3.96,1.0154999999999998,3.9627083333333153,23.81,80.98725155094144
1770.0,3.96,1.015,3.9622916666666583,23.81,80.93432849358643
1775.0,3.96,1.015,3.9618750000000014,23.81,80.88141846825741
1780.0,3.9575,1.015,3.961250000000007,23.81,80.82850844292835
1785.0,3.9575,1.0135,3.9606250000000123,23.81,80.77563751367714
1790.0,3.9575,1.015,3.9600000000000173,23.81,80.72276658442593
1795.0,3.955,1.0110000000000001,3.9591666666666847,23.81,80.66996081530442
1800.0,3.955,1.0154999999999998,3.958750000000009,23.84,80.61714201415697
1805.0,3.955,1.015,3.9581249999999955,23.81,80.564218956802
1810.0,3.955,1.014,3.95770833333332,23.84,80.51133499552483
1815.0,3.955,1.015,3.957291666666644,23.81,80.45845103424767
1820.0,3.955,1.014,3.956874999999968,23.81,80.40556707297051
1825.0,3.9537500000000003,1.014,3.9563541666666233,23.81,80.35270917574525
1830.0,3.95125,1.012,3.95562499999996,23.81,80.29990340662373
1835.0,3.9499999999999997,1.015,3.9547916666666274,23.81,80.24707157345034
1840.0,3.9499999999999997,1.0135,3.9541666666666324,23.81,80.19420064419913
1845.0,3.9499999999999997,1.0110000000000001,3.953541666666638,23.81,80.14143397115546
1850.0,3.9499999999999997,1.012,3.9529166666666433,23.81,80.08870639418961
1855.0,3.9499999999999997,1.012,3.9524999999999864,23.84,80.03595275317188
1860.0,3.9499999999999997,1.013,3.9520833333333294,23.87,79.98317304810227
1865.0,3.9475,1.01,3.951458333333335,23.87,79.93044547113644
1870.0,3.945,1.0095,3.9506250000000023,23.81,79.87780911835219
1875.0,3.945,1.01,3.9497916666666697,23.81,79.82517276556796
1880.0,3.945,1.009,3.948958333333337,23.81,79.77254944480966
1885.0,3.945,1.0095,3.9482291666666733,23.81,79.7199391560773
1890.0,3.945,1.0110000000000001,3.947708333333329,23.84,79.66727673924117
1895.0,3.945,1.009,3.947291666666653,23.81,79.614627354431
1900.0,3.945,1.014,3.9468749999999773,23.81,79.56189977746516
1905.0,3.945,1.012,3.9464583333333016,23.81,79.50909400834365
1910.0,3.9425,1.014,3.9458333333333067,23.81,79.45628823922215
1915.0,3.9425,1.01,3.945208333333312,23.87,79.40353459820443
1920.0,3.94,1.0114999999999998,3.9443749999999795,23.84,79.35084611731641
1925.0,3.94,1.01,3.943749999999985,23.87,79.2981576364284
1930.0,3.94,1.009,3.943333333333328,23.81,79.2455343156701
1935.0,3.94,1.009,3.942916666666671,23.81,79.19293705896368
1940.0,3.94,1.007,3.9425000000000145,23.81,79.14039193036105
1945.0,3.94,1.009,3.9420833333333576,23.87,79.08784680175842
1950.0,3.9375,1.0095,3.941458333333363,23.87,79.03523651302606
1955.0,3.935,1.01,3.9406250000000305,23.87,78.98260016024182
1960.0,3.935,1.01,3.939791666666698,23.87,78.92995077543164
1965.0,3.93375,1.007,3.938854166666696,23.87,78.87737958277712
1970.0,3.935,1.007,3.9382291666666824,23.87,78.82488658227824
1975.0,3.9325,1.007,3.937395833333331,23.87,78.77239358177938
1980.0,3.93375,1.012,3.9368749999999864,23.87,78.71977026102108
1985.0,3.9325,1.005,3.9362499999999727,23.87,78.66719906836656
1990.0,3.9325,1.009,3.935624999999959,23.87,78.61470606786769
1995.0,3.9312500000000004,1.008,3.9348958333332953,23.87,78.56213487521318
2000.0,3.93,1.007,3.9340624999999627,23.87,78.50961581066241
2005.0,3.93,1.009,3.93322916666663,23.87,78.45707068205978
2010.0,3.93,1.0085,3.9326041666666356,23.87,78.40448645737932
2015.0,3.9275,1.005,3.931979166666641,23.87,78.35200648890638
2020.0,3.9275,1.007,3.931354166666646,23.87,78.29956561651129
2025.0,3.9275,1.007,3.9308333333333203,23.87,78.24707261601243
2030.0,3.9275,1.007,3.9302083333333258,23.87,78.19457961551358
2035.0,3.925,1.009,3.929583333333331,23.87,78.14203448691093
2040.0,3.925,1.0074999999999998,3.9288541666666674,23.87,78.08947632628234
2045.0,3.925,1.005,3.928229166666673,23.87,78.03702242186131
2050.0,3.925,1.007,3.927604166666678,23.87,77.98458154946621
2055.0,3.925,1.0074999999999998,3.9270833333333335,23.87,77.9320755169414
2060.0,3.925,1.007,3.9266666666666574,23.87,77.87956948441659
2065.0,3.925,1.005,3.926249999999982,23.87,77.8271286120215
2070.0,3.92375,1.0059999999999998,3.925729166666637,23.87,77.77471380367828
2075.0,3.92375,1.0059999999999998,3.92541666666663,23.87,77.72227293128319
2080.0,3.9200000000000004,1.004,3.9247916666666356,23.87,77.66988418699187
2085.0,3.9200000000000004,1.005,3.924166666666641,23.87,77.61752150675242
2090.0,3.9200000000000004,1.0034999999999998,3.923541666666646,23.87,77.56517185853895
2095.0,3.9200000000000004,1.002,3.9231249999999895,23.87,77.51290040248111
2100.0,3.91875,1.002,3.922604166666664,23.87,77.4606680425011
2105.0,3.9175,1.009,3.921979166666669,23.87,77.4082532341579
2110.0,3.9175,1.005,3.9213541666666742,23.87,77.35576023365903
2115.0,3.915,1.0055,3.9205208333333417,23.87,77.30335845734177
2120.0,3.915,1.0059999999999998,3.919687500000009,23.905,77.25093061697261
2125.0,3.915,1.005,3.9188541666666765,23.87,77.19851580862941
2130.0,3.915,1.004,3.9181250000000127,23.87,77.14615312838997
2135.0,3.915,1.002,3.9173958333333494,23.87,77.09386864030621
2140.0,3.915,1.004,3.9169791666666733,23.94,77.04158415222241
2145.0,3.915,1.004,3.9165624999999977,23.87,76.98924753603488
2150.0,3.9137500000000003,1.004,3.916041666666653,23.87,76.93691091984734
2155.0,3.915,1.004,3.9156249999999773,23.87,76.88457430365978
2160.0,3.91,1.002,3.9148958333333135,23.905,76.832289815576
2165.0,3.91,1.0030000000000001,3.914270833333319,23.87,76.78003139154413
2170.0,3.9125,1.005,3.9138541666666433,23.87,76.72769477535657
2175.0,3.9075,1.004,3.9132291666666483,23.905,76.67533209511713
2180.0,3.9075,1.0030000000000001,3.912604166666654,23.905,76.62302154298148
2185.0,3.9075,1.004,3.9119791666666592,23.87,76.57071099084581
2190.0,3.9050000000000002,1.002,3.9111458333333267,23.87,76.51842650276204
2195.0,3.9050000000000002,1.0030000000000001,3.910312499999994,23.87,76.46616807873015
2200.0,3.9050000000000002,1.004,3.9094791666666615,23.87,76.41385752659448
2205.0,3.9050000000000002,0.999,3.908645833333329,23.87,76.36165123066637
2210.0,3.9050000000000002,1.0034999999999998,3.907916666666665,23.905,76.3094579667642
2215.0,3.9050000000000002,1.002,3.9070833333333326,23.87,76.25718651070636
2220.0,3.9050000000000002,1.002,3.906666666666657,23.94,76.20495415072635
2225.0,3.9050000000000002,1.0034999999999998,3.906249999999981,23.87,76.15268269466853
2230.0,3.9050000000000002,1.0,3.9056249999999864,23.87,76.10046336671445
2235.0,3.9025000000000003,1.002,3.9052083333333107,23.94,76.04828313483823
2240.0,3.9000000000000004,1.0045,3.9045833333333158,23.905,75.99598561472851
2245.0,3.9000000000000004,1.002,3.903958333333321,23.87,75.94368809461879
2250.0,3.9000000000000004,0.995,3.9035416666666642,23.94,75.89163818300199
2255.0,3.9000000000000004,1.001,3.9031250000000077,23.94,75.83961433543708
2260.0,3.9000000000000004,1.0,3.9027083333333508,23.94,75.78746016761274
2265.0,3.8975,1.004,3.902083333333356,23.94,75.73522780763273
2270.0,3.8949999999999996,0.9995,3.9012500000000236,23.94,75.68300847967868
2275.0,3.8949999999999996,1.002,3.900416666666691,23.94,75.63084127982837
2280.0,3.8949999999999996,1.0,3.8995833333333585,23.94,75.57866104795214
2285.0,3.8949999999999996,0.998,3.898750000000026,23.94,75.52658507228345
2290.0,3.8949999999999996,1.002,3.8979166666666933,23.94,75.474456968511
2295.0,3.8949999999999996,1.002,3.8972916666666984,23.94,75.422224608531
2300.0,3.8925,1.002,3.8966666666666847,23.94,75.36999224855099
2305.0,3.8949999999999996,1.0,3.896250000000009,23.94,75.31781201667475
2310.0,3.8949999999999996,1.0,3.8958333333333335,23.94,75.2656839129023
2315.0,3.89375,1.0,3.8953124999999886,23.94,75.21355580912984
2320.0,3.8925,1.0,3.894687499999975,23.94,75.16142770535738
2325.0,3.8925,1.0,3.8942708333332994,23.94,75.10929960158492
2330.0,3.8900000000000006,0.999,3.8938541666666424,23.94,75.05719756186436
2335.0,3.8900000000000006,0.999,3.8934374999999855,23.94,75.00512158619567
2340.0,3.8900000000000006,0.999,3.893020833333329,23.94,74.95304561052698
2345.0,3.8900000000000006,0.998,3.892604166666672,23.94,74.90099569891018
2350.0,3.8900000000000006,0.999,3.892187500000015,23.94,74.84894578729339
2355.0,3.885,0.999,3.8913541666666824,23.94,74.7968698116247
2360.0,3.885,0.999,3.890729166666688,23.94,74.74479383595602
2365.0,3.885,0.9995,3.8898958333333553,23.94,74.69270482826138
2370.0,3.885,1.0,3.8890625000000227,23.94,74.64058975651486
2375.0,3.885,0.998,3.888333333333359,23.94,74.58851378084618
2380.0,3.885,0.996,3.8877083333333644,23.94,74.53654206138505
2385.0,3.885,1.0,3.88708333333337,23.94,74.48451821382012
2390.0,3.885,0.999,3.886666666666694,23.94,74.43241617409956
2395.0,3.885,0.9975,3.886250000000018,23.94,74.38037929450869
2400.0,3.8825000000000003,0.994,3.8856250000000045,23.94,74.32847273517726
2405.0,3.8825000000000003,0.9995,3.884999999999991,23.94,74.27651404774207
2410.0,3.8825000000000003,0.997,3.8843749999999773,23.94,74.22447716815121
2415.0,3.8825000000000003,0.997,3.8841666666666392,23.94,74.17250544869007
2420.0,3.8825000000000003,0.996,3.8839583333333016,23.94,74.12055979328083
2425.0,3.88125,0.995,3.883645833333295,23.94,74.06866626597534
2430.0,3.8775,0.997,3.8830208333333,23.94,74.01674667461798
2435.0,3.87875,0.997,3.882499999999974,23.94,73.96477495515683
2440.0,3.875,0.996,3.8816666666666415,23.94,73.91282929974756
2445.0,3.875,0.995,3.880833333333309,23.94,73.86093577244208
2450.0,3.875,0.997,3.8799999999999764,23.94,73.80901618108471
2455.0,3.875,0.996,3.879166666666644,23.94,73.75707052567546
2460.0,3.875,0.995,3.8785416666666492,23.94,73.70517699836998
2465.0,3.875,0.995,3.8779166666666547,23.97,73.65330953511638
2470.0,3.875,0.997,3.8772916666666597,23.97,73.60138994375902
2475.0,3.875,0.997,3.876666666666665,24.0,73.54941822429788
2480.0,3.875,0.994,3.8760416666666706,24.0,73.49752469699239
2485.0,3.87375,0.9944999999999999,3.8754166666666756,24.0,73.44569632981663
2490.0,3.8724999999999996,0.997,3.875,24.0,73.3937897704852
2495.0,3.8724999999999996,0.995,3.874479166666655,24.0,73.34187017912784
2500.0,3.8724999999999996,0.995,3.8742708333333176,23.97,73.29000271587422
2505.0,3.8724999999999996,0.999,3.8740624999999795,24.0,73.23803099641309
2510.0,3.8724999999999996,0.994,3.8738541666666415,24.0,73.18608534100383
2515.0,3.8724999999999996,0.996,3.873645833333304,24.0,73.13421787775023
2520.0,3.8724999999999996,0.995,3.873437499999966,24.0,73.08232435044475
2525.0,3.8699999999999997,0.995,3.8730208333332903,24.0,73.03045688719116
2530.0,3.8699999999999997,0.992,3.8726041666666142,24.0,72.97866761609322
2535.0,3.8649999999999998,0.994,3.8717708333332816,24.0,72.92690440904717
2540.0,3.8674999999999997,0.994,3.871145833333287,24.0,72.87508907389734
2545.0,3.8649999999999998,0.9944999999999999,3.8704166666666233,24.0,72.82326070672158
2550.0,3.8649999999999998,0.992,3.8697916666666288,24.0,72.77148446764959
2555.0,3.8649999999999998,0.99,3.8691666666666342,24.0,72.71982551681107
2560.0,3.8649999999999998,0.994,3.8685416666666392,24.0,72.66811443786881
2565.0,3.8649999999999998,0.997,3.8679166666666447,24.0,72.61622091056331
2570.0,3.8649999999999998,0.992,3.867291666666631,24.0,72.56437951136161
2575.0,3.8649999999999998,0.993,3.8666666666666174,24.0,72.51264236836744
2580.0,3.8649999999999998,0.992,3.8660416666666038,24.0,72.46090522537327
2585.0,3.8625,0.994,3.865416666666628,24.0,72.40914201832722
2590.0,3.8625,0.991,3.8647916666666524,24.0,72.35740487533306
2595.0,3.8625,0.992,3.8645833333333335,24.0,72.30571986044266
2600.0,3.8625,0.994,3.8641666666666765,24.0,72.2539566533966
2605.0,3.8625,0.993,3.8639583333333576,24.0,72.20216738229868
2610.0,3.8625,0.994,3.8637500000000387,24.0,72.15037811120072
2615.0,3.8625,0.992,3.8635416666667197,24.0,72.09861490415467
2620.0,3.8625,0.994,3.863333333333401,24.0,72.04685169710862
2625.0,3.8625,0.994,3.863125000000082,24.0,71.99503636195881
2630.0,3.86,0.994,3.862708333333444,24.0,71.94322102680898
2635.0,3.8575,0.992,3.862083333333468,24.0,71.89145781976293
2640.0,3.8575,0.994,3.8614583333334926,24.0,71.83969461271687
2645.0,3.855,0.99,3.860833333333479,24.0,71.78798353377461
2650.0,3.855,0.992,3.8602083333334654,24.0,71.73632458293608
2655.0,3.855,0.992,3.8595833333334517,24.0,71.68461350399382
2660.0,3.855,0.994,3.858958333333438,24.0,71.63285029694775
2665.0,3.855,0.992,3.8583333333334244,24.0,71.5810870899017
2670.0,3.855,0.99,3.857708333333411,24.0,71.5294281390632
2675.0,3.8525,0.992,3.856875000000059,24.0,71.4777691882247
2680.0,3.8525,0.991,3.8560416666667074,24.0,71.42608417333429
2685.0,3.8525,0.9924999999999999,3.855208333333356,24.0,71.37438612641796
2690.0,3.8525,0.992,3.8545833333333426,24.0,71.32266201544975
2695.0,3.8525,0.992,3.8541666666666665,24.0,71.27095093650746
2700.0,3.8525,0.992,3.853749999999991,24.03,71.21923985756519
2705.0,3.8525,0.987,3.853541666666653,24.0,71.16765909888234
2710.0,3.8525,0.993,3.8533333333333153,24.0,71.1160522761476
2715.0,3.8525,0.992,3.8531249999999773,24.03,71.06431513315343
2720.0,3.8525,0.992,3.8529166666666392,24.0,71.01260405421115
2725.0,3.8525,0.992,3.8527083333333016,24.06,70.96089297526889
2730.0,3.8525,0.9895,3.8524999999999636,24.03,70.90924705645631
2735.0,3.8475,0.989,3.852083333333288,24.0,70.85767932979941
2740.0,3.8475,0.991,3.851666666666612,24.03,70.80607250706467
2745.0,3.8475,0.9895,3.8512499999999363,24.03,70.754452652304
2750.0,3.845,0.985,3.8506249999999227,24.0,70.70298918185463
2755.0,3.845,0.9884999999999999,3.849999999999909,24.06,70.65155177545716
2760.0,3.8462500000000004,0.991,3.8494791666665833,24.06,70.59995798474836
2765.0,3.845,0.989,3.8488541666665697,24.0,70.54835116201363
2770.0,3.845,0.989,3.848229166666556,24.06,70.49679646738267
2775.0,3.845,0.989,3.8476041666665424,24.03,70.44524177275171
2780.0,3.845,0.992,3.8469791666665287,24.06,70.39360888596508
2785.0,3.8425,0.99,3.8461458333332152,24.0,70.34194993512659
2790.0,3.8425,0.988,3.8453124999999013,24.0,70.29039524049563
2795.0,3.8425,0.99,3.8448958333332635,24.0,70.23884054586466
2800.0,3.8425,0.987,3.8444791666666256,24.06,70.18731191528558
2805.0,3.8425,0.985,3.8440624999999877,24.06,70.13591360496594
2810.0,3.8425,0.989,3.843854166666688,24.0,70.08446316654253
2815.0,3.8425,0.984,3.843645833333388,24.06,70.033038792171
2820.0,3.8425,0.986,3.8433333333334,24.03,69.98169260995513
2825.0,3.8425,0.99,3.8431250000001,24.0,69.93019004342793
2830.0,3.8425,0.99,3.8429166666668,24.06,69.8785832206932
2835.0,3.84,0.9895,3.8425000000001623,24.06,69.82698942998441
2840.0,3.8425,0.987,3.842291666666862,24.0,69.77547383143128
2845.0,3.8400000000000003,0.987,3.8420833333335245,24.06,69.72402339300785
2850.0,3.8375,0.9895,3.8416666666668484,24.06,69.67250779445473
2855.0,3.8375,0.985,3.841250000000173,24.06,69.62104432400538
2860.0,3.8375,0.99,3.840833333333497,24.0,69.56956782153007
2865.0,3.8375,0.989,3.840416666666821,24.06,69.51798706284723
2870.0,3.8375,0.987,3.8400000000001455,24.06,69.46648449632002
2875.0,3.8375,0.985,3.83958333333347,24.06,69.41508618600038
2880.0,3.8375,0.986,3.839166666666794,24.06,69.36371393973263
2885.0,3.8375,0.982,3.8387500000001182,24.06,69.31241988562053
2890.0,3.8375,0.987,3.8383333333334426,24.06,69.26109976745653
2895.0,3.8375,0.987,3.8381250000001046,24.06,69.20964932903313
2900.0,3.8375,0.987,3.837708333333429,24.06,69.1581988906097
2905.0,3.8325,0.987,3.8370833333334153,24.06,69.1067484521863
2910.0,3.8325,0.9855,3.8366666666667393,24.06,69.0553371098407
2915.0,3.8325,0.987,3.8362500000000637,24.06,69.00392576749512
2920.0,3.835,0.985,3.8360416666667256,24.06,68.95252745717548
2925.0,3.835,0.987,3.835833333333388,24.06,68.90112914685584
2930.0,3.8325,0.985,3.835416666666712,24.06,68.84973083653618
2935.0,3.8325,0.987,3.8350000000000364,24.06,68.79833252621654
2940.0,3.8325,0.986,3.8345833333333608,24.06,68.746908151845
2945.0,3.8325,0.987,3.8341666666666847,24.06,68.69548377747348
2950.0,3.8325,0.987,3.833750000000009,24.06,68.64403333905007
2955.0,3.8325,0.9864999999999999,3.8333333333333335,24.06,68.59259593265259
2960.0,3.83125,0.988,3.8328125000000077,24.06,68.54113246220324
2965.0,3.83,0.985,3.8326041666666697,24.06,68.4897080878317
2970.0,3.8287500000000003,0.9855,3.832291666666682,24.06,68.43834887358989
2975.0,3.83,0.9855,3.832083333333344,24.06,68.38697662732214
2980.0,3.8275,0.987,3.8314583333333303,24.06,68.33556528497655
2985.0,3.8275,0.985,3.8308333333333167,24.06,68.2841669746569
2990.0,3.8275,0.989,3.830416666666641,24.06,68.23271653623348
2995.0,3.8275,0.985,3.829999999999965,24.06,68.18126609781008
3000.0,3.8275,0.9855,3.8295833333332894,24.06,68.12990688356825
3005.0,3.8275,0.987,3.8291666666666138,24.06,68.07849554122268
3010.0,3.8275,0.985,3.8287499999999377,24.06,68.02709723090302
3015.0,3.8275,0.985,3.828333333333262,24.06,67.97575104868714
3020.0,3.8275,0.982,3.828020833333236,24.06,67.92448305862693
3025.0,3.8225000000000002,0.982,3.8273958333332607,24.06,67.87329326072238
3030.0,3.825,0.9864999999999999,3.827083333333235,24.06,67.82198617458435
3035.0,3.825,0.9844999999999999,3.826666666666559,24.06,67.77061392831658
3040.0,3.8225000000000002,0.984,3.8262499999999213,24.06,67.71930684217855
3045.0,3.8225000000000002,0.9864999999999999,3.8258333333332835,24.06,67.66794762793673
3050.0,3.8225000000000002,0.987,3.8254166666666456,24.06,67.61651022153924
3055.0,3.8225000000000002,0.984,3.8250000000000077,24.06,67.56513797527151
3060.0,3.8225000000000002,0.982,3.82458333333337,24.06,67.51389604926317
3065.0,3.8225000000000002,0.985,3.824166666666732,24.06,67.46262805920296
3070.0,3.8225000000000002,0.984,3.823750000000094,24.06,67.41130794103898
3075.0,3.8225000000000002,0.984,3.8233333333334563,24.06,67.36001388692688
3080.0,3.82125,0.9855,3.8228125000001305,24.06,67.30868073673695
3085.0,3.8225000000000002,0.984,3.8228125000001305,24.06,67.25734758654703
3090.0,3.82,0.984,3.8223958333334926,24.06,67.20605353243492
3095.0,3.82125,0.9844999999999999,3.8220833333335045,24.06,67.15474644629687
3100.0,3.8225000000000002,0.982,3.8220833333335045,24.06,67.1034914882626
3105.0,3.8175000000000003,0.982,3.821666666666829,24.06,67.05230169035805
3110.0,3.8187500000000005,0.986,3.821354166666803,24.06,67.00100763624594
3115.0,3.8175000000000003,0.984,3.8209375000001273,24.06,66.94966145403008
3120.0,3.8175000000000003,0.984,3.8205208333334517,24.06,66.89836739991797
3125.0,3.8175000000000003,0.9835,3.8201041666667757,24.06,66.84708637783181
3130.0,3.8175000000000003,0.982,3.8196875000001,24.06,66.79585748384945
3135.0,3.8175000000000003,0.982,3.8192708333334244,24.06,66.74466768594489
3140.0,3.8175000000000003,0.985,3.8189583333334363,24.06,66.69339969588466
3145.0,3.8175000000000003,0.985,3.8185416666667606,24.06,66.6420535136688
3150.0,3.8175000000000003,0.984,3.8183333333334226,24.06,66.59073339550481
3155.0,3.8175000000000003,0.9835,3.818020833333435,24.06,66.53945237341865
3160.0,3.8175000000000003,0.982,3.8176041666667593,24.06,66.48822347943627
3165.0,3.8150000000000004,0.98,3.8173958333334213,24.06,66.43708580963549
3170.0,3.8137499999999998,0.9804999999999999,3.8169791666667456,24.06,66.38598723591254
3175.0,3.8125,0.984,3.8165625000000696,24.06,66.33478440598203
3180.0,3.815,0.982,3.816354166666732,24.06,66.28354247997372
3185.0,3.8125,0.9824999999999999,3.815937500000056,24.06,66.2323396500432
3190.0,3.8125,0.982,3.8155208333333803,24.06,66.18113682011271
3195.0,3.8125,0.984,3.8151041666667047,24.06,66.1298948941044
3200.0,3.8125,0.982,3.8146875000000287,24.06,66.07865296809605
3205.0,3.8125,0.982,3.814270833333353,24.06,66.02746317019151
3210.0,3.8125,0.982,3.8138541666666774,24.06,65.97627337228695
3215.0,3.8125,0.981,3.8134375000000014,24.06,65.9251096384343
3220.0,3.8125,0.982,3.8130208333333258,24.06,65.87394590458162
3225.0,3.8125,0.984,3.8128124999999877,24.06,65.82270397857329
3230.0,3.8125,0.981,3.812708333333338,24.06,65.77148811661687
3235.0,3.8112500000000002,0.982,3.812604166666688,24.06,65.72032438276419
3240.0,3.8125,0.98,3.81239583333335,24.06,65.6691867129634
3245.0,3.8087500000000003,0.981,3.812083333333362,24.06,65.61807510721451
3250.0,3.8075,0.9844999999999999,3.8116666666666865,24.06,65.56684621323213
3255.0,3.8099999999999996,0.98,3.8114583333333485,24.06,65.51564338330162
3260.0,3.8075,0.981,3.811041666666673,24.06,65.46453177755272
3265.0,3.8075,0.9804999999999999,3.810624999999997,24.06,65.41340713977789
3270.0,3.8075,0.979,3.810208333333321,24.06,65.36233463010682
3275.0,3.8075,0.981,3.8097916666666456,24.06,65.31124908840982
3280.0,3.8075,0.9795,3.8093749999999695,24.06,65.26015051468686
3285.0,3.8075,0.98,3.808958333333294,24.12,65.2090780050158
3290.0,3.8075,0.981,3.8085416666666183,24.06,65.1579663992669
3295.0,3.8049999999999997,0.981,3.8080208333332544,24.06,65.10682872946612
3300.0,3.8075,0.982,3.8076041666665787,24.06,65.05566499561345
3305.0,3.80625,0.981,3.8073958333332407,24.06,65.00450126176078
3310.0,3.8075,0.98,3.8073958333332407,24.06,64.95338965601188
3315.0,3.8025,0.979,3.806770833333227,24.06,64.90233017836677
3320.0,3.8025,0.98,3.8063541666665515,24.06,64.85127070072163
3325.0,3.8025,0.981,3.805937499999876,24.06,64.80015909497274
3330.0,3.8025,0.979,3.8055208333332,24.06,64.74907355327572
3335.0,3.8025,0.9795,3.805104166666524,24.06,64.69802710765656
3340.0,3.8025,0.9804999999999999,3.8046874999998486,24.06,64.64694156595954
3345.0,3.8025,0.98,3.8042708333331725,24.06,64.5958429922366
3350.0,3.8025,0.982,3.803854166666497,24.06,64.54470532243582
3355.0,3.8025,0.9804999999999999,3.803645833333159,24.06,64.49355462060909
3360.0,3.8025,0.98,3.8032291666664833,24.06,64.44245604688614
3365.0,3.8025,0.98,3.8029166666664573,24.06,64.39137050518913
3370.0,3.8025,0.98,3.8024999999997817,24.06,64.34028496349211
3375.0,3.8025,0.98,3.8024999999997817,24.06,64.28919942179509
3380.0,3.8025,0.982,3.8024999999997817,24.06,64.23806175199431
3385.0,3.80125,0.98,3.8023958333331316,24.06,64.18692408219353
3390.0,3.8025,0.982,3.8023958333331316,24.06,64.13578641239275
3395.0,3.7975000000000003,0.979,3.8019791666664937,24.06,64.08467480664385
3400.0,3.7975000000000003,0.9795,3.801562499999856,24.09,64.03362836102467
3405.0,3.7975000000000003,0.979,3.801145833333218,24.06,63.98258191540549
3410.0,3.7975000000000003,0.979,3.80072916666658,24.06,63.931548501812266
3415.0,3.7975000000000003,0.978,3.8003124999999423,24.06,63.88054115227091
3420.0,3.795,0.977,3.799687499999967,24.12,63.82958593083333
3425.0,3.795,0.98,3.799062499999991,24.06,63.77857858129198
3430.0,3.7975000000000003,0.982,3.798645833333353,24.06,63.72744091149119
3435.0,3.795,0.979,3.798020833333377,24.06,63.6763293057423
3440.0,3.795,0.979,3.7973958333334017,24.12,63.62529589214907
3445.0,3.795,0.9795,3.796875000000076,24.06,63.57424944652988
3450.0,3.795,0.98,3.7962500000001,24.06,63.523176936858825
3455.0,3.795,0.98,3.796041666666762,24.06,63.47209139516181
3460.0,3.7937499999999997,0.978,3.7957291666667365,24.06,63.42105798156857
3465.0,3.7924999999999995,0.974,3.7953125000000605,24.06,63.37018095228666
3470.0,3.7924999999999995,0.975,3.794895833333385,24.06,63.319382115160394
3475.0,3.7924999999999995,0.976,3.7944791666667093,24.06,63.26853114993036
3480.0,3.7924999999999995,0.979,3.7942708333333712,24.06,63.21757592849278
3485.0,3.7924999999999995,0.979,3.794062500000033,24.06,63.16654251489955
3490.0,3.7924999999999995,0.977,3.7936458333333576,24.06,63.115561229410076
3495.0,3.7924999999999995,0.979,3.7934375000000196,24.06,63.06457994392062
3500.0,3.7924999999999995,0.975,3.793229166666682,24.06,63.013650786534924
3505.0,3.7924999999999995,0.978,3.793020833333344,24.06,62.962747693201116
3510.0,3.7924999999999995,0.98,3.792812500000006,24.06,62.91171427960788
3515.0,3.7924999999999995,0.977,3.7926041666666683,24.06,62.860706930066534
3520.0,3.7924999999999995,0.978,3.792500000000018,24.06,62.809751708628944
3525.0,3.7924999999999995,0.979,3.792500000000018,24.06,62.7587443590876
3530.0,3.7924999999999995,0.977,3.792500000000018,24.06,62.70776307359813
3535.0,3.7887499999999994,0.975,3.7921875000000305,24.06,62.65688604431622
3540.0,3.78625,0.977,3.7916666666667047,24.06,62.6060090150343
3545.0,3.7849999999999997,0.975,3.791041666666691,24.06,62.555131985752375
3550.0,3.7849999999999997,0.976,3.7904166666666774,24.06,62.50428102052234
3555.0,3.78625,0.9755,3.7898958333333517,24.06,62.45341702326637
3560.0,3.7849999999999997,0.974,3.789270833333338,24.06,62.402605154114156
3565.0,3.78625,0.977,3.7887500000000123,24.06,62.35175418888412
3570.0,3.7849999999999997,0.9755,3.7881249999999986,24.06,62.300864127576276
3575.0,3.7849999999999997,0.975,3.787499999999985,24.06,62.250026194372175
3580.0,3.7849999999999997,0.9744999999999999,3.7868749999999713,24.06,62.19921432521998
3585.0,3.7849999999999997,0.9755,3.7862499999999577,24.06,62.14838942404182
3590.0,3.7849999999999997,0.98,3.785624999999944,24.06,62.0974211705783
3595.0,3.7849999999999997,0.977,3.785312499999918,24.06,62.04641382103695
3600.0,3.7849999999999997,0.9744999999999999,3.7852083333332303,24.06,61.99554982378097
3605.0,3.7849999999999997,0.977,3.7852083333332303,24.06,61.94468582652499
3610.0,3.7837499999999995,0.9744999999999999,3.78510416666658,24.06,61.89382182926902
3615.0,3.7824999999999998,0.9755,3.7847916666665546,24.06,61.84299692809088
3620.0,3.7824999999999998,0.977,3.7845833333332166,24.06,61.792106866783016
3625.0,3.7824999999999998,0.9764999999999999,3.7842708333331907,24.06,61.74119074142327
3630.0,3.7824999999999998,0.975,3.784062499999853,24.06,61.69032674416729
3635.0,3.7824999999999998,0.975,3.783854166666515,24.06,61.63950184298914
3640.0,3.7824999999999998,0.973,3.783645833333177,24.06,61.58872906991477
3645.0,3.7824999999999998,0.975,3.7834374999998395,24.06,61.5379562968404
3650.0,3.7824999999999998,0.975,3.7832291666665014,24.06,61.487131395662246
3655.0,3.7824999999999998,0.977,3.7830208333331634,24.06,61.436254366380325
3660.0,3.7824999999999998,0.976,3.782812499999826,24.06,61.38535127304652
3665.0,3.78,0.974,3.782395833333188,24.06,61.33452637186838
3670.0,3.7775,0.974,3.781874999999862,24.06,61.283753598794
3675.0,3.77625,0.9744999999999999,3.7813541666665365,24.06,61.23296779369368
3680.0,3.775,0.972,3.7807291666665606,24.06,61.182234116697146
3685.0,3.775,0.97,3.7801041666665847,24.06,61.13161772793407
3690.0,3.775,0.972,3.779479166666609,24.06,61.081001339171024
3695.0,3.775,0.975,3.7788541666666333,24.06,61.03025463014853
3700.0,3.775,0.972,3.7782291666666574,24.06,60.97950792112605
3705.0,3.775,0.9744999999999999,3.777604166666682,24.06,60.9287742441295
3710.0,3.775,0.974,3.776979166666706,24.06,60.87798843902918
3715.0,3.775,0.972,3.77635416666673,24.06,60.827267794058585
3720.0,3.775,0.973,3.7757291666667547,24.06,60.77657321313986
3725.0,3.775,0.974,3.7753125000000787,24.06,60.72582650411738
3730.0,3.775,0.974,3.775104166666741,24.06,60.67505373104301
3735.0,3.775,0.9744999999999999,3.775000000000091,24.06,60.62426792594269
3740.0,3.775,0.975,3.775000000000091,24.06,60.57345605679048
3745.0,3.7725,0.97,3.774791666666753,24.06,60.52276147587177
3750.0,3.7725,0.9724999999999999,3.7745833333334153,24.06,60.47213205508276
3755.0,3.7725,0.969,3.7743750000000773,24.06,60.421528698345654
3760.0,3.7725,0.974,3.7741666666667393,24.06,60.370886245530706
3765.0,3.7725,0.972,3.7739583333334017,24.06,60.3201656005601
3770.0,3.7725,0.972,3.7737500000000637,24.06,60.26949708369327
3775.0,3.7725,0.97,3.7735416666667256,24.06,60.21888069493021
3780.0,3.7725,0.9704999999999999,3.773333333333388,24.06,60.16830340224498
3785.0,3.77,0.972,3.772916666666712,24.06,60.11767398145598
3790.0,3.77,0.969,3.7725000000000364,24.06,60.06708365674481
3795.0,3.77,0.9744999999999999,3.7720833333333608,24.06,60.01642817190393
3800.0,3.77,0.974,3.7716666666666847,24.06,59.96564236680361
3805.0,3.77,0.972,3.771458333333347,24.06,59.91492172183301
3810.0,3.7674999999999996,0.972,3.771041666666671,24.06,59.864253204966175
3815.0,3.7674999999999996,0.974,3.7706249999999955,24.06,59.81353255999557
3820.0,3.7674999999999996,0.972,3.77020833333332,24.06,59.76281191502497
3825.0,3.7662499999999994,0.9695,3.769687499999994,24.03,59.71220855828786
3830.0,3.7649999999999997,0.97,3.7690624999999804,24.06,59.66165732965452
3835.0,3.7649999999999997,0.974,3.768437499999967,24.06,59.61098881278768
3840.0,3.7649999999999997,0.9695,3.767812499999953,24.0,59.5603333279468
3845.0,3.7649999999999997,0.9704999999999999,3.767395833333277,24.06,59.50976906728751
3850.0,3.7649999999999997,0.972,3.7669791666666015,24.0,59.459139646498514
3855.0,3.7649999999999997,0.9684999999999999,3.766562499999926,24.0,59.40856235381329
3860.0,3.7649999999999997,0.9695,3.76614583333325,24.03,59.35805022125778
3865.0,3.7649999999999997,0.97,3.765729166666574,24.0,59.30749899262444
3870.0,3.7649999999999997,0.97,3.765520833333236,24.0,59.25693473196515
3875.0,3.7649999999999997,0.971,3.7653124999998986,24.0,59.20634440725399
3880.0,3.7625,0.972,3.7648958333332225,24.0,59.15570195443903
3885.0,3.7625,0.969,3.764583333333197,24.0,59.10511162972787
3890.0,3.7625,0.9695,3.764374999999859,24.0,59.05458646514641
3895.0,3.7625,0.969,3.764166666666521,24.0,59.00406130056495
3900.0,3.7625,0.9695,3.7639583333331834,24.0,58.9535361359835
3905.0,3.7625,0.9684999999999999,3.7637499999998454,24.0,58.90302400342799
3910.0,3.7625,0.972,3.7635416666665074,24.0,58.852446710742754
3915.0,3.76,0.97,3.7631249999998695,24.0,58.8018303219797
3920.0,3.7625,0.9695,3.762916666666532,24.0,58.751279093346355
3925.0,3.7575,0.97,3.762291666666556,24.0,58.70072786471301
3930.0,3.75875,0.9695,3.7617708333332303,24.0,58.65017663607968
3935.0,3.7550000000000003,0.972,3.7609374999999168,24.0,58.59957327934255
3940.0,3.7550000000000003,0.972,3.760312499999941,24.0,58.548904762475715
3945.0,3.7550000000000003,0.967,3.759687499999965,24.0,58.49836656586833
3950.0,3.7550000000000003,0.9684999999999999,3.7590624999999895,24.0,58.447919593442535
3955.0,3.7550000000000003,0.969,3.7584375000000136,24.0,58.397420492912964
3960.0,3.7550000000000003,0.967,3.7578125000000377,24.0,58.34696048846122
3965.0,3.7550000000000003,0.967,3.7571875000000623,24.0,58.29655261211325
3970.0,3.7550000000000003,0.972,3.7565625000000864,24.0,58.246014415505854
3975.0,3.7550000000000003,0.969,3.756145833333411,24.0,58.19542409079468
3980.0,3.7550000000000003,0.969,3.755520833333435,24.0,58.14491195823916
3985.0,3.7550000000000003,0.969,3.755312500000097,24.0,58.09439982568366
3990.0,3.7550000000000003,0.969,3.755000000000109,24.0,58.04388769312815
3995.0,3.7550000000000003,0.968,3.755000000000109,24.0,57.99340162462452
4000.0,3.7525,0.967,3.754791666666771,24.0,57.94296768422467
4005.0,3.7550000000000003,0.969,3.754791666666771,24.0,57.89250767977292
4010.0,3.7525,0.9704999999999999,3.7545833333334335,24.0,57.84195645113959
4015.0,3.7525,0.97,3.7543750000000955,24.0,57.79137915845436
4020.0,3.7525,0.972,3.7541666666667575,24.0,57.74076276969129
4025.0,3.7525,0.969,3.75395833333342,24.0,57.69017244498013
4030.0,3.7525,0.967,3.753750000000082,24.0,57.63971244052839
4035.0,3.75,0.969,3.7533333333334062,24.0,57.58925243607664
4040.0,3.7512499999999998,0.967,3.7530208333333803,24.0,57.5387924316249
4045.0,3.75,0.965,3.7526041666667047,24.0,57.488436683380705
4050.0,3.75,0.969,3.7521875000000287,24.0,57.43802880703274
4055.0,3.75,0.966,3.751770833333353,24.0,57.38759486663289
4060.0,3.745,0.967,3.7511458333333394,24.0,57.3372130543368
4065.0,3.745,0.967,3.7503124999999877,24.0,57.28680517798883
4070.0,3.745,0.9655,3.749687499999974,24.0,57.23643639771869
4075.0,3.745,0.965,3.7490624999999604,24.0,57.18611974555232
4080.0,3.745,0.967,3.748437499999947,24.0,57.13576399730813
4085.0,3.745,0.9644999999999999,3.747812499999933,24.0,57.085421281089886
4090.0,3.745,0.967,3.7471874999999195,23.94,57.03507856487165
4095.0,3.745,0.967,3.746770833333244,24.0,56.984670688523664
4100.0,3.745,0.967,3.746249999999918,23.97,56.9342628121757
4105.0,3.745,0.965,3.7458333333332425,24.0,56.8839070639315
4110.0,3.745,0.965,3.7454166666665665,24.0,56.83360344379109
4115.0,3.745,0.967,3.744999999999891,23.97,56.78324769554689
4120.0,3.745,0.9644999999999999,3.744999999999891,24.0,56.73290497932864
4125.0,3.745,0.967,3.744999999999891,24.0,56.68256226311039
4130.0,3.7425,0.968,3.744791666666553,23.94,56.63212832271054
4135.0,3.7425,0.965,3.7445833333332152,23.94,56.581746510414455
4140.0,3.7425,0.965,3.744374999999877,23.94,56.53144289027403
4145.0,3.7425,0.967,3.744166666666539,23.97,56.48108714202984
4150.0,3.7425,0.966,3.7439583333332016,23.94,56.430705329733755
4155.0,3.7425,0.965,3.7437499999998636,23.94,56.38037564554145
4160.0,3.74125,0.966,3.743437499999876,23.94,56.33004596134914
4165.0,3.74,0.964,3.7430208333332,23.97,56.27974234120872
4170.0,3.7375000000000003,0.965,3.7423958333332243,24.0,56.22946478512018
4175.0,3.7375000000000003,0.964,3.7417708333332484,23.94,56.17918722903163
4180.0,3.7350000000000003,0.9664999999999999,3.740937499999935,23.94,56.12887057686527
4185.0,3.7350000000000003,0.965,3.740104166666621,23.94,56.07852786064702
4190.0,3.7350000000000003,0.966,3.7394791666666456,23.94,56.0281981764547
4195.0,3.7350000000000003,0.964,3.7388541666666697,23.94,55.977894556314276
4200.0,3.7350000000000003,0.965,3.738229166666694,23.94,55.92761700022575
4205.0,3.7350000000000003,0.963,3.7376041666667184,23.94,55.8773655081891
4210.0,3.7350000000000003,0.966,3.7369791666667425,23.94,55.82708795210056
4215.0,3.7350000000000003,0.967,3.7363541666667666,23.94,55.776706139804475
4220.0,3.7350000000000003,0.964,3.735833333333441,23.94,55.72637645561216
4225.0,3.7350000000000003,0.9655,3.735416666666803,23.94,55.67608586749768
4230.0,3.7350000000000003,0.964,3.7352083333334654,23.94,55.625795279383205
4235.0,3.7350000000000003,0.964,3.7350000000001273,23.94,55.57554378734657
4240.0,3.7350000000000003,0.9644999999999999,3.7350000000001273,23.94,55.52527926328396
4245.0,3.7350000000000003,0.964,3.7350000000001273,23.94,55.475014739221386
4250.0,3.7350000000000003,0.965,3.7350000000001273,23.94,55.42473718313284
4255.0,3.7337500000000006,0.9635,3.7348958333334394,23.94,55.37447265907025
4260.0,3.7325000000000004,0.962,3.7346875000001014,23.94,55.32428632716331
4265.0,3.7325000000000004,0.964,3.734479166666764,23.94,55.27408696323044
4270.0,3.7300000000000004,0.96,3.7340625000000878,23.94,55.22393972740133
4275.0,3.7300000000000004,0.964,3.733645833333412,23.94,55.173792491572215
4280.0,3.7300000000000004,0.962,3.7332291666667365,23.94,55.123593127639346
4285.0,3.7300000000000004,0.962,3.7328125000000605,23.94,55.07344589181024
4290.0,3.7300000000000004,0.962,3.732395833333385,23.94,55.02329865598112
4295.0,3.7275,0.962,3.7317708333333712,23.94,54.97315142015202
4300.0,3.7250000000000005,0.963,3.7309375000000196,23.94,54.922978120271026
4305.0,3.7250000000000005,0.964,3.7301041666666683,23.94,54.87275269228626
4310.0,3.7250000000000005,0.96,3.7292708333333167,23.94,54.822605456457154
4315.0,3.7250000000000005,0.962,3.728541666666653,23.94,54.77251034873182
4320.0,3.7250000000000005,0.964,3.7279166666666392,23.94,54.72231098479894
4325.0,3.7250000000000005,0.964,3.7272916666666256,23.94,54.672059492762294
4330.0,3.7250000000000005,0.961,3.72687499999995,23.94,54.621886192881306
4335.0,3.7250000000000005,0.964,3.7264583333332744,23.94,54.57171289300031
4340.0,3.7250000000000005,0.962,3.7260416666665983,23.94,54.52151352906745
4345.0,3.7250000000000005,0.962,3.7256249999999227,23.94,54.47136629323832
4350.0,3.7250000000000005,0.962,3.725208333333247,23.94,54.42121905740922
4355.0,3.7250000000000005,0.96,3.724999999999909,23.94,54.371123949683884
4360.0,3.7250000000000005,0.961,3.724999999999909,23.94,54.321054906010446
4365.0,3.7250000000000005,0.96,3.724999999999909,23.94,54.27098586233699
4370.0,3.7225,0.959,3.724791666666571,23.94,54.22096894676732
4375.0,3.72125,0.961,3.7244791666665833,23.94,54.17092596714576
4380.0,3.7199999999999998,0.962,3.7240624999999077,23.94,54.120804795368535
4385.0,3.7199999999999998,0.962,3.7236458333332316,23.94,54.070657559539434
4390.0,3.7199999999999998,0.962,3.723229166666556,23.905,54.020510323710326
4395.0,3.7225,0.962,3.723020833333218,23.87,53.97036308788121
4400.0,3.7199999999999998,0.962,3.7226041666665424,23.87,53.92021585205211
4405.0,3.7199999999999998,0.9604999999999999,3.7221874999998668,23.905,53.87010771230083
4410.0,3.7175000000000002,0.9595,3.721562499999891,23.87,53.82006473267927
4415.0,3.715,0.962,3.7207291666665774,23.87,53.76998265697988
4420.0,3.715,0.9604999999999999,3.7198958333332635,23.87,53.71987451722862
4425.0,3.715,0.959,3.71906249999995,23.87,53.669844569633
4430.0,3.715,0.959,3.718437499999974,23.87,53.61985371811521
4435.0,3.715,0.96,3.7179166666666483,23.87,53.56983680254553
4440.0,3.715,0.9575,3.7175000000000105,23.87,53.519858983053695
4445.0,3.715,0.962,3.7170833333333726,23.87,53.46982903545807
4450.0,3.715,0.9604999999999999,3.7166666666667347,23.87,53.4197208957068
4455.0,3.715,0.961,3.7160416666667593,23.87,53.36963882000742
4460.0,3.715,0.96,3.7156250000001214,23.87,53.319569776333964
4465.0,3.715,0.956,3.7152083333334835,23.87,53.269631052919955
4470.0,3.715,0.956,3.7150000000001455,23.87,53.21979658571349
4475.0,3.715,0.96,3.7150000000001455,23.87,53.169857862299466
4480.0,3.715,0.959,3.7150000000001455,23.87,53.1198409467298
4485.0,3.7125,0.9584999999999999,3.7147916666668075,23.87,53.06986312723796
4490.0,3.7125000000000004,0.955,3.71458333333347,23.87,53.019989563953665
4495.0,3.71125,0.957,3.714270833333444,23.87,52.9701550967472
4500.0,3.71125,0.956,3.713958333333418,23.87,52.92029456548883
4505.0,3.71,0.96,3.7135416666667425,23.87,52.87035584207482
4510.0,3.71,0.9575,3.713125000000067,23.87,52.82037802258297
4515.0,3.71,0.96,3.712708333333391,23.87,52.77040020309114
4520.0,3.71,0.959,3.712291666666715,23.87,52.720383287521464
4525.0,3.7075,0.96,3.7116666666667015,23.87,52.67036637195179
4530.0,3.70625,0.958,3.7109375000000377,23.87,52.620375520434
4535.0,3.705,0.957,3.7101041666666865,23.87,52.570462861071874
4540.0,3.705,0.959,3.709270833333335,23.87,52.52052413765785
4545.0,3.705,0.957,3.708645833333321,23.87,52.47058541424384
4550.0,3.705,0.957,3.7080208333333076,23.87,52.420698818933595
4555.0,3.705,0.957,3.707499999999982,23.87,52.37081222362336
4560.0,3.705,0.958,3.706979166666656,23.87,52.320899564261225
4565.0,3.705,0.955,3.7065624999999804,23.87,52.271039033002864
4570.0,3.705,0.957,3.7061458333333044,23.87,52.2212045657964
4575.0,3.705,0.959,3.7057291666666288,23.87,52.17126584238238
4580.0,3.705,0.954,3.705312499999953,23.87,52.121405311124015
4585.0,3.7025,0.955,3.704895833333277,23.87,52.07164903607321
4590.0,3.705,0.958,3.704791666666589,23.87,52.02178850481485
4595.0,3.705,0.959,3.704791666666589,23.87,51.971823717348954
4600.0,3.6999999999999997,0.954,3.7043749999999136,23.87,51.92196318609059
4605.0,3.70125,0.9595,3.704062499999926,23.87,51.87208962280629
4610.0,3.7024999999999997,0.957,3.703854166666588,23.87,51.82213786736634
4615.0,3.6999999999999997,0.955,3.7034374999999122,23.87,51.77230340015987
4620.0,3.6999999999999997,0.9544999999999999,3.703020833333236,23.87,51.72253409308312
4625.0,3.6999999999999997,0.959,3.7026041666665606,23.87,51.67266052979882
4630.0,3.6975,0.959,3.7019791666665847,23.87,51.62266967828102
4635.0,3.6975,0.957,3.701354166666609,23.87,51.572730954867005
4640.0,3.695,0.957,3.7005208333332953,23.87,51.522844359556764
4645.0,3.695,0.957,3.69989583333332,23.87,51.47295776424653
4650.0,3.695,0.955,3.699062500000006,23.87,51.423123297040064
4655.0,3.695,0.954,3.6982291666666924,23.87,51.373367021989246
4660.0,3.695,0.955,3.6978125000000546,23.81,51.32361074693843
4665.0,3.695,0.9544999999999999,3.697291666666729,23.81,51.27384143986168
4670.0,3.695,0.954,3.696666666666753,23.87,51.22409819683682
4675.0,3.695,0.95,3.696250000000115,23.81,51.17447224204543
4680.0,3.695,0.955,3.695833333333477,23.81,51.12482022320217
4685.0,3.695,0.954,3.6954166666668393,23.81,51.07506394815135
4690.0,3.695,0.955,3.6952083333335017,23.87,51.02530767310054
4695.0,3.695,0.9544999999999999,3.6950000000001637,23.81,50.97553836602378
4700.0,3.695,0.9544999999999999,3.6950000000001637,23.81,50.92578209097297
4705.0,3.695,0.955,3.6950000000001637,23.81,50.876012783896215
4710.0,3.6937499999999996,0.952,3.694895833333476,23.81,50.82630863694917
4715.0,3.69,0.951,3.6944791666668,23.81,50.77670874620968
4720.0,3.69,0.95,3.694062500000124,23.81,50.727160983573974
4725.0,3.69,0.9544999999999999,3.6936458333334485,23.81,50.677521996756646
4730.0,3.69,0.9544999999999999,3.693229166666773,23.81,50.62776572170583
4735.0,3.69,0.954,3.692812500000097,23.81,50.57802247868097
4740.0,3.69,0.953,3.6923958333334213,23.81,50.52831833173392
4745.0,3.6875,0.953,3.6917708333334076,23.81,50.47864024883877
4750.0,3.685,0.954,3.690937500000056,23.81,50.42893610189173
4755.0,3.685,0.953,3.6901041666667047,23.81,50.37923195494469
4760.0,3.685,0.954,3.689270833333353,23.81,50.32952780799766
4765.0,3.685,0.952,3.6884375000000014,23.81,50.2798497251025
4770.0,3.685,0.951,3.687708333333338,23.81,50.23024983436301
4775.0,3.685,0.9535,3.687291666666662,23.81,50.18061084754568
4780.0,3.685,0.95,3.6868749999999864,23.81,50.13099792478025
4785.0,3.685,0.952,3.6864583333333107,23.81,50.08142409809264
4790.0,3.685,0.9524999999999999,3.6860416666666347,23.81,50.031785111275326
4795.0,3.685,0.954,3.685624999999959,23.81,49.98209399635422
4800.0,3.685,0.952,3.6852083333332835,23.81,49.932415913459074
4805.0,3.685,0.951,3.6849999999999454,23.81,49.88281602271958
4810.0,3.685,0.949,3.6849999999999454,23.81,49.83329432413575
4815.0,3.6825,0.949,3.6847916666666074,23.81,49.78382475365568
4820.0,3.68375,0.9515,3.6846874999999577,23.81,49.7342900230459
4825.0,3.6825,0.957,3.6844791666666197,23.81,49.68454678002103
4830.0,3.68,0.954,3.684062499999944,23.81,49.63473837686645
4835.0,3.68,0.952,3.683645833333268,23.78,49.585060293971296
4840.0,3.68,0.952,3.6832291666665924,23.81,49.53543433917991
4845.0,3.68,0.952,3.6828124999999168,23.81,49.48580838438853
4850.0,3.68,0.9495,3.6823958333332407,23.81,49.43624758972687
4855.0,3.68,0.95,3.681979166666565,23.81,49.38673892316897
4860.0,3.675,0.952,3.6811458333332516,23.75,49.337165096481364
4865.0,3.675,0.9495,3.6803124999999377,23.75,49.2876043018197
4870.0,3.675,0.954,3.6794791666666242,23.75,49.23799137905427
4875.0,3.675,0.949,3.6788541666666483,23.75,49.18839148831478
4880.0,3.675,0.952,3.678124999999985,23.78,49.13884372567905
4885.0,3.675,0.95,3.677500000000009,23.75,49.089269898991446
4890.0,3.675,0.949,3.6770833333333712,23.75,49.03977426445949
4895.0,3.675,0.949,3.6766666666667334,23.75,48.990304693979425
4900.0,3.675,0.952,3.6762500000000955,23.75,48.94075693134371
4905.0,3.675,0.952,3.6758333333334576,23.75,48.89113097655233
4910.0,3.675,0.952,3.6754166666668198,23.75,48.841505021760945
4915.0,3.675,0.947,3.675000000000182,23.75,48.792009387228994
4920.0,3.675,0.95,3.675000000000182,23.75,48.74256588080081
4925.0,3.6725,0.951,3.674791666666844,23.75,48.6930181181651
4930.0,3.6725,0.949,3.6745833333335063,23.75,48.643496419581254
4935.0,3.6725000000000003,0.954,3.6743750000001683,23.75,48.59389652884176
4940.0,3.6700000000000004,0.948,3.6739583333334926,23.75,48.544322702154155
4945.0,3.6700000000000004,0.949,3.6735416666668166,23.75,48.49487919572598
4950.0,3.6700000000000004,0.947,3.673125000000141,23.75,48.44546175334968
4955.0,3.6700000000000004,0.949,3.6727083333334654,23.75,48.396044310973394
4960.0,3.6700000000000004,0.949,3.6722916666667893,23.75,48.346574740493345
4965.0,3.665,0.949,3.671458333333438,23.75,48.297105170013275
4970.0,3.665,0.9495,3.6706250000000864,23.75,48.247622567507264
4975.0,3.665,0.945,3.6697916666667347,23.75,48.19824422120881
4980.0,3.665,0.949,3.6689583333333835,23.75,48.14887890693629
4985.0,3.665,0.948,3.66833333333337,23.75,48.09943540050811
4990.0,3.665,0.948,3.667708333333356,23.75,48.05001795813182
4995.0,3.665,0.949,3.6670833333333426,23.75,48.00057445170365
5000.0,3.665,0.9495,3.6666666666666665,23.75,47.95109184919764
5005.0,3.665,0.947,3.666249999999991,23.75,47.9016613747954
5010.0,3.665,0.947,3.6658333333333153,23.75,47.85229606052288
5015.0,3.665,0.947,3.6654166666666392,23.75,47.80293074625037
5020.0,3.665,0.947,3.6649999999999636,23.75,47.753565431977854
5025.0,3.665,0.949,3.6649999999999636,23.75,47.704147989601566
5030.0,3.665,0.949,3.6649999999999636,23.75,47.65467841912151
5035.0,3.6637500000000003,0.947,3.6648958333333135,23.75,47.605260976745214
5040.0,3.665,0.949,3.6648958333333135,23.75,47.555843534368925
5045.0,3.6625,0.948,3.664687499999976,23.75,47.50640002794074
5050.0,3.66,0.946,3.6642708333333,23.75,47.457034713668236
5055.0,3.66,0.947,3.6638541666666242,23.75,47.407695463447595
5060.0,3.66,0.947,3.6634374999999486,23.75,47.35833014917509
5065.0,3.66,0.9495,3.6630208333332726,23.75,47.30889967477285
5070.0,3.6550000000000002,0.949,3.662187499999959,23.75,47.25941707226684
5075.0,3.6550000000000002,0.946,3.6613541666666456,23.75,47.210025693942434
5080.0,3.6550000000000002,0.948,3.6605208333333317,23.72,47.16066037966991
5085.0,3.6550000000000002,0.949,3.659687500000018,23.75,47.111216873241744
5090.0,3.6550000000000002,0.946,3.6588541666667047,23.75,47.06182549491733
5095.0,3.6550000000000002,0.9464999999999999,3.658125000000041,23.75,47.01249927672265
5100.0,3.6550000000000002,0.945,3.6572916666667274,23.75,46.963199122579844
5105.0,3.6550000000000002,0.945,3.6566666666667516,23.75,46.91393806451487
5110.0,3.6550000000000002,0.948,3.6562500000001137,23.75,46.86459881429423
5115.0,3.6550000000000002,0.945,3.655833333333476,23.75,46.8152595640736
5120.0,3.6550000000000002,0.945,3.655416666666838,23.75,46.76599850600862
5125.0,3.6550000000000002,0.948,3.6550000000002,23.69,46.71665925578799
5130.0,3.6550000000000002,0.949,3.6550000000002,23.75,46.66721574935981
5135.0,3.6550000000000002,0.947,3.6550000000002,23.75,46.61779830698352
5140.0,3.6550000000000002,0.947,3.6550000000002,23.72,46.56843299271101
5145.0,3.6525,0.944,3.654791666666862,23.75,46.519145870594144
5150.0,3.6525000000000003,0.945,3.6545833333335245,23.69,46.469910876581054
5155.0,3.65125,0.9444999999999999,3.6542708333334986,23.75,46.42066285054203
5160.0,3.6500000000000004,0.949,3.653854166666823,23.75,46.371310568295456
5165.0,3.6500000000000004,0.945,3.653437500000147,23.75,46.321945254022936
5170.0,3.6500000000000004,0.9444999999999999,3.6530208333334713,23.75,46.272697227983905
5175.0,3.6500000000000004,0.945,3.6526041666667957,23.75,46.223449201944874
5180.0,3.6449999999999996,0.94,3.651770833333444,23.75,46.17431846413933
5185.0,3.6449999999999996,0.9444999999999999,3.6509375000000923,23.75,46.12520075835973
5190.0,3.6449999999999996,0.944,3.650104166666741,23.75,46.075978796372596
5195.0,3.6449999999999996,0.944,3.6492708333333894,23.75,46.026769866411385
5200.0,3.6449999999999996,0.9435,3.6484375000000377,23.75,45.97757396847613
5205.0,3.6449999999999996,0.942,3.647812500000024,23.75,45.92843019864464
5210.0,3.6449999999999996,0.944,3.6471875000000105,23.75,45.87927339678721
5215.0,3.6449999999999996,0.9435,3.6466666666666847,23.75,45.83007749885196
5220.0,3.6449999999999996,0.945,3.646250000000009,23.75,45.78085553686482
5225.0,3.6449999999999996,0.944,3.6458333333333335,23.75,45.731620542851736
5230.0,3.6449999999999996,0.945,3.6454166666666574,23.75,45.682385548838646
5235.0,3.6449999999999996,0.942,3.644999999999982,23.75,45.63320268292933
5240.0,3.6449999999999996,0.944,3.644999999999982,23.75,45.5840458810719
5245.0,3.6449999999999996,0.942,3.644999999999982,23.72,45.534889079214466
5250.0,3.6449999999999996,0.944,3.644999999999982,23.69,45.48573227735705
5255.0,3.6449999999999996,0.942,3.644999999999982,23.75,45.436575475499616
5260.0,3.6425,0.942,3.644791666666644,23.75,45.387470801745955
5265.0,3.6425,0.944,3.644583333333306,23.75,45.33831399988853
5270.0,3.6400000000000006,0.944,3.64416666666663,23.75,45.289105069927324
5275.0,3.6400000000000006,0.94,3.6437499999999545,23.75,45.24000039617366
5280.0,3.6400000000000006,0.942,3.643333333333279,23.75,45.19094785052379
5285.0,3.6375,0.945,3.6427083333332653,23.75,45.141764984614476
5290.0,3.63625,0.944,3.6419791666666015,23.75,45.092529990601385
5295.0,3.63625,0.942,3.6412499999999,23.75,45.04337318874395
5300.0,3.635,0.942,3.6404166666665865,23.75,44.994268514990296
5305.0,3.635,0.942,3.6395833333332726,23.75,44.94516384123665
5310.0,3.635,0.9424999999999999,3.638749999999959,23.75,44.89604613545705
5315.0,3.635,0.942,3.6379166666666456,23.75,44.84692842967743
5320.0,3.635,0.941,3.6372916666666697,23.72,44.79784981997567
5325.0,3.635,0.941,3.636666666666694,23.69,44.74879727432578
5330.0,3.635,0.942,3.636250000000056,23.75,44.69971866462401
5335.0,3.635,0.942,3.635833333333418,23.72,44.65061399087035
5340.0,3.635,0.9415,3.63541666666678,23.69,44.60152234914264
5345.0,3.635,0.945,3.6352083333334804,23.69,44.552352515259265
5350.0,3.635,0.9395,3.6351041666668302,23.75,44.503234809479665
5355.0,3.635,0.9395,3.6350000000002183,23.75,44.45426045598544
5360.0,3.635,0.944,3.6350000000002183,23.75,44.40516881425772
5365.0,3.63375,0.9395,3.6348958333335304,23.72,44.356077172530014
5370.0,3.63,0.942,3.6344791666668548,23.69,44.307037658906076
5375.0,3.6325000000000003,0.939,3.634270833333479,23.69,44.25801117730808
5380.0,3.63,0.9404999999999999,3.633854166666803,23.72,44.209023791787914
5385.0,3.63,0.9385,3.6334375000001273,23.69,44.16004943829368
5390.0,3.63,0.942,3.6330208333334517,23.75,44.111035988721625
5395.0,3.6275,0.942,3.6323958333334,23.69,44.06193131496797
5400.0,3.6262499999999998,0.943,3.6316666666667365,23.69,44.01280057716244
5405.0,3.6275,0.939,3.6310416666666847,23.69,43.96374803151255
5410.0,3.625,0.94,3.6302083333333335,23.69,43.91477367801833
5415.0,3.625,0.94,3.629374999999982,23.72,43.86577326047222
5420.0,3.625,0.935,3.62854166666663,23.75,43.816903163185536
5425.0,3.625,0.94,3.627812499999967,23.69,43.76803306589886
5430.0,3.625,0.939,3.6273958333332907,23.72,43.719058712404625
5435.0,3.625,0.935,3.6267708333333153,23.69,43.67021467916983
5440.0,3.625,0.939,3.6263541666666392,23.69,43.62137064593503
5445.0,3.625,0.938,3.6259374999999636,23.69,43.572448420544575
5450.0,3.625,0.939,3.625520833333288,23.69,43.523526195154126
5455.0,3.625,0.939,3.6253124999999877,23.69,43.47457790571178
5460.0,3.625,0.9385,3.6252083333333,23.69,43.425642648295394
5465.0,3.6225,0.94,3.6247916666667,23.69,43.376681326827104
5470.0,3.625,0.935,3.6247916666667,23.75,43.32781122954042
5475.0,3.625,0.9415,3.6247916666667,23.72,43.27890203617593
5480.0,3.6224999999999996,0.937,3.6245833333334,23.69,43.22994071470764
5485.0,3.6224999999999996,0.939,3.6243750000001,23.75,43.18104455336908
5490.0,3.6224999999999996,0.9365,3.6241666666668,23.75,43.13216142405645
5495.0,3.6224999999999996,0.939,3.6239583333335,23.75,43.08327829474382
5500.0,3.6199999999999997,0.937,3.6235416666668243,23.75,43.034382133405266
5505.0,3.6199999999999997,0.937,3.6231250000001487,23.72,42.98553810017046
5510.0,3.6174999999999997,0.94,3.622500000000173,23.75,42.93661587478002
5515.0,3.6174999999999997,0.937,3.621875000000197,23.75,42.88769364938956
5520.0,3.6174999999999997,0.9375,3.6212500000002215,23.75,42.83883658412883
5525.0,3.6149999999999998,0.937,3.6206250000001696,23.75,42.789979518868094
5530.0,3.6149999999999998,0.937,3.6197916666668184,23.75,42.74113548563329
5535.0,3.6149999999999998,0.935,3.6189583333334667,23.75,42.69234358050227
5540.0,3.6149999999999998,0.937,3.6183333333334153,23.75,42.64355167537124
5545.0,3.6149999999999998,0.935,3.6177083333333635,23.75,42.59475977024022
5550.0,3.6149999999999998,0.9345000000000001,3.617083333333312,23.75,42.54603302523891
5555.0,3.6149999999999998,0.937,3.6164583333332607,23.75,42.497254152133834
5560.0,3.6149999999999998,0.939,3.6160416666665847,23.75,42.44835799079527
5565.0,3.6149999999999998,0.936,3.615624999999909,23.75,42.39948789350859
5570.0,3.6149999999999998,0.935,3.6154166666665333,23.75,42.350722052429454
5575.0,3.6149999999999998,0.934,3.6152083333331575,23.75,42.3020083394541
5580.0,3.6149999999999998,0.9345000000000001,3.6149999999997817,23.72,42.25330765850468
5585.0,3.6149999999999998,0.9345000000000001,3.6149999999997817,23.72,42.204593945529325
5590.0,3.6149999999999998,0.934,3.6149999999997817,23.75,42.15589326457989
5595.0,3.6149999999999998,0.937,3.6149999999997817,23.72,42.10712742350077
5600.0,3.6137499999999996,0.9355,3.6148958333331698,23.72,42.058322486343805
5605.0,3.6125,0.935,3.6146874999998695,23.75,42.00956967729061
5610.0,3.6125,0.936,3.6144791666665697,23.69,41.96080383621147
5615.0,3.6125,0.933,3.61427083333327,23.72,41.91209012323611
5620.0,3.61,0.935,3.6138541666665938,23.75,41.863402474312636
5625.0,3.6087499999999997,0.9355,3.613333333333306,23.75,41.81464966525944
5630.0,3.6075,0.936,3.6127083333333303,23.75,41.76587079215436
5635.0,3.6075,0.935,3.6120833333333544,23.75,41.71710495107522
5640.0,3.6075,0.933,3.611458333333379,23.75,41.66841730215175
5645.0,3.6075,0.935,3.610833333333403,23.75,41.619729653228276
5650.0,3.605,0.934,3.6100000000000514,23.75,41.57101594025292
5655.0,3.605,0.9335,3.6091666666667,23.75,41.522341323355384
5660.0,3.605,0.935,3.6084374999999604,23.75,41.47364064240596
5665.0,3.605,0.935,3.607812499999909,23.75,41.42490086537871
5670.0,3.605,0.936,3.6071874999998577,23.72,41.37613502429958
5675.0,3.605,0.9345000000000001,3.606562499999806,23.72,41.32738221524638
5680.0,3.605,0.934,3.60614583333313,23.75,41.27868153429696
5685.0,3.605,0.934,3.6058333333330665,23.75,41.22999388537348
5690.0,3.605,0.9345000000000001,3.6056249999996908,23.75,41.18129320442405
5695.0,3.605,0.935,3.605416666666315,23.75,41.13256645942275
5700.0,3.605,0.932,3.605208333332939,23.75,41.083904874551166
5705.0,3.605,0.9335,3.6049999999995634,23.72,41.03528238575741
5710.0,3.605,0.932,3.6049999999995634,23.75,40.98665989696365
5715.0,3.605,0.93,3.6049999999995634,23.75,40.93812863235149
5720.0,3.6025,0.933,3.6047916666662636,23.75,40.88957130368745
5725.0,3.6025,0.932,3.6045833333329633,23.75,40.84096184691962
5730.0,3.6025,0.934,3.6043749999996635,23.75,40.792326326099925
5735.0,3.6025,0.932,3.6041666666663636,23.75,40.74369080528022
5740.0,3.6025,0.934,3.6039583333330634,23.75,40.695055284460516
5745.0,3.5999999999999996,0.93,3.6035416666664637,23.75,40.64647189174458
5750.0,3.59875,0.932,3.6030208333331757,23.75,40.597940627132424
5755.0,3.5974999999999997,0.93,3.6023958333332,23.75,40.54940936252027
5760.0,3.5974999999999997,0.934,3.6017708333332243,23.75,40.500825969804346
5765.0,3.5974999999999997,0.932,3.6011458333332484,23.75,40.45219044898464
5770.0,3.5974999999999997,0.93,3.6005208333332726,23.75,40.403659184372486
5775.0,3.5974999999999997,0.934,3.599895833333297,23.75,40.355075791656546
5780.0,3.595,0.934,3.599270833333321,23.75,40.30638814273308
5785.0,3.595,0.932,3.5986458333333453,23.75,40.25775262191337
5790.0,3.595,0.934,3.59802083333337,23.75,40.209117101093675
5795.0,3.595,0.934,3.597395833333394,23.75,40.160429452170185
5800.0,3.595,0.932,3.596770833333418,23.75,40.11179393135048
5805.0,3.595,0.934,3.5963541666667425,23.75,40.06315841053079
5810.0,3.595,0.9335,3.5960416666667547,23.75,40.01448379363325
5815.0,3.595,0.929,3.5958333333334545,23.75,39.96593949699515
5820.0,3.595,0.93,3.5956250000001546,23.75,39.91748642453865
5825.0,3.595,0.93,3.5954166666668548,23.75,39.86900728803027
5830.0,3.595,0.93,3.5952083333335545,23.75,39.820528151521884
5835.0,3.595,0.93,3.5950000000002547,23.75,39.7720490150135
5840.0,3.595,0.932,3.5950000000002547,23.75,39.72351775040135
5845.0,3.5925,0.93,3.594791666666879,23.75,39.67498648578919
5850.0,3.5925,0.929,3.594583333333503,23.75,39.62653341333269
5855.0,3.5925,0.932,3.5943750000001273,23.75,39.57802821277241
5860.0,3.5925,0.929,3.5941666666667516,23.75,39.529523012212145
5865.0,3.5925,0.929,3.5939583333333758,23.75,39.481096003807515
5870.0,3.5925,0.93,3.59375,23.75,39.43264293135101
5875.0,3.5900000000000003,0.9305000000000001,3.5933333333333244,23.75,39.384150762816695
5880.0,3.5900000000000003,0.929,3.5929166666666483,23.75,39.335684658334245
5885.0,3.5900000000000003,0.9295,3.5924999999999727,23.75,39.287244617903696
5890.0,3.5900000000000003,0.931,3.592083333333297,23.75,39.238752449369365
5895.0,3.5875000000000004,0.929,3.5914583333332453,23.75,39.19027331286098
5900.0,3.5875000000000004,0.931,3.590833333333194,23.75,39.1417941763526
5905.0,3.585,0.9295,3.590208333333218,23.75,39.09330200781827
5910.0,3.5875000000000004,0.932,3.5897916666665424,23.75,39.04478377523205
5915.0,3.585,0.93,3.5891666666665665,23.75,38.99625251061989
5920.0,3.585,0.9305000000000001,3.588541666666591,23.72,38.94776034208556
5925.0,3.585,0.934,3.587916666666615,23.69,38.899163917343685
5930.0,3.585,0.928,3.5872916666666392,23.75,38.850632652731534
5935.0,3.585,0.9305000000000001,3.5868749999999636,23.75,38.80219261230098
5940.0,3.585,0.932,3.586458333333288,23.75,38.75364831566287
5945.0,3.585,0.931,3.586041666666612,23.75,38.705090986998826
5950.0,3.585,0.9295,3.5856249999999363,23.75,38.656598818464495
5955.0,3.585,0.93,3.5854166666666365,23.75,38.608132713982044
5960.0,3.585,0.9295,3.585208333333336,23.75,38.5596666094996
5965.0,3.585,0.928,3.585208333333336,23.75,38.51125263312093
5970.0,3.585,0.93,3.5850000000000364,23.75,38.46282562471631
5975.0,3.585,0.928,3.5850000000000364,23.75,38.41439861631169
5980.0,3.58375,0.927,3.5848958333333485,23.75,38.36604980006274
5985.0,3.5825,0.93,3.5846875000000487,23.75,38.317648855710004
5990.0,3.58,0.927,3.5842708333333726,23.75,38.26924791135728
5995.0,3.58125,0.9285000000000001,3.583958333333385,23.75,38.22088606308238
6000.0,3.58,0.929,3.5835416666667093,23.75,38.17247208670371
6005.0,3.58,0.927,3.583125000000033,23.75,38.124097206402865
6010.0,3.5787500000000003,0.928,3.5826041666666697,23.75,38.07574839015392
6015.0,3.5775,0.927,3.581979166666694,23.75,38.027399573904965
6020.0,3.5775,0.929,3.5813541666667184,23.75,37.97902469360411
6025.0,3.5775,0.929,3.5807291666667425,23.75,37.930597685199494
6030.0,3.5775,0.925,3.5801041666667666,23.75,37.88227493300242
6035.0,3.5775,0.927,3.579479166666791,23.75,37.83400430890913
6040.0,3.5775,0.927,3.578958333333503,23.78,37.785681556712056
6045.0,3.5775,0.927,3.5785416666668275,23.81,37.73735880451498
6050.0,3.5775,0.925,3.578333333333527,23.81,37.689088180421685
6055.0,3.575,0.9245000000000001,3.5778125000001637,23.78,37.6408827164581
6060.0,3.575,0.929,3.577395833333488,23.81,37.592572996286975
6065.0,3.575,0.925,3.576979166666812,23.81,37.5442502440899
6070.0,3.575,0.929,3.5766666666668243,23.81,37.495927491892836
6075.0,3.575,0.925,3.5764583333334485,23.81,37.44760473969577
6080.0,3.575,0.927,3.5762500000000728,23.81,37.399334115602464
6085.0,3.575,0.926,3.576041666666697,23.81,37.35103742745729
6090.0,3.575,0.925,3.575833333333321,23.75,37.30279286741588
6095.0,3.575,0.93,3.5756249999999454,23.81,37.25444405116692
6100.0,3.575,0.927,3.5754166666665697,23.81,37.2060431068142
6105.0,3.575,0.925,3.575208333333194,23.81,37.15777248272091
6110.0,3.575,0.927,3.574999999999818,23.81,37.1095018586276
6115.0,3.5725000000000002,0.927,3.5747916666665183,23.78,37.06117910643053
6120.0,3.5725000000000002,0.93,3.574583333333218,23.81,37.01277816207781
6125.0,3.5725000000000002,0.929,3.574374999999918,23.81,36.96432508962131
6130.0,3.5725000000000002,0.9235,3.5741666666666183,23.81,36.916041433502066
6135.0,3.5725000000000002,0.925,3.573958333333318,23.81,36.86786203359037
6140.0,3.5725000000000002,0.924,3.573750000000018,23.81,36.81966960165273
6145.0,3.5700000000000003,0.926,3.5733333333333426,23.81,36.7714511056632
6150.0,3.5700000000000003,0.925,3.5729166666666665,23.81,36.72320654562179
6155.0,3.5700000000000003,0.929,3.572499999999991,23.81,36.67488379342472
6160.0,3.56875,0.9245000000000001,3.571979166666703,23.81,36.62657407325359
6165.0,3.56875,0.926,3.5714583333334153,23.81,36.57834254523813
6170.0,3.5700000000000003,0.927,3.5710416666667393,23.81,36.53004585709295
6175.0,3.56875,0.9245000000000001,3.5707291666667516,23.81,36.48178826502559
6180.0,3.5675000000000003,0.926,3.570312500000076,23.81,36.43355673701012
6185.0,3.5650000000000004,0.925,3.569687500000024,23.81,36.38531217696872
6190.0,3.5650000000000004,0.925,3.5690624999999727,23.81,36.337093680979194
6195.0,3.5650000000000004,0.9245000000000001,3.5684374999999213,23.81,36.28888821701561
6200.0,3.5650000000000004,0.924,3.5678124999998695,23.81,36.240708817103915
6205.0,3.5650000000000004,0.9245000000000001,3.567395833333194,23.81,36.19252941719222
6210.0,3.5650000000000004,0.9245000000000001,3.5669791666665183,23.81,36.144336985254576
6215.0,3.5650000000000004,0.929,3.566562499999842,23.81,36.09602726508345
6220.0,3.5650000000000004,0.9235,3.5662499999997785,23.81,36.04774360896421
6225.0,3.5650000000000004,0.925,3.565937499999715,23.81,35.999564209052515
6230.0,3.5650000000000004,0.927,3.5655208333330393,23.81,35.951293584959224
6235.0,3.5650000000000004,0.926,3.5652083333329756,23.81,35.90299689681403
6240.0,3.5650000000000004,0.924,3.5649999999996,23.81,35.854778400824515
6245.0,3.5650000000000004,0.925,3.5649999999996,23.87,35.80658596888687
6250.0,3.56375,0.925,3.564895833332988,23.81,35.75836747289735
6255.0,3.5625,0.923,3.5646874999996876,23.81,35.7102011050116
6260.0,3.5625,0.927,3.5644791666663878,23.81,35.66198260902207
6265.0,3.5625,0.925,3.564270833333088,23.81,35.61371198492878
6270.0,3.5625,0.924,3.5640624999997876,23.81,35.565519552991134
6275.0,3.5625,0.924,3.563854166666488,23.81,35.517353185105385
6280.0,3.5599999999999996,0.924,3.5634374999998877,23.81,35.46918681721964
6285.0,3.5599999999999996,0.925,3.563020833333288,23.84,35.420994385281986
6290.0,3.5599999999999996,0.924,3.562604166666688,23.81,35.37280195334434
6295.0,3.5599999999999996,0.925,3.5621875000000878,23.81,35.3246095214067
6300.0,3.5599999999999996,0.923,3.561770833333488,23.84,35.27644315352095
6305.0,3.5599999999999996,0.922,3.561354166666888,23.81,35.22835497779086
6310.0,3.5599999999999996,0.924,3.5610416666669003,23.81,35.180240738008884
6315.0,3.55875,0.923,3.560729166666912,23.81,35.13210043417501
6320.0,3.5575,0.924,3.5603125000002365,23.81,35.08396013034114
6325.0,3.5549999999999997,0.925,3.5596875000002606,23.81,35.0357676984035
6330.0,3.55625,0.922,3.559166666666897,23.84,34.98762739456963
6335.0,3.5549999999999997,0.922,3.558541666666921,23.81,34.93956528289143
6340.0,3.5549999999999997,0.924,3.5581250000002456,23.87,34.891451043109456
6345.0,3.5549999999999997,0.922,3.55770833333357,23.84,34.843336803327475
6350.0,3.5549999999999997,0.922,3.557291666666894,23.87,34.79527469164927
6355.0,3.5549999999999997,0.925,3.5568750000002183,23.87,34.74713438781541
6360.0,3.5549999999999997,0.923,3.5564583333335427,23.87,34.69896801992965
6365.0,3.5549999999999997,0.925,3.5560416666668666,23.87,34.6508016520439
6370.0,3.5549999999999997,0.92,3.555625000000191,23.87,34.60271347631381
6375.0,3.5549999999999997,0.9225000000000001,3.5553125000002033,23.87,34.55469046071343
6380.0,3.5549999999999997,0.924,3.555104166666903,23.87,34.5065631889055
6385.0,3.5525,0.924,3.554895833333527,23.87,34.458396821019754
6390.0,3.5549999999999997,0.922,3.5547916666669153,23.87,34.41028258123778
6395.0,3.5525,0.922,3.5545833333335395,23.87,34.36222046955958
6400.0,3.5525,0.922,3.5543750000001637,23.87,34.314158357881375
6405.0,3.5525,0.922,3.554166666666788,23.87,34.26609624620317
6410.0,3.5525,0.922,3.553958333333412,23.87,34.21803413452496
6415.0,3.5525,0.924,3.5537500000000364,23.87,34.16991989474298
6420.0,3.5525,0.922,3.5535416666666606,23.87,34.121805654961015
6425.0,3.55,0.922,3.553124999999985,23.87,34.07374354328281
6430.0,3.55,0.924,3.552708333333309,23.87,34.02562930350083
6435.0,3.55,0.9205000000000001,3.5522916666666333,23.87,33.97755415979668
6440.0,3.55,0.92,3.5518749999999577,23.87,33.92958327230008
6445.0,3.55,0.924,3.5516666666666574,23.87,33.88152116062187
6450.0,3.55,0.923,3.551249999999982,23.87,33.83338085678801
6455.0,3.54875,0.921,3.550937499999994,23.905,33.785318745109805
6460.0,3.55,0.922,3.550729166666694,23.87,33.73728269748349
6465.0,3.54875,0.921,3.550416666666706,23.905,33.68924664985716
6470.0,3.5462499999999997,0.9195,3.549895833333418,23.94,33.64127576236056
6475.0,3.545,0.919,3.5492708333334426,23.94,33.59335700296773
6480.0,3.545,0.921,3.5486458333334667,23.94,33.545399147497065
6485.0,3.545,0.9205000000000001,3.548229166666791,23.94,33.49740219594857
6490.0,3.545,0.919,3.547812500000115,23.94,33.44945737250386
6495.0,3.545,0.921,3.5473958333334394,23.94,33.40149951703319
6500.0,3.545,0.922,3.546979166666764,23.94,33.35346346940686
6505.0,3.545,0.919,3.5465625000000878,23.94,33.30547954988432
6510.0,3.545,0.919,3.546145833333412,23.94,33.25757382251743
6515.0,3.545,0.9195,3.5458333333334244,23.94,33.2096550631246
6520.0,3.545,0.92,3.5454166666667484,23.94,33.16171023967988
6525.0,3.545,0.92,3.5451041666667606,23.94,33.11375238420921
6530.0,3.5437499999999997,0.918,3.544895833333385,23.94,33.06584665684231
6535.0,3.5424999999999995,0.919,3.544687500000009,23.94,33.01796699352732
6540.0,3.5424999999999995,0.918,3.5444791666666333,23.94,32.970087330212316
6545.0,3.5424999999999995,0.9185000000000001,3.5442708333332575,23.94,32.922220698923255
6550.0,3.5424999999999995,0.915,3.5440624999998818,23.94,32.874432259789856
6555.0,3.5424999999999995,0.918,3.543854166666506,23.94,32.82665685268239
6560.0,3.5399999999999996,0.9185000000000001,3.5434374999998304,23.94,32.77879022139333
6565.0,3.5399999999999996,0.919,3.5430208333331543,23.94,32.73089752605238
6570.0,3.5399999999999996,0.917,3.5426041666664787,23.94,32.68304392678926
6575.0,3.5399999999999996,0.918,3.542187499999803,23.94,32.635216391578034
6580.0,3.5399999999999996,0.917,3.541770833333127,23.94,32.58738885636681
6585.0,3.5399999999999996,0.92,3.5413541666664514,24.0,32.539509193051806
6590.0,3.5387499999999994,0.9205000000000001,3.540937499999776,24.0,32.4915383055552
6595.0,3.5374999999999996,0.92,3.5405208333331757,24.0,32.443567418058606
6600.0,3.5374999999999996,0.913,3.5401041666665756,24.0,32.39579201095114
6605.0,3.53625,0.92,3.539583333333288,24.0,32.348016603843675
6610.0,3.5349999999999997,0.917,3.538958333333312,24.0,32.30013694052868
6615.0,3.5349999999999997,0.92,3.538333333333336,24.0,32.25225727721367
6620.0,3.5349999999999997,0.917,3.5379166666666606,24.0,32.20437761389867
6625.0,3.5349999999999997,0.92,3.537499999999985,24.0,32.15649795058367
6630.0,3.5349999999999997,0.92,3.537083333333309,24.0,32.108540095113
6635.0,3.5349999999999997,0.919,3.5366666666666333,24.0,32.060608303694224
6640.0,3.5349999999999997,0.919,3.5362499999999577,24.0,32.012702576327335
6645.0,3.5349999999999997,0.919,3.5358333333332816,24.0,31.964796848960443
6650.0,3.5349999999999997,0.916,3.535520833333294,24.0,31.91696931374922
6655.0,3.5349999999999997,0.917,3.535312499999918,24.0,31.869193906641758
6660.0,3.5349999999999997,0.915,3.5351041666665424,24.0,31.821444563586187
6665.0,3.5337499999999995,0.9195,3.5348958333331666,24.0,31.773630060400894
6670.0,3.5324999999999998,0.919,3.5346874999998668,24.0,31.725711301008065
6675.0,3.5324999999999998,0.919,3.5344791666665665,24.0,31.677805573641173
6680.0,3.5324999999999998,0.919,3.5342708333332666,24.0,31.629899846274277
6685.0,3.5324999999999998,0.92,3.534062499999967,24.06,31.5819680548555
6690.0,3.53,0.92,3.5336458333332907,24.06,31.534010199384845
6695.0,3.53,0.916,3.533229166666615,24.06,31.486156600121728
6700.0,3.53,0.913,3.5328124999999395,24.06,31.438485449221808
6705.0,3.53,0.917,3.5323958333332635,24.06,31.390788234270005
6710.0,3.53,0.918,3.531979166666588,24.06,31.342960699058786
6715.0,3.53,0.917,3.5315624999999122,24.06,31.295133163847556
6720.0,3.53,0.915,3.531145833333236,24.06,31.247383820791985
6725.0,3.5287499999999996,0.916,3.5307291666666365,24.06,31.199660541788298
6730.0,3.5275,0.915,3.5303124999999604,24.06,31.1519372627846
6735.0,3.5275,0.919,3.529895833333285,24.06,31.104135791625264
6740.0,3.5275,0.917,3.529479166666609,24.06,31.05628219236214
6745.0,3.5275,0.916,3.529062499999933,24.06,31.008506785254674
6750.0,3.525,0.915,3.5286458333332575,24.06,30.960783506250987
6755.0,3.525,0.9145000000000001,3.528229166666582,24.06,30.913099323325135
6760.0,3.525,0.916,3.527812499999906,24.06,30.865389076347395
6765.0,3.525,0.915,3.5273958333332303,24.06,30.817665797343707
6770.0,3.525,0.917,3.5269791666665546,24.09,30.769916454288136
6775.0,3.525,0.916,3.5265624999998786,24.06,30.722141047180674
6780.0,3.525,0.915,3.526145833333203,24.06,30.674417768176976
6785.0,3.525,0.916,3.5258333333331393,24.09,30.62669448917329
6790.0,3.525,0.915,3.5256249999997635,24.12,30.578971210169602
6795.0,3.5225,0.913,3.525208333333088,24.12,30.531326123321577
6800.0,3.5225,0.913,3.524791666666412,24.12,30.48373316457733
6805.0,3.5225,0.916,3.5243749999997362,24.12,30.43606201367741
6810.0,3.52,0.917,3.523958333333136,24.12,30.38828660656995
6815.0,3.52,0.916,3.5235416666665365,24.12,30.340511199462483
6820.0,3.51875,0.915,3.5230208333332484,24.12,30.292787920458796
6825.0,3.52,0.915,3.5226041666666483,24.12,30.245090705506993
6830.0,3.52,0.914,3.5221875000000487,24.12,30.197419554607087
6835.0,3.5175,0.915,3.5215625000000728,24.12,30.149748403707164
6840.0,3.5175,0.915,3.520937500000097,24.12,30.102051188755375
6845.0,3.51875,0.914,3.5204166666668093,24.12,30.054380037855456
6850.0,3.5175,0.913,3.5197916666668334,24.155,30.006761015059315
6855.0,3.5175,0.915,3.519375000000158,24.19,29.95911592821129
6860.0,3.5175,0.913,3.5189583333334817,24.19,29.911470841363265
6865.0,3.5175,0.916,3.518541666666806,24.19,29.863799690463345
6870.0,3.5175,0.915,3.5183333333334303,24.19,29.816076411459658
6875.0,3.5175,0.912,3.5181250000000546,24.19,29.768457388663517
6880.0,3.51625,0.9135,3.517916666666679,24.19,29.720877461945207
6885.0,3.5149999999999997,0.917,3.517500000000003,24.19,29.673167214967457
6890.0,3.5149999999999997,0.912,3.517083333333327,24.19,29.625496064067548
6895.0,3.5149999999999997,0.915,3.5168750000000273,24.19,29.577877041271392
6900.0,3.5149999999999997,0.913,3.5166666666667274,24.19,29.530231954423382
6905.0,3.5149999999999997,0.915,3.5163541666667393,24.19,29.482586867575357
6910.0,3.5149999999999997,0.914,3.5161458333334394,24.19,29.434915716675437
6915.0,3.5125,0.91,3.515729166666764,24.19,29.387374886034944
6920.0,3.51,0.912,3.515104166666788,24.19,29.33988618349823
6925.0,3.51,0.9135,3.514479166666812,24.19,29.29230625677992
6930.0,3.51,0.912,3.5138541666668366,24.19,29.24472633006161
6935.0,3.51,0.912,3.5132291666668607,24.19,29.197185499421117
6940.0,3.50875,0.911,3.512604166666885,24.19,29.149670732832522
6945.0,3.5075,0.913,3.5119791666668334,24.25,29.102129902192043
6950.0,3.5075,0.91,3.511354166666782,24.25,29.054615135603445
6955.0,3.5075,0.91,3.51072916666673,24.25,29.00717856117051
6960.0,3.5075,0.915,3.510104166666679,24.25,28.959611666478136
6965.0,3.5075,0.912,3.5094791666666274,24.25,28.911992643681995
6970.0,3.5075,0.908,3.5088541666665756,24.25,28.86455606924906
6975.0,3.5075,0.908,3.5084374999999,24.25,28.81722375102367
6980.0,3.5075,0.908,3.508229166666524,24.25,28.769891432798268
6985.0,3.5075,0.9115,3.5080208333331484,24.25,28.72246789039128
6990.0,3.5075,0.91,3.5078124999997726,24.25,28.67499221988051
6995.0,3.5075,0.912,3.507604166666397,24.25,28.6275035173438
7000.0,3.5050000000000003,0.909,3.507291666666409,24.25,28.58004087885898
7005.0,3.5075,0.908,3.507291666666409,24.25,28.532682496581707
7010.0,3.5050000000000003,0.908,3.507083333333109,24.31,28.485350178356306
7015.0,3.50375,0.908,3.506770833333121,24.28,28.438017860130916
7020.0,3.5050000000000003,0.912,3.5065624999998213,24.31,28.39058128569798
7025.0,3.5,0.912,3.5059374999998454,24.31,28.34304045505749
7030.0,3.5,0.9105000000000001,3.5053124999998695,24.31,28.29553872049484
7035.0,3.5,0.909,3.504687499999894,24.31,28.24811517808785
7040.0,3.5,0.912,3.504062499999918,24.31,28.200652539603034
7045.0,3.5,0.91,3.5034374999999423,24.31,28.15316383706632
7050.0,3.5,0.9115,3.502812499999967,24.31,28.10568816655554
7055.0,3.4975,0.91,3.501979166666691,24.31,28.058212496044778
7060.0,3.4975,0.908,3.501354166666715,24.31,28.01082804971562
7065.0,3.4975,0.911,3.5005208333334394,24.31,27.963417539334568
7070.0,3.4975,0.91,3.4998958333334635,24.31,27.915954900849748
7075.0,3.4975,0.908,3.499375000000176,24.31,27.86857045452058
7080.0,3.4975,0.9085000000000001,3.4987500000002,24.31,27.821225104269242
7085.0,3.4975,0.907,3.4985416666669003,24.31,27.7739058180698
7090.0,3.4975,0.9095,3.4983333333336,24.31,27.726560467818462
7095.0,3.4975,0.9075,3.4981250000003,24.34,27.67920208554119
7100.0,3.4975,0.912,3.4979166666670003,24.37,27.63177854313419
7105.0,3.4975,0.908,3.4977083333337,24.37,27.584341968701253
7110.0,3.495,0.906,3.4972916666670244,24.37,27.53706177857963
7115.0,3.49,0.905,3.496666666666973,24.37,27.489859780613667
7120.0,3.49,0.906,3.496041666666921,24.37,27.442657782647707
7125.0,3.4875000000000003,0.908,3.49520833333357,24.37,27.395377592526092
7130.0,3.49,0.905,3.494583333333518,24.37,27.348123466456354
7135.0,3.4875000000000003,0.9075,3.493750000000167,24.37,27.30088237241256
7140.0,3.4875000000000003,0.9085000000000001,3.492916666666815,24.37,27.25355005418717
7145.0,3.4875000000000003,0.907,3.4920833333334635,24.37,27.206230767987726
7150.0,3.4875000000000003,0.907,3.4912500000001123,24.37,27.158950577866104
7155.0,3.4875000000000003,0.9075,3.4904166666667606,24.37,27.111657355718542
7160.0,3.4875000000000003,0.905,3.489583333333409,24.37,27.06441626167475
7165.0,3.4875000000000003,0.908,3.4887500000000577,24.37,27.017162135605012
7170.0,3.4875000000000003,0.908,3.488125000000082,24.37,26.96982981737962
7175.0,3.4875000000000003,0.907,3.487916666666782,24.37,26.922523563206113
7180.0,3.4875000000000003,0.908,3.4877083333334817,24.37,26.875217309032596
7185.0,3.4875000000000003,0.9065000000000001,3.4877083333334817,24.37,26.827924086885034
7190.0,3.4875000000000003,0.903,3.487500000000182,24.37,26.780761184996905
7195.0,3.4875000000000003,0.905,3.487500000000182,24.44,26.733637379186593
7200.0,3.4825000000000004,0.9075,3.4870833333335063,24.405,26.6863962851428
7205.0,3.4825000000000004,0.907,3.4866666666668302,24.44,26.63910306299524
7210.0,3.4800000000000004,0.907,3.486041666666779,24.44,26.591822872873617
7215.0,3.4775,0.9025000000000001,3.485208333333427,24.44,26.544659970985485
7220.0,3.4775,0.905,3.484375000000076,24.44,26.49754919720112
7225.0,3.4775,0.903,3.4835416666667243,24.44,26.45042539139082
7230.0,3.4775,0.905,3.4827083333333726,24.44,26.403301585580508
7235.0,3.4775,0.905,3.4818750000000214,24.44,26.35612565166644
7240.0,3.4775,0.905,3.4810416666666697,24.44,26.308949717752363
7245.0,3.4775,0.903,3.480208333333318,24.44,26.26182591194206
7250.0,3.4775,0.905,3.479374999999967,24.44,26.21470210613175
7255.0,3.4775,0.902,3.478541666666615,24.44,26.167604364373332
7260.0,3.4775,0.9025000000000001,3.4781249999999395,24.44,26.12057178274464
7265.0,3.4775,0.902,3.4777083333332635,24.44,26.07353920111595
7270.0,3.4775,0.902,3.4774999999999636,24.44,26.02651965151318
7275.0,3.4775,0.905,3.4774999999999636,24.44,25.979421909754763
7280.0,3.4775,0.902,3.4774999999999636,24.44,25.932324167996356
7285.0,3.4775,0.905,3.4774999999999636,24.5,25.88522642623794
7290.0,3.47125,0.901,3.4769791666666,24.5,25.838154748531405
7295.0,3.4675000000000002,0.903,3.4761458333332484,24.5,25.79113519892864
7300.0,3.4675000000000002,0.905,3.4753124999998968,24.5,25.74401139311834
7305.0,3.4675000000000002,0.901,3.4744791666665455,24.5,25.696939715411805
7310.0,3.4675000000000002,0.905,3.473645833333194,24.5,25.64986803770527
7315.0,3.4675000000000002,0.903,3.472812499999842,24.5,25.60274423189496
7320.0,3.4675000000000002,0.9025000000000001,3.471979166666491,24.5,25.555685586214373
7325.0,3.4675000000000002,0.901,3.4711458333331393,24.5,25.508679068637562
7330.0,3.4675000000000002,0.9,3.4703124999997876,24.5,25.46173771119047
7335.0,3.4675000000000002,0.901,3.4694791666664364,24.5,25.414796353743373
7340.0,3.4675000000000002,0.901,3.4686458333330847,24.5,25.367828932244386
7345.0,3.4675000000000002,0.903,3.467812499999733,24.5,25.320809382641617
7350.0,3.4675000000000002,0.902,3.4674999999997453,24.5,25.273763768986978
7355.0,3.4675000000000002,0.901,3.4674999999997453,24.5,25.226770283436117
7360.0,3.4675000000000002,0.903,3.4674999999997453,24.5,25.17975073383335
7365.0,3.4675000000000002,0.899,3.4674999999997453,24.5,25.13278331233436
7370.0,3.4675000000000002,0.9025000000000001,3.4674999999997453,24.5,25.08582892286133
7375.0,3.4675000000000002,0.9,3.4674999999997453,24.5,25.038848469336394
7380.0,3.465,0.9025000000000001,3.4672916666664455,24.5,24.99186801581146
7385.0,3.4625000000000004,0.9025000000000001,3.4668749999997694,24.5,24.94482240215682
7390.0,3.46,0.903,3.466249999999794,24.5,24.89776375647623
7395.0,3.46,0.9015,3.465624999999818,24.5,24.85073117484754
7400.0,3.46,0.9,3.464999999999842,24.5,24.8037767853745
7405.0,3.46,0.898,3.4643749999998668,24.5,24.756913620083054
7410.0,3.45875,0.901,3.463645833333203,24.53,24.710024390739726
7415.0,3.4575,0.899,3.4628124999999272,24.53,24.663109097344517
7420.0,3.4575,0.9,3.4619791666666515,24.5,24.616219868001178
7425.0,3.4575,0.9,3.4611458333333758,24.53,24.569304574605965
7430.0,3.4575,0.9,3.4603125000001,24.56,24.522389281210756
7435.0,3.4575,0.9,3.4594791666668243,24.56,24.475473987815544
7440.0,3.4575,0.9,3.4588541666668484,24.56,24.42855869442033
7445.0,3.4575,0.898,3.4584375000002487,24.56,24.381695529128887
7450.0,3.4575,0.898,3.4582291666669485,24.56,24.33488449194122
7455.0,3.455,0.898,3.457812500000273,24.56,24.288073454753555
7460.0,3.455,0.898,3.4573958333335972,24.56,24.24126241756589
7465.0,3.455,0.897,3.456979166666921,24.56,24.194477444430106
7470.0,3.455,0.9,3.4566666666669335,24.56,24.147640343190556
7475.0,3.455,0.897,3.4564583333335577,24.56,24.100803241950995
7480.0,3.455,0.9,3.456250000000182,24.56,24.053966140711434
7485.0,3.455,0.898,3.456041666666806,24.56,24.007102975420004
7490.0,3.4524999999999997,0.899,3.4556250000001305,24.56,23.960265874180443
7495.0,3.4524999999999997,0.898,3.4552083333334545,24.56,23.913428772940883
7500.0,3.4524999999999997,0.898,3.454791666666779,24.56,23.866617735753216
7505.0,3.4524999999999997,0.898,3.4543750000001032,24.56,23.81980669856555
7510.0,3.4524999999999997,0.898,3.453958333333427,24.56,23.772995661377884
7515.0,3.4524999999999997,0.897,3.4537500000001273,24.56,23.726210688242098
7520.0,3.45125,0.899,3.4534375000001396,24.56,23.679399651054432
7525.0,3.4499999999999997,0.902,3.4530208333334635,24.56,23.63245829360734
7530.0,3.4475,0.898,3.452395833333488,24.56,23.585543000212127
7535.0,3.4475,0.8975,3.451770833333512,24.56,23.538744995050397
7540.0,3.4475,0.898,3.4511458333335363,24.56,23.491946989888667
7545.0,3.4475,0.897,3.450520833333561,24.56,23.445162016752885
7550.0,3.4475,0.897,3.450104166666885,24.56,23.398403107668997
7555.0,3.4475,0.898,3.449687500000209,24.56,23.351618134533215
7560.0,3.4475,0.898,3.4492708333335336,24.56,23.30480709734555
7565.0,3.445,0.895,3.4486458333334817,24.56,23.25807425231353
7570.0,3.445,0.895,3.4480208333334303,24.56,23.21141959943718
7575.0,3.445,0.898,3.447395833333379,24.56,23.164686754405174
7580.0,3.445,0.8985000000000001,3.446875000000015,24.56,23.11786268519156
7585.0,3.445,0.898,3.4464583333333394,24.56,23.071038615977947
7590.0,3.445,0.895,3.4462499999999636,24.56,23.02430577094594
7595.0,3.445,0.896,3.446041666666588,24.56,22.977625054017704
7600.0,3.445,0.897,3.445833333333212,24.56,22.930892208985696
7605.0,3.445,0.897,3.4456249999998363,24.56,22.884133299901798
7610.0,3.445,0.897,3.4454166666664605,24.56,22.83737439081791
7615.0,3.445,0.898,3.4452083333330847,24.56,22.790589417682128
7620.0,3.445,0.897,3.444999999999709,24.56,22.743804444546345
7625.0,3.445,0.895,3.444999999999709,24.59,22.697097663566225
7630.0,3.4425,0.895,3.444791666666409,24.59,22.65044301068987
7635.0,3.445,0.898,3.444791666666409,24.56,22.603710165657866
7640.0,3.4425,0.896,3.444583333333109,24.59,22.556951256573964
7645.0,3.4425,0.894,3.444374999999809,24.56,22.51029660369761
7650.0,3.4425,0.898,3.444166666666509,24.56,22.463589822717502
7655.0,3.4425,0.8985000000000001,3.443958333333209,24.59,22.41676575350389
7660.0,3.44125,0.896,3.443645833333221,24.62,22.36999381239405
7665.0,3.44,0.897,3.4432291666665455,24.62,22.323260967362035
7670.0,3.44,0.8965000000000001,3.4428124999998695,24.62,22.276515090304084
7675.0,3.4387499999999998,0.8975,3.442291666666582,24.56,22.229756181220182
7680.0,3.44,0.892,3.441874999999906,24.62,22.183114560369777
7685.0,3.4375,0.8955,3.4412499999999304,24.59,22.136525067623147
7690.0,3.4362500000000002,0.896,3.4407291666665665,24.59,22.089831318668963
7695.0,3.435,0.897,3.4398958333332907,24.62,22.043098473636956
7700.0,3.435,0.897,3.4392708333333153,24.56,21.996339564553057
7705.0,3.435,0.897,3.4386458333333394,24.59,21.94958065546917
7710.0,3.435,0.897,3.4380208333333635,24.62,21.902821746385282
7715.0,3.435,0.896,3.437395833333388,24.59,21.856088901353267
7720.0,3.435,0.895,3.4368750000001,24.62,21.809408184425028
7725.0,3.435,0.893,3.4364583333335,24.56,21.76280565965245
7730.0,3.435,0.895,3.4360416666669003,24.59,21.716203134879862
7735.0,3.435,0.895,3.435729166666912,24.59,21.66954848200351
7740.0,3.435,0.897,3.4353125000003124,24.62,21.622841701023397
7745.0,3.435,0.895,3.435104166667012,24.62,21.576134920043277
7750.0,3.435,0.8955,3.4350000000004,24.62,21.529467235140988
7755.0,3.435,0.893,3.4350000000004,24.62,21.482851678342474
7760.0,3.435,0.895,3.4350000000004,24.62,21.436249153569886
7765.0,3.4325,0.894,3.4347916666670244,24.62,21.389620564745428
7770.0,3.4325,0.897,3.4345833333336486,24.62,21.34293984781719
7775.0,3.4325,0.895,3.434375000000273,24.62,21.29623306683707
7780.0,3.4325,0.8925000000000001,3.434166666666897,24.62,21.249643574090438
7785.0,3.4325,0.893,3.4339583333335213,24.62,21.203106209447576
7790.0,3.43,0.893,3.4335416666668457,24.62,21.156555812778766
7795.0,3.42875,0.8935,3.4330208333334817,24.62,21.10999238408402
7800.0,3.43,0.892,3.432604166666806,24.62,21.063455019441157
7805.0,3.4275,0.893,3.4319791666667547,24.62,21.016930686824242
7810.0,3.4275,0.8925000000000001,3.431354166666703,24.62,20.97039332218138
7815.0,3.4275,0.895,3.4307291666666515,24.62,20.92380382943474
7820.0,3.4275,0.895,3.4301041666666,24.62,20.877149176558383
7825.0,3.4275,0.8925000000000001,3.429687499999924,24.62,20.830559683811757
7830.0,3.4275,0.893,3.4292708333332484,24.62,20.784022319168894
7835.0,3.4275,0.893,3.428854166666573,24.62,20.737471922500085
7840.0,3.425,0.893,3.428229166666597,24.62,20.690921525831275
7845.0,3.425,0.893,3.427604166666621,24.62,20.644371129162465
7850.0,3.425,0.893,3.4271874999999454,24.62,20.597820732493666
7855.0,3.425,0.8925000000000001,3.4268749999999577,24.62,20.551283367850804
7860.0,3.425,0.895,3.4264583333332816,24.62,20.504693875104163
7865.0,3.425,0.892,3.426249999999982,24.62,20.45811741438348
7870.0,3.425,0.894,3.426041666666682,24.62,20.41156701771467
7875.0,3.425,0.892,3.4258333333333817,24.62,20.36501662104586
7880.0,3.425,0.893,3.425625000000082,24.62,20.318492288428946
7885.0,3.425,0.8925000000000001,3.425416666666782,24.62,20.271954923786083
7890.0,3.425,0.892,3.4252083333334817,24.62,20.225443623195105
7895.0,3.425,0.89,3.425000000000182,24.62,20.178997482733852
7900.0,3.4225000000000003,0.891,3.424791666666806,24.62,20.13257740632447
7905.0,3.4225000000000003,0.89,3.4245833333334303,24.62,20.08615732991509
7910.0,3.4225000000000003,0.892,3.4243750000000546,24.62,20.039711189453836
7915.0,3.42,0.8925000000000001,3.423958333333379,24.62,19.993199888862854
7920.0,3.42,0.8935,3.423541666666703,24.62,19.946649492194048
7925.0,3.4175,0.892,3.4229166666666515,24.62,19.900112127551182
7930.0,3.41875,0.892,3.422395833333288,24.62,19.85361385898615
7935.0,3.41875,0.893,3.421874999999924,24.62,19.807089526369236
7940.0,3.4175,0.892,3.4212499999998727,24.62,19.76056519375232
7945.0,3.4175,0.891,3.4206249999998213,24.62,19.714092989239163
7950.0,3.4175,0.889,3.4199999999997694,24.62,19.667698976881674
7955.0,3.4175,0.892,3.419374999999718,24.62,19.621278900472305
7960.0,3.4175,0.891,3.4189583333330424,24.62,19.574806695959147
7965.0,3.4175,0.89,3.4185416666663664,24.62,19.528386619549774
7970.0,3.415,0.892,3.417916666666391,24.62,19.48194047908851
7975.0,3.41625,0.8925000000000001,3.4176041666664028,24.62,19.435429178497532
7980.0,3.41625,0.8915,3.417291666666415,24.69,19.3889309099325
7985.0,3.415,0.89,3.417083333333115,24.62,19.34249780149718
7990.0,3.415,0.891,3.416770833333127,24.655,19.296077725087812
7995.0,3.415,0.89,3.4164583333331393,24.62,19.24965764867843
8000.0,3.415,0.89,3.4162499999998395,24.62,19.203263636320944
8005.0,3.415,0.8915,3.416041666666539,24.62,19.156830527885628
8010.0,3.415,0.89,3.4158333333332394,24.62,19.11039741945032
8015.0,3.415,0.887,3.4156249999999395,24.62,19.064081599248482
8020.0,3.41125,0.89,3.4151041666666515,24.62,19.01776577904666
8025.0,3.41,0.8915,3.4144791666666756,24.655,18.97133267061134
8030.0,3.4075,0.892,3.4138541666667,24.62,18.924847434072255
8035.0,3.4075,0.888,3.4131250000000364,24.62,18.87845342171477
8040.0,3.4075,0.89,3.4123958333333726,24.655,18.83211153746105
8045.0,3.4075,0.89,3.411770833333397,24.62,18.785717525103564
8050.0,3.4075,0.888,3.4111458333334213,24.69,18.739375640849854
8055.0,3.4075,0.892,3.4105208333334454,24.69,18.692981628492365
8060.0,3.4075,0.888,3.40989583333347,24.69,18.64658761613488
8065.0,3.4075,0.887,3.409270833333494,24.69,18.60032392403682
8070.0,3.4075,0.888,3.408645833333518,24.69,18.554060231938763
8075.0,3.4075,0.887,3.4080208333335427,24.69,18.507796539840715
8080.0,3.4075,0.89,3.4077083333335545,24.69,18.461480719638878
8085.0,3.4075,0.89,3.4075000000002547,24.69,18.415086707281393
8090.0,3.4075,0.89,3.4075000000002547,24.69,18.368692694923904
8095.0,3.4075,0.888,3.4075000000002547,24.69,18.322350810670194
8100.0,3.40625,0.886,3.4073958333335668,24.69,18.27611318262402
8105.0,3.4075,0.887,3.4073958333335668,24.69,18.22990161862974
8110.0,3.4075,0.887,3.4073958333335668,24.69,18.183663990583565
8115.0,3.4050000000000002,0.885,3.407187500000191,24.69,18.137478490641158
8120.0,3.4050000000000002,0.888,3.406979166666815,24.69,18.091266926646878
8125.0,3.4050000000000002,0.887,3.4067708333334394,24.69,18.04500323454882
8130.0,3.4050000000000002,0.887,3.4065625000000637,24.69,17.998765606502644
8135.0,3.4050000000000002,0.887,3.406354166666688,24.69,17.952527978456466
8140.0,3.4000000000000004,0.885,3.4057291666666365,24.62,17.90634247851407
8145.0,3.4000000000000004,0.886,3.4051041666665847,24.62,17.860183042623557
8150.0,3.4000000000000004,0.888,3.4044791666665333,24.62,17.813945414577383
8155.0,3.3975,0.888,3.4036458333331816,24.69,17.76765565842744
8160.0,3.39875,0.888,3.403020833333206,24.655,17.72136590227751
8165.0,3.3975,0.887,3.4021874999998545,24.62,17.67510221017945
8170.0,3.3975,0.887,3.401354166666503,24.69,17.628864582133275
8175.0,3.3975,0.885,3.4007291666665274,24.655,17.582679082190865
8180.0,3.3975,0.88,3.4001041666665515,24.62,17.536676030611677
8185.0,3.3975,0.888,3.3994791666665756,24.62,17.490594786876812
8190.0,3.3975,0.885,3.3988541666666,24.655,17.444383222882532
8195.0,3.3975,0.883,3.3982291666666242,24.69,17.39830197914768
8200.0,3.3975,0.887,3.3980208333333244,24.62,17.35216860730905
8205.0,3.3975,0.8865000000000001,3.397812500000024,24.655,17.305944011288823
8210.0,3.3975,0.8875,3.3976041666667243,24.69,17.259706383242644
8215.0,3.3975,0.888,3.3976041666667243,24.69,17.21342965911864
8220.0,3.3962499999999998,0.887,3.3973958333333485,24.69,17.167165967020594
8225.0,3.3949999999999996,0.884,3.3971875000000487,24.69,17.121006531130078
8230.0,3.3949999999999996,0.887,3.3969791666667484,24.69,17.074847095239566
8235.0,3.3949999999999996,0.8855,3.3967708333334485,24.655,17.028648563271233
8240.0,3.39375,0.884,3.396458333333461,24.69,16.982528223458548
8245.0,3.3925,0.888,3.3960416666667848,24.62,16.93634272351615
8250.0,3.38875,0.8855,3.3953125000001214,24.62,16.890118127495914
8255.0,3.3875,0.883,3.3944791666667697,24.62,16.844023851735113
8260.0,3.3875,0.882,3.393645833333418,24.62,16.79802080015592
8265.0,3.3875,0.883,3.392812500000067,24.62,16.75201774857672
8270.0,3.3875,0.8825000000000001,3.391979166666715,24.62,16.70600166497158
8275.0,3.3875,0.882,3.3911458333333635,24.69,16.660011645418336
8280.0,3.3875,0.8825000000000001,3.3904166666667,24.655,16.61402162586508
8285.0,3.3875,0.88,3.3897916666666483,24.69,16.568083734415595
8290.0,3.3875,0.883,3.389166666666597,24.69,16.52213281094017
8295.0,3.3875,0.8825000000000001,3.3885416666665455,24.69,16.476116727335043
8300.0,3.3875,0.884,3.3880208333331816,24.655,16.43007457967801
8305.0,3.3875,0.883,3.387604166666506,24.69,16.384019399995054
8310.0,3.3875,0.882,3.387499999999818,24.655,16.338016348415852
8315.0,3.3875,0.881,3.387499999999818,24.69,16.29206542494043
8320.0,3.3875,0.883,3.387499999999818,24.69,16.24608843741312
8325.0,3.385,0.883,3.3872916666665183,24.62,16.200059321782046
8330.0,3.3825000000000003,0.8835,3.386874999999842,24.655,16.154017174125013
8335.0,3.3825000000000003,0.88,3.3864583333331666,24.62,16.108053218623652
8340.0,3.3775,0.882,3.385624999999815,24.62,16.062128359200123
8345.0,3.3775,0.8825000000000001,3.3847916666664637,24.62,16.01613833964687
8350.0,3.3775,0.882,3.383958333333112,24.62,15.970148320093614
8355.0,3.3775,0.883,3.3831249999997604,24.62,15.924145268514412
8360.0,3.3775,0.8805000000000001,3.382291666666409,24.655,15.878181313013052
8365.0,3.3775,0.878,3.3814583333330575,24.62,15.83234767777112
8370.0,3.3775,0.88,3.380624999999706,24.62,15.786527074555124
8375.0,3.3775,0.8815,3.3797916666663546,24.62,15.74061524715753
8380.0,3.3775,0.878,3.378958333333003,24.62,15.694755547863704
8385.0,3.375,0.88,3.378124999999651,24.62,15.648934944647708
8390.0,3.375,0.8825000000000001,3.3774999999996758,24.655,15.60299705319823
8395.0,3.375,0.882,3.3768749999997,24.69,15.557007033644975
8400.0,3.3725,0.878,3.3764583333330997,24.69,15.511134302325214
8405.0,3.3725,0.88,3.3760416666665,24.655,15.465313699109217
8410.0,3.3725,0.882,3.3756249999999,24.69,15.419388839685688
8415.0,3.3725,0.88,3.3752083333333,24.69,15.373463980262159
8420.0,3.3674999999999997,0.879,3.374375000000024,24.655,15.32761731299428
8425.0,3.3674999999999997,0.88,3.3735416666667484,24.69,15.2817706457264
8430.0,3.3674999999999997,0.878,3.3727083333334726,24.69,15.235950042510405
8435.0,3.3674999999999997,0.875,3.371875000000197,24.69,15.190259759553848
8440.0,3.3674999999999997,0.877,3.371041666666921,24.69,15.144595540649174
8445.0,3.3674999999999997,0.878,3.3704166666669457,24.62,15.098853129588841
8450.0,3.3674999999999997,0.876,3.36979166666697,24.69,15.05313678258039
8455.0,3.3674999999999997,0.878,3.369166666666994,24.69,15.00742043557194
8460.0,3.3649999999999998,0.878,3.3685416666669425,24.69,14.96165196045972
8465.0,3.3625,0.88,3.367708333333591,24.69,14.915831357243725
8470.0,3.3625,0.877,3.3668750000002396,24.69,14.870036818079624
8475.0,3.3625,0.875,3.366041666666888,24.69,14.82437259917495
8480.0,3.36,0.8775,3.3654166666668366,24.69,14.77869534824433
8485.0,3.36,0.878,3.3647916666667848,24.69,14.732939905158048
8490.0,3.36,0.875,3.3641666666667334,24.69,14.687249622201492
8495.0,3.3587499999999997,0.8775,3.3634375000000696,24.69,14.641572371270872
8500.0,3.3575,0.878,3.3626041666667184,24.69,14.59581692818459
8505.0,3.3575,0.877,3.3617708333333667,24.69,14.550074517124257
8510.0,3.3575,0.877,3.360937500000015,24.69,14.504358170115806
8515.0,3.35625,0.875,3.359999999999976,24.69,14.458693951211144
8520.0,3.355,0.873,3.3591666666666242,24.69,14.413133988514005
8525.0,3.35375,0.873,3.3584374999999604,24.69,14.367626153920654
8530.0,3.3525,0.875,3.357604166666609,24.69,14.322066191223515
8535.0,3.3525,0.878,3.3567708333332575,24.69,14.276375908266958
8540.0,3.3512500000000003,0.8775,3.3560416666665938,24.69,14.230620465180676
8545.0,3.3512500000000003,0.876,3.3553124999999304,24.69,14.184917150198162
8550.0,3.35,0.873,3.3544791666666547,24.69,14.13933112344916
8555.0,3.35,0.875,3.353749999999991,24.69,14.093771160752022
8560.0,3.3474999999999997,0.876,3.3529166666666392,24.75,14.04813300589922
8565.0,3.3474999999999997,0.873,3.352083333333288,24.69,14.002546979150221
8570.0,3.3462499999999995,0.8714999999999999,3.3511458333332484,24.69,13.95707824063469
8575.0,3.3449999999999998,0.873,3.350208333333285,24.72,13.911609502119159
8580.0,3.3449999999999998,0.873,3.349375000000009,24.75,13.86610166752581
8585.0,3.3449999999999998,0.873,3.3486458333333453,24.75,13.82059383293246
8590.0,3.34375,0.873,3.347916666666682,24.75,13.775085998339097
8595.0,3.3425000000000002,0.873,3.3470833333333303,24.75,13.729578163745748
8600.0,3.3425000000000002,0.8714999999999999,3.3463541666666665,24.75,13.684109425230218
8605.0,3.3425000000000002,0.87,3.345625000000003,24.75,13.638718878870348
8610.0,3.3425000000000002,0.875,3.3449999999999513,24.75,13.593237108328893
8615.0,3.34,0.872,3.3441666666666,24.75,13.547703209683636
8620.0,3.33875,0.8725,3.3434374999999363,24.75,13.502234471168117
8625.0,3.3375000000000004,0.873,3.3426041666665847,24.75,13.456739668600704
8630.0,3.3375000000000004,0.872,3.3418749999999213,24.75,13.411257898059237
8635.0,3.3375000000000004,0.872,3.3412499999998695,24.75,13.365802191569642
8640.0,3.3350000000000004,0.87,3.3404166666665183,24.75,13.320398613183837
8645.0,3.3350000000000004,0.873,3.3395833333331666,24.75,13.274968970746137
8650.0,3.3350000000000004,0.8714999999999999,3.338854166666503,24.75,13.229500232230617
8655.0,3.3325,0.872,3.338020833333227,24.75,13.184057557766982
8660.0,3.3325,0.87,3.3371874999999513,24.75,13.138653979381177
8665.0,3.3325,0.871,3.3363541666666756,24.78,13.093276465047232
8670.0,3.3325,0.872,3.3355208333334,24.81,13.047846822609543
8675.0,3.3325,0.87,3.3348958333334244,24.81,13.002443244223727
8680.0,3.33,0.87,3.3341666666667606,24.81,12.95709179394169
8685.0,3.33,0.87,3.3335416666667848,24.81,12.91174034365965
8690.0,3.3275,0.872,3.332708333333509,24.81,12.866336765273834
8695.0,3.3275,0.871,3.3318750000002333,24.81,12.820907122836145
8700.0,3.3275,0.87,3.331250000000258,24.81,12.7755296085022
8705.0,3.325,0.867,3.330416666666906,24.81,12.730256350375823
8710.0,3.325,0.871,3.3295833333335545,24.81,12.684957028197562
8715.0,3.325,0.865,3.328958333333503,24.81,12.639709834123058
8720.0,3.3225,0.868,3.3281250000001514,24.81,12.594540832204226
8725.0,3.3225,0.8685,3.3272916666668,24.81,12.549280606103796
8730.0,3.3225,0.87,3.3264583333334485,24.81,12.503968251899577
8735.0,3.3225,0.868,3.325625000000097,24.81,12.458668929721316
8740.0,3.3200000000000003,0.871,3.3247916666667456,24.81,12.413343543491163
8745.0,3.3200000000000003,0.87,3.323958333333394,24.81,12.367966029157229
8750.0,3.3175,0.868,3.3231250000000423,24.81,12.322666706978968
8755.0,3.31625,0.867,3.322187500000003,24.84,12.277445576956369
8760.0,3.3150000000000004,0.87,3.3211458333332757,24.87,12.232172318829981
8765.0,3.3150000000000004,0.865,3.320312499999924,24.87,12.18695118880737
8770.0,3.3150000000000004,0.867,3.319479166666573,24.87,12.141808250940421
8775.0,3.3125,0.868,3.3184374999999213,24.87,12.096587120917823
8780.0,3.3125,0.868,3.3176041666665697,24.87,12.05133992684333
8785.0,3.3125,0.865,3.316770833333218,24.87,12.006170924924486
8790.0,3.3125,0.8665,3.3159374999998668,24.87,11.961041019083474
8795.0,3.3125,0.865,3.315104166666515,24.87,11.915911113242462
8800.0,3.3125,0.864,3.314479166666539,24.87,11.870846367531174
8805.0,3.3099999999999996,0.866,3.3136458333332635,24.87,11.82575555776798
8810.0,3.3049999999999997,0.867,3.312604166666612,24.87,11.780586555849148
8815.0,3.30625,0.866,3.3117708333332607,24.87,11.735417553930304
8820.0,3.3049999999999997,0.863,3.310937499999985,24.87,11.690352808219018
8825.0,3.3049999999999997,0.862,3.3101041666667093,24.87,11.645392318715263
8830.0,3.3049999999999997,0.8645,3.3092708333334335,24.87,11.600392733133692
8835.0,3.3024999999999998,0.865,3.308437500000082,24.87,11.555314955396467
8840.0,3.3024999999999998,0.865,3.30760416666673,24.87,11.510224145633286
8845.0,3.3024999999999998,0.864,3.306770833333379,24.87,11.465159399921987
8850.0,3.3024999999999998,0.864,3.3059375000000273,24.87,11.420120718262583
8855.0,3.3024999999999998,0.865,3.3051041666666756,24.87,11.375055972551296
8860.0,3.3,0.863,3.304062500000024,24.87,11.330017290891892
8865.0,3.29875,0.863,3.303124999999985,24.87,11.285030737336255
8870.0,3.295,0.867,3.3022916666666333,24.87,11.239939927573072
8875.0,3.2962499999999997,0.863,3.3014583333333576,24.87,11.194849117809891
8880.0,3.295,0.8645,3.300625000000006,24.87,11.149823468176423
8885.0,3.295,0.86,3.2997916666666547,24.87,11.104876010698616
8890.0,3.2924999999999995,0.86,3.2987499999999272,24.87,11.060045841454302
8895.0,3.2924999999999995,0.8625,3.2979166666665756,24.87,11.015150512080274
8900.0,3.2924999999999995,0.862,3.2970833333332243,24.94,10.970203054602468
8905.0,3.2924999999999995,0.86,3.2962499999998727,24.87,10.925320757254376
8910.0,3.2924999999999995,0.8625,3.295416666666521,24.87,10.880425427880358
8915.0,3.2875,0.86,3.2941666666665697,24.94,10.835530098506329
8920.0,3.2875,0.862,3.293124999999918,24.94,10.790647801158237
8925.0,3.2875,0.862,3.2921874999999545,24.94,10.745713375706378
8930.0,3.2849999999999997,0.86,3.291354166666603,24.94,10.700831078358297
8935.0,3.2849999999999997,0.86,3.2904166666665637,24.94,10.656000909113983
8940.0,3.2849999999999997,0.86,3.289583333333212,24.94,10.61117073986968
8945.0,3.2824999999999998,0.858,3.2885416666665606,24.94,10.566392698729132
8950.0,3.2824999999999998,0.862,3.287708333333285,24.94,10.521562529484829
8955.0,3.28125,0.859,3.286770833333321,24.94,10.476706296188631
8960.0,3.2824999999999998,0.86,3.2859375000000455,24.94,10.431902190996201
8965.0,3.28,0.86,3.284895833333394,24.94,10.387072021751887
8970.0,3.2787499999999996,0.86,3.2837500000001305,24.94,10.342241852507584
8975.0,3.2775,0.86,3.282916666666779,24.94,10.297411683263281
8980.0,3.275,0.858,3.2818750000000514,24.94,10.252633642122733
8985.0,3.275,0.86,3.2808333333333244,24.94,10.207855600982185
8990.0,3.275,0.86,3.2799999999999727,24.94,10.163025431737882
8995.0,3.2725,0.855,3.278958333333321,25.0,10.118325582752997
9000.0,3.2725,0.8565,3.2779166666666697,24.94,10.073716957949719
9005.0,3.2725,0.86,3.277083333333318,25.0,10.028978012887002
9010.0,3.27,0.853,3.2760416666666665,25.0,9.984330292005906
9015.0,3.27,0.8565,3.275104166666703,25.0,9.939773795306394
9020.0,3.27,0.85,3.2740625000000514,25.0,9.895295490762535
9025.0,3.2675,0.857,3.2730208333334,25.0,9.850804154192739
9030.0,3.2675,0.855,3.2720833333333608,25.0,9.806182497363514
9035.0,3.2675,0.855,3.271250000000009,25.0,9.761612968638056
9040.0,3.265,0.855,3.2704166666667334,25.0,9.71704343991261
9045.0,3.26375,0.854,3.2694791666667697,25.0,9.672499975239058
9050.0,3.2624999999999997,0.852,3.2684375000001182,25.0,9.628034702721155
9055.0,3.26,0.857,3.2673958333334667,25.0,9.583491238047593
9060.0,3.26,0.856,3.266354166666815,25.03,9.538843517166494
9065.0,3.26,0.852,3.2653125000001637,25.0,9.494326116544805
9070.0,3.26,0.857,3.264479166666812,25.06,9.449782651871253
9075.0,3.25875,0.8534999999999999,3.263541666666773,25.06,9.405200091119848
9080.0,3.2575000000000003,0.8525,3.2625000000000455,25.06,9.360734818601946
9085.0,3.2575000000000003,0.853,3.261666666666694,25.06,9.31628257810998
9090.0,3.255,0.8505,3.2606250000000423,25.06,9.27188246572178
9095.0,3.2512499999999998,0.849,3.259270833333403,25.06,9.227586609541127
9100.0,3.25,0.855,3.2580208333333758,25.06,9.183173465126993
9105.0,3.25,0.854,3.2568750000000364,25.06,9.138630000453428
9110.0,3.25,0.849,3.255833333333385,25.06,9.094242920091189
9115.0,3.25,0.853,3.255000000000033,25.06,9.049881903780832
9120.0,3.25,0.85,3.254166666666682,25.06,9.00549482341859
9125.0,3.2475,0.851,3.2531250000000305,25.06,8.961159871160106
9130.0,3.2475,0.85,3.252083333333379,25.06,8.916824918901622
9135.0,3.24625,0.849,3.2510416666667274,25.06,8.872542094746926
9140.0,3.2425,0.847,3.2497916666667757,25.06,8.828337462747882
9145.0,3.24,0.85,3.2483333333334485,25.06,8.784106766696953
9150.0,3.24,0.8474999999999999,3.2470833333334213,25.06,8.739863038620078
9155.0,3.24,0.849,3.2461458333333817,25.09,8.695645374595095
9160.0,3.24,0.847,3.2453125000000305,25.12,8.651440742596062
9165.0,3.24,0.85,3.244479166666679,25.12,8.607210046545122
9170.0,3.2375,0.848,3.2434375000000273,25.12,8.562953286442298
9175.0,3.2375,0.848,3.2423958333333758,25.12,8.518748654443254
9180.0,3.2350000000000003,0.8485,3.2411458333333485,25.12,8.474530990418272
9185.0,3.23375,0.85,3.240000000000009,25.12,8.430261198289513
9190.0,3.2300000000000004,0.848,3.238541666666606,25.12,8.386004438186689
9195.0,3.2300000000000004,0.85,3.237187499999891,25.12,8.341747678083866
9200.0,3.2300000000000004,0.849,3.2361458333331634,25.12,8.29746485392916
9205.0,3.2300000000000004,0.848,3.235312499999812,25.12,8.25323415787823
9210.0,3.2300000000000004,0.85,3.2344791666664605,25.12,8.208977397775408
9215.0,3.2287500000000002,0.845,3.233541666666497,25.155,8.164798829828257
9220.0,3.225,0.848,3.2322916666665455,25.19,8.120672389984861
9225.0,3.225,0.847,3.2310416666665938,25.19,8.076493822037712
9230.0,3.2225,0.847,3.2297916666665665,25.19,8.032341318142432
9235.0,3.22,0.843,3.2283333333332394,25.19,7.988293070454711
9240.0,3.22,0.843,3.227083333333288,25.19,7.944349078974522
9245.0,3.22,0.843,3.2259374999999486,25.19,7.900405087494333
9250.0,3.22,0.847,3.225104166666673,25.19,7.856356839806611
9255.0,3.22,0.847,3.224270833333397,25.19,7.812204335911332
9260.0,3.21625,0.843,3.2231250000001332,25.19,7.7681560882235985
9265.0,3.215,0.843,3.221875000000182,25.19,7.72421209674341
9270.0,3.215,0.843,3.2206250000002306,25.19,7.680268105263222
9275.0,3.21375,0.8434999999999999,3.2193750000002033,25.19,7.636311081757108
9280.0,3.21,0.842,3.218125000000176,25.19,7.592380122302855
9285.0,3.21,0.84,3.2168750000001487,25.19,7.548540387030222
9290.0,3.21,0.8425,3.215833333333497,25.19,7.504687619731653
9295.0,3.21,0.843,3.2150000000001455,25.19,7.460756660277401
9300.0,3.2075,0.845,3.213958333333494,25.19,7.416760540693456
9305.0,3.20625,0.841,3.2128125000001546,25.19,7.372816549213268
9310.0,3.205,0.845,3.2115625000001273,25.19,7.32887255773308
9315.0,3.205,0.842,3.2103125000001,25.25,7.284902502201007
9320.0,3.2025,0.84,3.2091666666667606,25.25,7.2410627669283745
9325.0,3.1999999999999997,0.842,3.2079166666667334,25.25,7.197223031655731
9330.0,3.1999999999999997,0.84,3.206666666666706,25.25,7.1533832963830974
9335.0,3.1987499999999995,0.84,3.205416666666679,25.25,7.1095956892142205
9340.0,3.1975,0.838,3.2043750000000273,25.25,7.065860210149133
9345.0,3.1975,0.837,3.2033333333333758,25.25,7.022202923239695
9350.0,3.1950000000000003,0.84,3.2020833333333485,25.25,6.978493508226502
9355.0,3.1950000000000003,0.84,3.200833333333321,25.25,6.934705901057625
9360.0,3.1925,0.838,3.199583333333294,25.25,6.890970421992537
9365.0,3.19,0.8374999999999999,3.1982291666665787,25.25,6.847300103057163
9370.0,3.19,0.838,3.1969791666665515,25.25,6.803629784121801
9375.0,3.1875,0.84,3.1955208333332243,25.25,6.759894305056713
9380.0,3.1875,0.8374999999999999,3.194270833333197,25.25,6.71617185801755
9385.0,3.1875,0.836,3.1932291666665455,25.25,6.672553667185943
9390.0,3.185,0.838,3.1919791666665938,25.25,6.628922444328412
9395.0,3.185,0.836,3.1908333333333303,25.28,6.585291221470868
9400.0,3.18375,0.8354999999999999,3.189687499999991,25.25,6.54172515874304
9405.0,3.1825,0.837,3.1884374999999636,25.31,6.498133031963327
9410.0,3.18,0.837,3.1871875000000123,25.31,6.454501809105784
9415.0,3.1775,0.834,3.1857291666666847,25.31,6.410948778403891
9420.0,3.1775,0.835,3.1844791666666574,25.31,6.367447875805777
9425.0,3.1775,0.836,3.183437500000006,25.31,6.323894845103883
9430.0,3.1775,0.8334999999999999,3.1823958333333544,25.31,6.280380910479821
9435.0,3.1750000000000003,0.835,3.181354166666703,25.31,6.236893039907654
9440.0,3.1750000000000003,0.8385,3.1803125000000514,25.31,6.193274849076058
9445.0,3.17125,0.8334999999999999,3.178958333333412,25.31,6.149695754322271
9450.0,3.1674999999999995,0.833,3.177500000000009,25.31,6.10626001185387
9455.0,3.1674999999999995,0.8325,3.176041666666606,25.31,6.062850333437364
9460.0,3.1674999999999995,0.8325,3.174687499999891,25.34,6.0194536870467825
9465.0,3.1674999999999995,0.835,3.1734374999998636,25.37,5.975991880526488
9470.0,3.1674999999999995,0.832,3.172395833333136,25.37,5.932543106032151
9475.0,3.16625,0.8325,3.1714583333331725,25.37,5.889159491667528
9480.0,3.165,0.832,3.170416666666521,25.37,5.845775877302906
9485.0,3.16375,0.832,3.1692708333331816,25.34,5.802405294964219
9490.0,3.1574999999999998,0.832,3.1676041666665546,25.37,5.759034712625544
9495.0,3.1574999999999998,0.832,3.166145833333227,25.37,5.715664130286857
9500.0,3.1574999999999998,0.832,3.1646874999999,25.37,5.67229354794817
9505.0,3.1574999999999998,0.831,3.1635416666665606,25.37,5.628949029661379
9510.0,3.1574999999999998,0.83,3.162708333333285,25.37,5.585656639478353
9515.0,3.1574999999999998,0.827,3.161875000000009,25.37,5.542468505502873
9520.0,3.1550000000000002,0.83,3.1608333333333576,25.37,5.499280371527393
9525.0,3.1550000000000002,0.832,3.159791666666706,25.37,5.455961917292463
9530.0,3.1500000000000004,0.832,3.158333333333379,25.37,5.412591334953786
9535.0,3.1475,0.829,3.1567708333333635,25.37,5.369298944770751
9540.0,3.1475,0.828,3.1553125000000364,25.37,5.326110810795271
9545.0,3.1475,0.83,3.153958333333397,25.37,5.282896612767896
9550.0,3.1475,0.8274999999999999,3.1531250000000455,25.405,5.239695446766479
9555.0,3.1475,0.828,3.152291666666694,25.44,5.19654640886883
9560.0,3.145,0.828,3.1512500000000423,25.37,5.153384338945244
9565.0,3.1425,0.828,3.150000000000015,25.44,5.110222269021647
9570.0,3.1375,0.827,3.148333333333312,25.37,5.067086263149934
9575.0,3.1375,0.827,3.146666666666609,25.44,5.023976321330103
9580.0,3.1375,0.8265,3.1452083333332816,25.44,4.980879411536221
9585.0,3.1375,0.825,3.1437499999999545,25.44,4.937834629846116
9590.0,3.1375,0.825,3.142708333333303,25.44,4.894828944233831
9595.0,3.1375,0.827,3.1418749999999513,25.44,4.85177113051779
9600.0,3.135,0.828,3.1408333333333,25.44,4.808635124646077
9605.0,3.1325,0.825,3.1395833333332726,25.44,4.765551246878141
9610.0,3.1312499999999996,0.826,3.1382291666666333,25.44,4.722519497213973
9615.0,3.1275,0.827,3.1365624999999304,25.5,4.679435619446037
9620.0,3.1275,0.825,3.1351041666665274,25.5,4.636377805729996
9625.0,3.1275,0.8225,3.1338541666665,25.5,4.593437280247437
9630.0,3.1275,0.828,3.1330208333331484,25.5,4.550418562609215
9635.0,3.1275,0.822,3.1321874999997967,25.5,4.507412876996941
9640.0,3.1275,0.825,3.1313541666664455,25.5,4.4644853835403175
9645.0,3.1225,0.823,3.1301041666664937,25.5,4.421531826031799
9650.0,3.1225,0.82,3.1288541666665424,25.5,4.3787085887827315
9655.0,3.1187500000000004,0.821,3.1272916666665274,25.5,4.335937479637419
9660.0,3.1175,0.823,3.1258333333332,25.5,4.293088178336446
9665.0,3.1175,0.823,3.1245833333332484,25.5,4.250186748931717
9670.0,3.1175,0.825,3.123437499999909,25.5,4.20723319142321
9675.0,3.1175,0.8234999999999999,3.1226041666666333,25.5,4.164266601888755
9680.0,3.115,0.822,3.121562499999982,25.5,4.121378204509963
9685.0,3.115,0.8185,3.1205208333333303,25.5,4.0786201273905975
9690.0,3.1125,0.818,3.119270833333379,25.5,4.035966306478789
9695.0,3.11,0.822,3.1178125000000514,25.56,3.9932212613853713
9700.0,3.1075,0.8214999999999999,3.1161458333334244,25.56,3.9503849921103673
9705.0,3.1075,0.82,3.114895833333397,25.56,3.907600850939119
9710.0,3.1075,0.82,3.11364583333337,25.56,3.8648558058456906
9715.0,3.10625,0.822,3.1126041666667184,25.56,3.822058632648506
9720.0,3.105,0.82,3.111562499999991,25.59,3.779261459451322
9725.0,3.105,0.817,3.1105208333332635,25.56,3.736594606513566
9730.0,3.10375,0.8165,3.109374999999924,25.62,3.6940189777574073
9735.0,3.1012500000000003,0.819,3.108020833333209,25.56,3.651391220897471
9740.0,3.1,0.818,3.1067708333332575,25.56,3.6087243679597036
9745.0,3.0975,0.818,3.1053124999999304,25.62,3.566083579073831
9750.0,3.0975,0.817,3.104062499999903,25.62,3.523468854239853
9755.0,3.0975,0.817,3.1030208333332516,25.62,3.4808801934577693
9760.0,3.09625,0.8154999999999999,3.102083333333212,25.59,3.4383306287535054
9765.0,3.09625,0.8185,3.1011458333331725,25.62,3.3957419679714107
9770.0,3.0949999999999998,0.813,3.100104166666521,25.62,3.353218467319019
9775.0,3.0925,0.816,3.0989583333331816,25.62,3.3107601267963527
9780.0,3.09,0.817,3.0977083333332303,25.62,3.2681975300661414
9785.0,3.09,0.815,3.096458333333279,25.62,3.2256609973878136
9790.0,3.0875000000000004,0.813,3.0951041666665637,25.62,3.1832287209170307
9795.0,3.08625,0.813,3.093854166666612,25.62,3.1408485725500146
9800.0,3.085,0.812,3.0926041666665847,25.62,3.098494488234893
9805.0,3.085,0.815,3.091562499999933,25.62,3.0560882758160046
9810.0,3.085,0.813,3.0905208333332816,25.62,3.0136559993452328
9815.0,3.085,0.818,3.08947916666663,25.62,2.9711455307187995
9820.0,3.08,0.813,3.088124999999991,25.62,2.9286350620923662
9825.0,3.08,0.812,3.0867708333333517,25.69,2.8862809777772447
9830.0,3.0749999999999997,0.813,3.0851041666666483,25.62,2.843926893462112
9835.0,3.0749999999999997,0.808,3.083645833333321,25.69,2.8016770653545464
9840.0,3.0749999999999997,0.811,3.082395833333294,25.69,2.7594793653507255
9845.0,3.0749999999999997,0.817,3.0811458333332666,25.69,2.7170470888799536
9850.0,3.0749999999999997,0.812,3.080104166666615,25.69,2.674588748357287
9855.0,3.0749999999999997,0.8125,3.0791666666665756,25.69,2.6322476960680907
9860.0,3.0749999999999997,0.813,3.0783333333332243,25.69,2.589880579727033
9865.0,3.07,0.808,3.077083333333197,25.69,2.5476307516194563
9870.0,3.0675,0.8115,3.0756249999998695,25.69,2.5054200195897103
9875.0,3.065,0.81,3.0739583333331666,25.69,2.4631571594561974
9880.0,3.065,0.81,3.0727083333331393,25.69,2.420933395400515
9885.0,3.065,0.8085,3.071458333333112,25.69,2.3787487274226637
9890.0,3.065,0.808,3.0706249999997604,25.75,2.336616187548568
9895.0,3.065,0.808,3.069791666666409,25.75,2.2944966797004085
9900.0,3.0637499999999998,0.8065,3.0688541666664455,25.75,2.252416267930102
9905.0,3.06,0.81,3.0676041666664937,25.75,2.2102837280560172
9910.0,3.0575,0.81,3.0661458333331666,25.75,2.168059964000324
9915.0,3.055,0.8075000000000001,3.064479166666539,25.75,2.125901360074345
9920.0,3.055,0.81,3.0628124999999122,25.75,2.0837427561483657
9925.0,3.055,0.808,3.0615624999999604,25.81,2.0415711201964393
9930.0,3.055,0.805,3.060520833333309,25.75,1.9995298045039633
9935.0,3.055,0.805,3.059687500000033,25.75,1.9575666809671377
9940.0,3.0525,0.81,3.0586458333333817,25.81,1.9154732371708727
9945.0,3.05,0.807,3.0573958333334303,25.78,1.8733276652708408
9950.0,3.0475,0.807,3.0559375000001032,25.81,1.8312602855264704
9955.0,3.045,0.808,3.054270833333476,25.75,1.7891668417302053
9960.0,3.045,0.805,3.052708333333461,25.81,1.7471255260377294
9965.0,3.045,0.804,3.0514583333334335,25.81,1.7051884665527872
9970.0,3.045,0.805,3.050416666666782,25.81,1.6632514070678561
9975.0,3.0425,0.8025,3.0493750000000546,25.81,1.6213534436607557
9980.0,3.04,0.8015000000000001,3.0481250000000273,25.81,1.5795467044352418
9985.0,3.04,0.803,3.046875,25.81,1.5377269331837917
9990.0,3.0375,0.8025,3.045416666666673,25.75,1.495881097880447
9995.0,3.0349999999999997,0.8025,3.0437499999999695,25.81,1.4540482946030386
10000.0,3.0349999999999997,0.803,3.0422916666666424,25.81,1.412202459299694
10005.0,3.0324999999999998,0.801,3.0408333333333153,25.81,1.37039572007418
10010.0,3.0324999999999998,0.802,3.0395833333333635,25.81,1.3286150449005607
10015.0,3.0324999999999998,0.8,3.038541666666712,25.81,1.2868604337788248
10020.0,3.03125,0.8015000000000001,3.0373958333333726,25.81,1.245118854683036
10025.0,3.03,0.7985,3.0361458333333453,25.81,1.203416371665067
10030.0,3.0275,0.8,3.034687500000018,25.81,1.1617529847249286
10035.0,3.0225,0.8,3.033020833333391,25.81,1.1200505017069595
10040.0,3.0225,0.8,3.0315625000000637,25.81,1.0783480186889904
10045.0,3.0225,0.803,3.0301041666667365,25.81,1.036567343515371
10050.0,3.0225,0.801,3.0288541666667093,25.81,0.9947606042898571
10055.0,3.0225,0.797,3.0278125000000577,25.81,0.9531102493756549
10060.0,3.0175,0.8,3.02635416666673,25.81,0.9114859585133472
10065.0,3.0175,0.7995000000000001,3.025104166666703,25.81,0.8697965075213143
10070.0,3.0125,0.798,3.0234375,25.84,0.8281591846330705
10075.0,3.0125,0.798,3.021770833333297,25.81,0.7865609578226462
10080.0,3.0125,0.795,3.0202083333332816,25.81,0.7450409231678834
10085.0,3.0125,0.796,3.0187499999999545,25.87,0.7035730166168763
10090.0,3.01,0.797,3.0172916666666274,25.87,0.6620529819621135
10095.0,3.0075000000000003,0.798,3.0160416666666,25.87,0.6204808192035838
10100.0,3.0075000000000003,0.796,3.014791666666573,25.87,0.5789347204969375
10105.0,3.005,0.795,3.0133333333332453,25.87,0.5374668139459304
10110.0,3.0024999999999995,0.793,3.0116666666665424,25.87,0.49607709955060697
10115.0,2.9999999999999996,0.7935000000000001,3.009791666666539,25.87,0.4547264812331142
10120.0,2.9999999999999996,0.792,3.008333333333212,25.87,0.4134019269674827
10125.0,2.9999999999999996,0.793,3.006874999999885,25.87,0.3720904047278206
10130.0,2.9999999999999996,0.792,3.0058333333332334,25.87,0.33077888248814746
10135.0,2.9975,0.797,3.0045833333332816,25.87,0.28936310404092946
10140.0,2.9949999999999997,0.797,3.0031249999999545,25.94,0.2478170053342721
10145.0,2.9899999999999998,0.7925,3.0012499999999513,25.905,0.20638819486111792
10150.0,2.9899999999999998,0.793,2.9995833333332484,25.94,0.1650636405954975
10155.0,2.9899999999999998,0.793,2.9981249999999213,25.94,0.1237260543039298
10160.0,2.9899999999999998,0.793,2.9966666666665938,25.94,0.0823884680123732
10165.0,2.9875,0.79,2.9952083333332666,25.94,0.041129073876466915
10170.0,2.985,0.788,2.9937499999999395,25.94,0.0
