time_s,V,I,V_smooth,temperature_c,soc_true
0.0,4.11,0.488,4.11,25.44,100.0
5.0,4.1075,0.486,4.108750000000001,25.44,99.97449283894309
10.0,4.1075,0.486,4.108333333333333,25.44,99.94903805398692
15.0,4.105,0.485,4.1075,25.44,99.92360945708111
20.0,4.105,0.488,4.107,25.44,99.89812848407459
25.0,4.105,0.4865,4.1066666666666665,25.405,99.8726082289925
30.0,4.105,0.485,4.106428571428571,25.44,99.84716653806151
35.0,4.105,0.485,4.10625,25.37,99.82176412920609
40.0,4.105,0.4855,4.106111111111111,25.37,99.79634862632545
45.0,4.105,0.4855,4.106,25.37,99.77092002941966
50.0,4.105,0.486,4.105909090909091,25.37,99.74547833848867
55.0,4.105,0.487,4.105833333333334,25.37,99.71999736548214
60.0,4.1025,0.484,4.1052083333333345,25.37,99.69456876857633
65.0,4.1,0.486,4.104583333333334,25.37,99.66916635972089
70.0,4.10125,0.486,4.1040625,25.37,99.64371157476472
75.0,4.1025,0.484,4.103854166666667,25.37,99.6183091659093
80.0,4.1,0.488,4.103437500000001,25.37,99.59285438095313
85.0,4.1025,0.486,4.103229166666668,25.37,99.56734721989622
90.0,4.10125,0.4855,4.102916666666668,25.31,99.54190552896523
95.0,4.1,0.486,4.102500000000001,25.31,99.51646383803424
100.0,4.0975,0.487,4.101875000000001,25.31,99.49098286502772
105.0,4.0975,0.486,4.10125,25.31,99.46550189202117
110.0,4.0975,0.488,4.100625,25.31,99.43999473096426
115.0,4.0975,0.4855,4.099999999999999,25.31,99.41450066393254
120.0,4.1,0.4855,4.099791666666666,25.31,99.38907206702675
125.0,4.0975,0.486,4.099583333333332,25.31,99.36363037609576
130.0,4.0975,0.4855,4.099270833333331,25.31,99.33818868516478
135.0,4.0975,0.4855,4.098854166666665,25.31,99.31276008825897
140.0,4.0975,0.485,4.0986458333333315,25.31,99.28734458537835
145.0,4.0962499999999995,0.4855,4.098124999999997,25.31,99.26192908249773
150.0,4.095,0.485,4.097604166666663,25.31,99.23651357961711
155.0,4.095,0.486,4.097187499999997,25.31,99.21108498271131
160.0,4.095,0.486,4.096979166666664,25.28,99.18563019775513
165.0,4.095,0.487,4.096770833333331,25.28,99.16014922474861
170.0,4.095,0.486,4.096562499999997,25.31,99.13466825174207
175.0,4.09375,0.487,4.096249999999998,25.25,99.10918727873553
180.0,4.092499999999999,0.4845,4.095624999999998,25.25,99.08374558780454
185.0,4.092499999999999,0.483,4.095208333333332,25.25,99.05840864907502
190.0,4.09,0.483,4.094583333333333,25.25,99.03311099242104
195.0,4.09,0.4865,4.093958333333333,25.25,99.0077216775908
200.0,4.09,0.486,4.093333333333334,25.25,98.98225379860945
205.0,4.09,0.486,4.092812500000001,25.25,98.95679901365327
210.0,4.09,0.487,4.092395833333335,25.25,98.93131804064674
215.0,4.09,0.485,4.091979166666668,25.25,98.90586325569058
220.0,4.09,0.486,4.091562500000002,25.25,98.88043465878476
225.0,4.08875,0.4855,4.091041666666669,25.25,98.85499296785379
230.0,4.0875,0.486,4.09041666666667,25.25,98.8295512769228
235.0,4.0875,0.485,4.089895833333337,25.25,98.80412268001699
240.0,4.0875,0.4865,4.0894791666666706,25.25,98.77868098908601
245.0,4.0875,0.486,4.089062500000004,25.25,98.75321311010465
250.0,4.0875,0.488,4.088854166666671,25.25,98.72770594904775
255.0,4.0875,0.484,4.088645833333338,25.22,98.70225116409158
260.0,4.0875,0.483,4.088437500000005,25.19,98.67692731938725
265.0,4.0875,0.483,4.088229166666672,25.19,98.65162966273327
270.0,4.0875,0.4855,4.0880208333333385,25.19,98.62626653595339
275.0,4.0875,0.488,4.087812500000005,25.19,98.60077246892168
280.0,4.09,0.486,4.087812500000005,25.19,98.57526530786477
285.0,4.0875,0.4855,4.087708333333339,25.19,98.54982361693378
290.0,4.0875,0.486,4.087708333333339,25.19,98.52438192600279
295.0,4.0875,0.482,4.087708333333339,25.19,98.49903189324809
300.0,4.0875,0.4855,4.087708333333339,25.19,98.47369495451856
305.0,4.0875,0.485,4.087708333333339,25.19,98.44827945163794
310.0,4.0875,0.485,4.087708333333336,25.19,98.4228770427825
315.0,4.08625,0.487,4.08760416666667,25.19,98.39742225782634
320.0,4.085,0.486,4.087395833333335,25.19,98.37194128481981
325.0,4.0825,0.485,4.086979166666666,25.19,98.346512687914
330.0,4.0825,0.485,4.086562499999997,25.19,98.32111027905856
335.0,4.0825,0.486,4.086145833333329,25.19,98.29568168215276
340.0,4.0825,0.486,4.085520833333327,25.19,98.2702268971966
345.0,4.0825,0.4845,4.085104166666658,25.19,98.24481139431597
350.0,4.0825,0.485,4.08468749999999,25.12,98.21942207948572
355.0,4.0825,0.486,4.084270833333321,25.19,98.19399348257991
360.0,4.0825,0.483,4.083854166666652,25.19,98.16861726177486
365.0,4.0825,0.486,4.083437499999984,25.12,98.14324104096977
370.0,4.0825,0.483,4.083020833333317,25.19,98.1178648201647
375.0,4.08125,0.4845,4.082604166666651,25.12,98.09252788143519
380.0,4.0825,0.483,4.082395833333318,25.12,98.06719094270566
385.0,4.0825,0.482,4.082395833333318,25.19,98.04191947410206
390.0,4.08125,0.4845,4.082291666666653,25.155,98.0166087234229
395.0,4.077500000000001,0.486,4.081874999999987,25.12,97.99119322054229
400.0,4.077500000000001,0.485,4.0814583333333205,25.12,97.96576462363647
405.0,4.077500000000001,0.485,4.081041666666654,25.12,97.94036221478105
410.0,4.077500000000001,0.482,4.080624999999988,25.12,97.9150383700767
415.0,4.077500000000001,0.483,4.080208333333322,25.12,97.8897669014731
420.0,4.077500000000001,0.4845,4.079791666666655,25.12,97.86442996274359
425.0,4.077500000000001,0.4825,4.079374999999989,25.12,97.83910611803924
430.0,4.077500000000001,0.485,4.078958333333323,25.12,97.81376917930972
435.0,4.077500000000001,0.484,4.078645833333321,25.12,97.78839295850466
440.0,4.077500000000001,0.484,4.078229166666655,25.12,97.76304292574994
445.0,4.077500000000001,0.486,4.077812499999989,25.12,97.73764051689452
450.0,4.077500000000001,0.4865,4.077499999999986,25.12,97.71217263791317
455.0,4.077500000000001,0.4845,4.077499999999986,25.12,97.68674404100736
460.0,4.077500000000001,0.485,4.077499999999986,25.06,97.6613547261771
465.0,4.077500000000001,0.484,4.077499999999986,25.09,97.63597850537204
470.0,4.077500000000001,0.4855,4.077499999999986,25.09,97.61058919054177
475.0,4.077500000000001,0.486,4.077499999999986,25.12,97.5851474996108
480.0,4.077500000000001,0.485,4.077499999999986,25.06,97.55971890270499
485.0,4.077500000000001,0.4855,4.077499999999986,25.09,97.53430339982437
490.0,4.077500000000001,0.485,4.077499999999986,25.06,97.50888789694375
495.0,4.077500000000001,0.4855,4.077499999999986,25.06,97.48347239406313
500.0,4.077500000000001,0.4845,4.077499999999986,25.06,97.4580699852077
505.0,4.077500000000001,0.485,4.077499999999986,25.06,97.43268067037744
510.0,4.07625,0.484,4.0773958333333225,25.06,97.40730444957237
515.0,4.074999999999999,0.484,4.077187499999989,25.06,97.38195441681766
520.0,4.074999999999999,0.486,4.076979166666656,25.06,97.35655200796222
525.0,4.07625,0.4825,4.076874999999991,25.06,97.33118888118234
530.0,4.074999999999999,0.485,4.076666666666658,25.06,97.30585194245282
535.0,4.074999999999999,0.485,4.076458333333325,25.06,97.28044953359738
540.0,4.074999999999999,0.4845,4.076249999999992,25.06,97.25506021876713
545.0,4.0737499999999995,0.4855,4.075937499999995,25.06,97.2296578099117
550.0,4.0725,0.485,4.075520833333329,25.06,97.20424230703108
555.0,4.07125,0.4845,4.074999999999998,25.06,97.17885299220082
560.0,4.07,0.4855,4.074374999999999,25.06,97.15345058334537
565.0,4.07,0.483,4.0737499999999995,25.06,97.1280874565655
570.0,4.07,0.484,4.073229166666664,25.06,97.10276361186115
575.0,4.07,0.4835,4.072812499999998,25.06,97.07742667313164
580.0,4.07,0.483,4.072395833333331,25.06,97.05211592245249
585.0,4.07,0.483,4.071874999999996,25.06,97.02681826579851
590.0,4.07,0.4845,4.07145833333333,25.06,97.001481327069
595.0,4.07,0.485,4.071041666666663,25.06,96.97609201223874
600.0,4.07,0.483,4.070624999999997,25.06,96.95074197948404
605.0,4.07,0.486,4.070312499999996,25.06,96.92536575867896
610.0,4.07,0.485,4.070104166666662,25.06,96.89993716177317
615.0,4.0675,0.483,4.06979166666666,25.06,96.87458712901845
620.0,4.0675,0.4855,4.069583333333327,25.06,96.84922400223857
625.0,4.0675,0.485,4.069374999999998,25.0,96.82380849935794
630.0,4.0675,0.485,4.069166666666665,25.0,96.79840609050251
635.0,4.0675,0.486,4.068958333333332,25.03,96.77297749359671
640.0,4.0675,0.485,4.068749999999999,25.06,96.7475488966909
645.0,4.0675,0.483,4.068541666666666,25.0,96.7221988639362
650.0,4.0675,0.4855,4.0683333333333325,25.0,96.69683573715632
655.0,4.0675,0.48,4.068124999999999,25.0,96.67155117452752
660.0,4.0675,0.488,4.067916666666666,25.0,96.64620114177282
665.0,4.0675,0.485,4.067708333333333,25.0,96.62072016876628
670.0,4.0675,0.486,4.0675,25.0,96.59529157186049
675.0,4.0675,0.485,4.0675,25.0,96.56986297495467
680.0,4.0675,0.4835,4.0675,25.0,96.5444998481748
685.0,4.0675,0.486,4.0674999999999955,25.0,96.51911053334454
690.0,4.0675,0.488,4.0674999999999955,25.0,96.49360337228764
695.0,4.0675,0.4855,4.0674999999999955,25.0,96.46810930525592
700.0,4.0675,0.486,4.0674999999999955,25.0,96.44266761432493
705.0,4.0675,0.482,4.0674999999999955,25.0,96.41731758157023
710.0,4.0675,0.484,4.0674999999999955,25.0,96.39201992491626
715.0,4.0675,0.486,4.0674999999999955,25.0,96.36661751606081
720.0,4.0675,0.485,4.0674999999999955,25.0,96.34118891915502
725.0,4.0675,0.4845,4.0674999999999955,24.97,96.31579960432475
730.0,4.065,0.485,4.067291666666667,24.94,96.29041028949452
735.0,4.0675,0.483,4.067291666666667,24.94,96.26506025673982
740.0,4.065,0.4845,4.067083333333339,24.94,96.23972331801028
745.0,4.065,0.483,4.06687500000001,24.94,96.21438637928077
750.0,4.065,0.485,4.0666666666666815,24.94,96.18903634652605
755.0,4.065,0.483,4.066458333333354,24.94,96.16368631377135
760.0,4.065,0.486,4.066250000000025,24.94,96.13831009296628
765.0,4.065,0.483,4.066041666666696,24.94,96.11293387216122
770.0,4.065,0.4855,4.0658333333333685,24.94,96.08757074538133
775.0,4.0625,0.482,4.065416666666702,24.94,96.0622338066518
780.0,4.065,0.485,4.0652083333333735,24.94,96.03690996194747
785.0,4.065,0.485,4.065000000000045,24.94,96.01150755309203
790.0,4.065,0.485,4.065000000000045,24.94,95.9861051442366
795.0,4.065,0.485,4.064791666666717,24.94,95.96070273538116
800.0,4.065,0.485,4.064791666666717,24.94,95.93530032652573
805.0,4.065,0.483,4.064791666666717,24.94,95.90995029377102
810.0,4.0625,0.485,4.0645833333333785,24.94,95.88460026101632
815.0,4.063750000000001,0.485,4.06447916666671,24.87,95.85919785216089
820.0,4.0625,0.485,4.064270833333372,24.905,95.83379544330545
825.0,4.0625,0.483,4.064062500000034,24.87,95.80844541055073
830.0,4.063750000000001,0.4845,4.063958333333365,24.905,95.78310847182122
835.0,4.063750000000001,0.486,4.064062500000034,24.87,95.7576929689406
840.0,4.065,0.483,4.064062500000034,24.87,95.73231674813553
845.0,4.0625,0.485,4.0638541666666965,24.905,95.70696671538083
850.0,4.065,0.4855,4.0638541666666965,24.87,95.68155121250021
855.0,4.0625,0.488,4.063645833333358,24.87,95.65605714546848
860.0,4.061249999999999,0.487,4.063333333333351,24.87,95.63052379636122
865.0,4.0625,0.4855,4.063125000000014,24.87,95.60505591737987
870.0,4.0625,0.482,4.063125000000014,24.87,95.57971897865033
875.0,4.06,0.4845,4.062812500000007,24.87,95.5544082279712
880.0,4.06,0.487,4.062604166666669,24.87,95.5289665370402
885.0,4.06,0.485,4.062395833333331,24.87,95.50351175208404
890.0,4.06,0.488,4.062083333333324,24.87,95.4780307790775
895.0,4.06,0.4855,4.061770833333317,24.87,95.45253671204577
900.0,4.06,0.488,4.061354166666642,24.87,95.42704264501405
905.0,4.06,0.486,4.0611458333333035,24.87,95.40153548395716
910.0,4.06,0.486,4.060729166666628,24.87,95.376080699001
915.0,4.057499999999999,0.485,4.060312499999962,24.87,95.35065210209518
920.0,4.057499999999999,0.486,4.059999999999964,24.87,95.32522350518938
925.0,4.057499999999999,0.4855,4.059583333333298,24.87,95.2997818142584
930.0,4.057499999999999,0.485,4.0591666666666315,24.87,95.27436631137778
935.0,4.057499999999999,0.486,4.058958333333304,24.87,95.24893771447196
940.0,4.057499999999999,0.4865,4.058749999999975,24.87,95.22346983549062
945.0,4.057499999999999,0.485,4.058541666666646,24.87,95.19802814455963
950.0,4.057499999999999,0.485,4.0583333333333185,24.87,95.1726257357042
955.0,4.057499999999999,0.485,4.05812499999999,24.87,95.14722332684876
960.0,4.057499999999999,0.488,4.057916666666661,24.87,95.12174235384222
965.0,4.057499999999999,0.4855,4.057708333333333,24.87,95.0962482868105
970.0,4.057499999999999,0.4855,4.0575000000000045,24.84,95.0708196899047
975.0,4.057499999999999,0.486,4.0575000000000045,24.87,95.0453779989737
980.0,4.057499999999999,0.489,4.0575000000000045,24.87,95.01984464986644
985.0,4.057499999999999,0.4875,4.0575000000000045,24.81,94.99427201868362
990.0,4.057499999999999,0.485,4.0575000000000045,24.81,94.96880413970229
995.0,4.057499999999999,0.485,4.0575000000000045,24.87,94.94340173084683
1000.0,4.057499999999999,0.4845,4.0575000000000045,24.87,94.91801241601658
1005.0,4.057499999999999,0.485,4.0575000000000045,24.81,94.89262310118633
1010.0,4.057499999999999,0.488,4.0575000000000045,24.81,94.8671421281798
1015.0,4.0562499999999995,0.487,4.057395833333335,24.81,94.84160877907253
1020.0,4.057499999999999,0.486,4.057395833333335,24.81,94.81612780606599
1025.0,4.057499999999999,0.486,4.057395833333335,24.81,94.79067302110981
1030.0,4.057499999999999,0.483,4.057395833333335,24.81,94.76529680030475
1035.0,4.057499999999999,0.485,4.057395833333335,24.81,94.73994676755004
1040.0,4.057499999999999,0.488,4.057395833333335,24.81,94.71446579454351
1045.0,4.057499999999999,0.485,4.057395833333335,24.81,94.68898482153698
1050.0,4.057499999999999,0.483,4.057395833333335,24.81,94.66363478878228
1055.0,4.057499999999999,0.488,4.057395833333335,24.81,94.63820619187646
1060.0,4.057499999999999,0.4855,4.057395833333335,24.84,94.61271212484475
1065.0,4.057499999999999,0.485,4.057395833333335,24.81,94.58729662196413
1070.0,4.057499999999999,0.485,4.057395833333335,24.81,94.56189421310869
1075.0,4.057499999999999,0.4865,4.0575000000000045,24.81,94.53645252217771
1080.0,4.057499999999999,0.486,4.0575000000000045,24.81,94.51098464319635
1085.0,4.057499999999999,0.486,4.0575000000000045,24.87,94.48552985824018
1090.0,4.057499999999999,0.483,4.0575000000000045,24.84,94.46015363743511
1095.0,4.057499999999999,0.486,4.0575000000000045,24.87,94.43477741663004
1100.0,4.057499999999999,0.486,4.0575000000000045,24.81,94.40932263167387
1105.0,4.0562499999999995,0.486,4.057395833333335,24.84,94.3838678467177
1110.0,4.055,0.488,4.057187499999998,24.81,94.3583606856608
1115.0,4.055,0.485,4.05697916666666,24.81,94.33287971265426
1120.0,4.0562499999999995,0.4855,4.056874999999991,24.81,94.30746420977366
1125.0,4.055,0.486,4.056666666666653,24.87,94.28202251884265
1130.0,4.055,0.485,4.056458333333315,24.81,94.25659392193685
1135.0,4.055,0.487,4.056249999999977,24.81,94.23113913698069
1140.0,4.055,0.485,4.05604166666664,24.81,94.20568435202452
1145.0,4.055,0.485,4.055833333333301,24.81,94.18028194316909
1150.0,4.055,0.486,4.055624999999964,24.81,94.15485334626328
1155.0,4.055,0.483,4.055416666666626,24.81,94.12947712545821
1160.0,4.055,0.486,4.055208333333288,24.81,94.10410090465314
1165.0,4.05375,0.4855,4.05499999999996,24.81,94.07865921372215
1170.0,4.0525,0.482,4.054791666666631,24.81,94.05332227499264
1175.0,4.055,0.485,4.054791666666631,24.81,94.02799843028829
1180.0,4.05375,0.4855,4.054583333333302,24.81,94.00258292740767
1185.0,4.055,0.486,4.054583333333302,24.81,93.97714123647668
1190.0,4.055,0.485,4.054583333333302,24.81,93.95171263957089
1195.0,4.0525,0.4855,4.0543749999999745,24.81,93.92629713669027
1200.0,4.055,0.483,4.0543749999999745,24.81,93.90093400991037
1205.0,4.0525,0.486,4.054166666666646,24.81,93.8755577891053
1210.0,4.0525,0.4845,4.053958333333317,24.81,93.85014228622468
1215.0,4.0525,0.4855,4.053749999999989,24.81,93.82473987736924
1220.0,4.0525,0.486,4.053541666666661,24.81,93.79929818643826
1225.0,4.0525,0.4825,4.053437499999991,24.81,93.77393505965837
1230.0,4.0525,0.4825,4.053437499999991,24.81,93.74866359105476
1235.0,4.055,0.486,4.053437499999991,24.81,93.72330046427489
1240.0,4.05375,0.4855,4.053437499999991,24.81,93.6978587733439
1245.0,4.0525,0.487,4.0532291666666636,24.81,93.67239089436255
1250.0,4.0525,0.486,4.053020833333335,24.75,93.646909921356
1255.0,4.0525,0.483,4.053020833333335,24.81,93.62153370055094
1260.0,4.0525,0.4855,4.052812500000006,24.78,93.59617057377105
1265.0,4.0525,0.483,4.052812500000006,24.81,93.57080744699117
1270.0,4.0525,0.483,4.052812500000006,24.75,93.54550979033719
1275.0,4.0525,0.486,4.052812500000006,24.75,93.52013356953212
1280.0,4.0525,0.485,4.052812500000006,24.75,93.49470497262632
1285.0,4.0525,0.4855,4.052812500000006,24.75,93.4692894697457
1290.0,4.0525,0.4865,4.052812500000006,24.75,93.44383468478952
1295.0,4.0525,0.486,4.052604166666678,24.75,93.41836680580818
1300.0,4.0525,0.4845,4.052500000000009,24.75,93.39295130292756
1305.0,4.0525,0.4845,4.052500000000009,24.75,93.36757508212249
1310.0,4.0525,0.483,4.052500000000009,24.75,93.34223814339296
1315.0,4.0525,0.4855,4.052500000000009,24.75,93.31687501661308
1320.0,4.0525,0.483,4.052500000000009,24.75,93.29151188983319
1325.0,4.0525,0.486,4.052500000000009,24.75,93.26613566902813
1330.0,4.0525,0.484,4.052500000000009,24.75,93.24073326017268
1335.0,4.0525,0.4855,4.052500000000009,24.75,93.21534394534243
1340.0,4.05,0.486,4.0522916666666715,24.75,93.18990225441145
1345.0,4.05,0.487,4.052083333333333,24.75,93.16442128140491
1350.0,4.05,0.4845,4.0518749999999955,24.75,93.13897959047392
1355.0,4.0475,0.485,4.051458333333319,24.75,93.11359027564366
1360.0,4.0475,0.486,4.051041666666644,24.75,93.08816167873786
1365.0,4.0475,0.4865,4.050624999999968,24.75,93.06269379975652
1370.0,4.0475,0.488,4.050208333333292,24.75,93.03717354467442
1375.0,4.0475,0.486,4.049791666666617,24.75,93.01166638361752
1380.0,4.0475,0.4845,4.049374999999941,24.75,92.9862508807369
1385.0,4.0475,0.485,4.048958333333265,24.75,92.96086156590665
1390.0,4.0475,0.482,4.04854166666659,24.75,92.93553772120231
1395.0,4.0475,0.485,4.048124999999914,24.75,92.91021387649798
1400.0,4.0475,0.485,4.047916666666576,24.75,92.88481146764254
1405.0,4.0475,0.485,4.0477083333332375,24.75,92.85940905878711
1410.0,4.0475,0.4835,4.0474999999999,24.75,92.83404593200721
1415.0,4.0475,0.486,4.0474999999999,24.75,92.80865661717696
1420.0,4.0475,0.485,4.0474999999999,24.75,92.78322802027115
1425.0,4.0475,0.4845,4.0474999999999,24.75,92.7578387054409
1430.0,4.0475,0.483,4.0474999999999,24.75,92.73250176671138
1435.0,4.0475,0.486,4.0474999999999,24.75,92.70712554590631
1440.0,4.0475,0.483,4.0474999999999,24.75,92.68174932510125
1445.0,4.0475,0.486,4.0474999999999,24.75,92.65637310429618
1450.0,4.0475,0.483,4.0474999999999,24.75,92.63099688349111
1455.0,4.0475,0.4845,4.0474999999999,24.75,92.60565994476158
1460.0,4.0475,0.485,4.0474999999999,24.75,92.58027062993133
1465.0,4.0475,0.483,4.0474999999999,24.75,92.55492059717663
1470.0,4.0475,0.4855,4.0474999999999,24.75,92.52955747039674
1475.0,4.0475,0.485,4.0474999999999,24.75,92.50414196751612
1480.0,4.0475,0.483,4.0474999999999,24.75,92.47879193476142
1485.0,4.0475,0.486,4.0474999999999,24.75,92.45341571395635
1490.0,4.0475,0.486,4.0474999999999,24.75,92.42796092900018
1495.0,4.0475,0.486,4.0474999999999,24.75,92.40250614404401
1500.0,4.0475,0.484,4.0474999999999,24.75,92.37710373518857
1505.0,4.0475,0.485,4.0474999999999,24.75,92.3517275143835
1510.0,4.0475,0.483,4.0474999999999,24.75,92.3263774816288
1515.0,4.0475,0.4855,4.0474999999999,24.72,92.3010143548489
1520.0,4.0475,0.485,4.0474999999999,24.75,92.27559885196828
1525.0,4.0475,0.486,4.0474999999999,24.75,92.25017025506249
1530.0,4.0475,0.485,4.0474999999999,24.72,92.22474165815669
1535.0,4.0475,0.486,4.0474999999999,24.69,92.19931306125088
1540.0,4.0475,0.485,4.0474999999999,24.75,92.17388446434508
1545.0,4.0475,0.4845,4.0474999999999,24.75,92.14849514951482
1550.0,4.0475,0.483,4.0474999999999,24.69,92.1231582107853
1555.0,4.045,0.485,4.047291666666581,24.75,92.09780817803059
1560.0,4.0475,0.485,4.047291666666581,24.75,92.07240576917516
1565.0,4.045,0.485,4.047083333333262,24.75,92.04700336031972
1570.0,4.045,0.485,4.046874999999943,24.69,92.0216009514643
1575.0,4.045,0.485,4.046666666666624,24.72,91.99619854260885
1580.0,4.0475,0.486,4.046666666666624,24.69,91.97076994570304
1585.0,4.045,0.486,4.046458333333305,24.75,91.94531516074687
1590.0,4.0475,0.484,4.046458333333305,24.69,91.91991275189145
1595.0,4.046250000000001,0.4855,4.046354166666656,24.69,91.8945234370612
1600.0,4.045,0.486,4.046145833333337,24.69,91.8690817461302
1605.0,4.0424999999999995,0.4855,4.045729166666679,24.69,91.84364005519922
1610.0,4.045,0.486,4.04552083333336,24.69,91.81819836426823
1615.0,4.045,0.485,4.04552083333336,24.69,91.79276976736243
1620.0,4.045,0.485,4.045312500000041,24.69,91.76736735850699
1625.0,4.046250000000001,0.484,4.045416666666711,24.69,91.74199113770192
1630.0,4.0424999999999995,0.483,4.045208333333373,24.69,91.71666729299758
1635.0,4.045,0.4845,4.045208333333373,24.69,91.69133035426806
1640.0,4.0424999999999995,0.484,4.044791666666716,24.69,91.66596722748818
1645.0,4.0424999999999995,0.486,4.044583333333378,24.69,91.64056481863274
1650.0,4.043749999999999,0.4845,4.04427083333339,24.69,91.61514931575212
1655.0,4.0424999999999995,0.484,4.043958333333383,24.69,91.58978618897223
1660.0,4.045,0.483,4.043958333333383,24.69,91.5644623442679
1665.0,4.043749999999999,0.486,4.044062500000052,24.69,91.53908612346282
1670.0,4.0424999999999995,0.485,4.043854166666715,24.69,91.51365752655703
1675.0,4.0424999999999995,0.483,4.043645833333376,24.69,91.48830749380231
1680.0,4.0424999999999995,0.484,4.043437500000039,24.69,91.46298364909798
1685.0,4.043749999999999,0.485,4.043229166666701,24.69,91.4376074282929
1690.0,4.0424999999999995,0.483,4.043229166666701,24.69,91.4122573955382
1695.0,4.0424999999999995,0.4855,4.043020833333363,24.69,91.38689426875833
1700.0,4.0424999999999995,0.4855,4.043020833333363,24.69,91.36146567185251
1705.0,4.0424999999999995,0.483,4.043020833333363,24.69,91.33610254507263
1710.0,4.043749999999999,0.485,4.043020833333363,24.69,91.31075251231793
1715.0,4.0424999999999995,0.484,4.043020833333363,24.69,91.28537629151285
1720.0,4.0424999999999995,0.485,4.042812500000025,24.69,91.26000007070778
1725.0,4.0424999999999995,0.485,4.042708333333356,24.69,91.23459766185235
1730.0,4.0424999999999995,0.485,4.042708333333356,24.69,91.2091952529969
1735.0,4.0424999999999995,0.486,4.042708333333356,24.69,91.18376665609111
1740.0,4.0424999999999995,0.4865,4.042708333333356,24.69,91.15829877710976
1745.0,4.0424999999999995,0.485,4.042604166666687,24.69,91.13285708617876
1750.0,4.0424999999999995,0.485,4.042604166666687,24.69,91.10745467732333
1755.0,4.0424999999999995,0.486,4.042604166666687,24.69,91.08202608041753
1760.0,4.0424999999999995,0.485,4.042604166666687,24.69,91.05659748351172
1765.0,4.0424999999999995,0.485,4.042604166666687,24.69,91.0311950746563
1770.0,4.0424999999999995,0.485,4.042500000000018,24.69,91.00579266580085
1775.0,4.0424999999999995,0.4855,4.042500000000018,24.69,90.98037716292023
1780.0,4.0424999999999995,0.483,4.042500000000018,24.69,90.95501403614034
1785.0,4.0424999999999995,0.485,4.042500000000018,24.69,90.92966400338565
1790.0,4.0424999999999995,0.483,4.042500000000018,24.69,90.90431397063095
1795.0,4.0424999999999995,0.485,4.042500000000018,24.69,90.87896393787624
1800.0,4.0424999999999995,0.483,4.042500000000018,24.69,90.85361390512153
1805.0,4.0424999999999995,0.485,4.042500000000018,24.69,90.82826387236683
1810.0,4.0424999999999995,0.488,4.042500000000018,24.69,90.8027828993603
1815.0,4.0424999999999995,0.483,4.042500000000018,24.69,90.7773543024545
1820.0,4.0424999999999995,0.484,4.042500000000018,24.69,90.75203045775015
1825.0,4.0424999999999995,0.485,4.042500000000018,24.69,90.72665423694508
1830.0,4.0424999999999995,0.485,4.042500000000018,24.69,90.70125182808965
1835.0,4.0424999999999995,0.4865,4.042500000000018,24.69,90.67581013715866
1840.0,4.0424999999999995,0.482,4.042500000000018,24.69,90.65044701037877
1845.0,4.0424999999999995,0.485,4.042500000000018,24.69,90.62512316567444
1850.0,4.0424999999999995,0.483,4.042500000000018,24.69,90.59977313291974
1855.0,4.0424999999999995,0.485,4.042500000000018,24.69,90.57442310016502
1860.0,4.0424999999999995,0.485,4.042500000000018,24.69,90.5490206913096
1865.0,4.0424999999999995,0.4845,4.042500000000018,24.69,90.52363137647934
1870.0,4.0424999999999995,0.486,4.042500000000018,24.69,90.49821587359872
1875.0,4.0424999999999995,0.483,4.042500000000018,24.69,90.47283965279365
1880.0,4.0424999999999995,0.4825,4.042500000000018,24.69,90.44755509016485
1885.0,4.0424999999999995,0.488,4.042500000000018,24.69,90.42213958728425
1890.0,4.0424999999999995,0.485,4.042500000000018,24.69,90.3966586142777
1895.0,4.0424999999999995,0.4855,4.042500000000018,24.655,90.37124311139708
1900.0,4.0424999999999995,0.485,4.042500000000018,24.62,90.34582760851646
1905.0,4.0424999999999995,0.483,4.042500000000018,24.69,90.32047757576176
1910.0,4.0424999999999995,0.484,4.042500000000018,24.655,90.29515373105743
1915.0,4.0424999999999995,0.486,4.042500000000018,24.62,90.26975132220198
1920.0,4.0424999999999995,0.485,4.042500000000018,24.62,90.24432272529619
1925.0,4.0424999999999995,0.484,4.042500000000018,24.62,90.21894650449111
1930.0,4.0424999999999995,0.482,4.042500000000018,24.62,90.19364884783714
1935.0,4.0424999999999995,0.48,4.042500000000018,24.62,90.16845594338464
1940.0,4.0424999999999995,0.484,4.042500000000018,24.62,90.1432106628314
1945.0,4.0424999999999995,0.483,4.042500000000018,24.62,90.11788681812706
1950.0,4.0424999999999995,0.483,4.042500000000018,24.62,90.09258916147309
1955.0,4.0424999999999995,0.483,4.042500000000018,24.62,90.06729150481912
1960.0,4.04,0.485,4.042291666666681,24.62,90.04194147206441
1965.0,4.04,0.486,4.042083333333342,24.62,90.01651287515861
1970.0,4.03875,0.4825,4.041770833333335,24.62,89.99114974837873
1975.0,4.0375,0.486,4.04135416666666,24.62,89.96578662159884
1980.0,4.0375,0.486,4.040937499999984,24.62,89.94033183664267
1985.0,4.0375,0.4835,4.040520833333308,24.62,89.9149425218124
1990.0,4.0375,0.4835,4.040104166666633,24.62,89.88961867710807
1995.0,4.0375,0.485,4.039687499999957,24.62,89.8642555503282
2000.0,4.0375,0.4855,4.039270833333281,24.62,89.83884004744758
2005.0,4.0375,0.487,4.038854166666606,24.62,89.81337216846622
2010.0,4.0375,0.485,4.0384374999999295,24.62,89.78791738351005
2015.0,4.0375,0.484,4.0380208333332535,24.62,89.76254116270498
2020.0,4.0375,0.486,4.037812499999916,24.62,89.73713875384955
2025.0,4.0375,0.486,4.037604166666578,24.62,89.71168396889337
2030.0,4.0375,0.4835,4.037499999999909,24.62,89.68629465406312
2035.0,4.0375,0.486,4.037499999999909,24.62,89.66090533923287
2040.0,4.0375,0.483,4.037499999999909,24.62,89.6355291184278
2045.0,4.0375,0.4865,4.037499999999909,24.62,89.61013980359755
2050.0,4.0375,0.485,4.037499999999909,24.62,89.58469811266656
2055.0,4.0375,0.486,4.037499999999909,24.62,89.55926951576075
2060.0,4.0375,0.483,4.037499999999909,24.62,89.53389329495567
2065.0,4.0375,0.4845,4.037499999999909,24.62,89.50855635622617
2070.0,4.0375,0.486,4.037499999999909,24.62,89.48314085334555
2075.0,4.0375,0.4845,4.037499999999909,24.62,89.45772535046493
2080.0,4.0375,0.4845,4.037499999999909,24.62,89.43234912965985
2085.0,4.0375,0.485,4.037499999999909,24.62,89.4069598148296
2090.0,4.0375,0.4815,4.037499999999909,24.62,89.38164906415045
2095.0,4.0375,0.484,4.037499999999909,24.62,89.35636450152165
2100.0,4.0375,0.485,4.037499999999909,24.62,89.33098828071658
2105.0,4.0375,0.4855,4.037499999999909,24.59,89.30557277783596
2110.0,4.0375,0.483,4.037499999999909,24.62,89.28020965105607
2115.0,4.0375,0.483,4.037499999999909,24.62,89.25491199440211
2120.0,4.0375,0.484,4.037499999999909,24.62,89.22958814969778
2125.0,4.0375,0.4855,4.037499999999909,24.62,89.20419883486753
2130.0,4.0375,0.486,4.037499999999909,24.62,89.17875714393652
2135.0,4.0375,0.4835,4.037499999999909,24.62,89.15336782910627
2140.0,4.0375,0.484,4.037499999999909,24.62,89.12803089037675
2145.0,4.0375,0.483,4.037499999999909,24.62,89.10270704567242
2150.0,4.0375,0.483,4.037499999999909,24.62,89.07740938901844
2155.0,4.0375,0.484,4.037499999999909,24.62,89.05208554431411
2160.0,4.0375,0.486,4.037499999999909,24.62,89.02668313545867
2165.0,4.0375,0.485,4.037499999999909,24.62,89.00125453855287
2170.0,4.0375,0.4855,4.037499999999909,24.62,88.97583903567225
2175.0,4.0375,0.488,4.037499999999909,24.62,88.95034496864054
2180.0,4.0375,0.486,4.037499999999909,24.56,88.92483780758363
2185.0,4.0375,0.4835,4.037499999999909,24.56,88.89944849275338
2190.0,4.0375,0.482,4.037499999999909,24.56,88.8741639301246
2195.0,4.0375,0.486,4.037499999999909,24.56,88.84881389736988
2200.0,4.03625,0.483,4.037395833333259,24.56,88.82343767656482
2205.0,4.0375,0.483,4.037395833333259,24.56,88.79814001991085
2210.0,4.0375,0.485,4.037395833333259,24.56,88.77278998715614
2215.0,4.035,0.4855,4.03718749999994,24.56,88.74737448427553
2220.0,4.035,0.483,4.0369791666666215,24.56,88.72201135749563
2225.0,4.0375,0.483,4.0369791666666215,24.56,88.69671370084167
2230.0,4.03625,0.487,4.036874999999971,24.56,88.67131129198623
2235.0,4.035,0.482,4.036666666666652,24.56,88.64593507118116
2240.0,4.035,0.482,4.036458333333333,24.56,88.62068979062792
2245.0,4.0375,0.484,4.036458333333333,24.56,88.59539213397395
2250.0,4.035,0.486,4.036250000000014,24.56,88.56998972511852
2255.0,4.035,0.485,4.036041666666695,24.56,88.5445611282127
2260.0,4.035,0.484,4.035937500000027,24.56,88.51918490740765
2265.0,4.035,0.486,4.035729166666708,24.56,88.49378249855219
2270.0,4.035,0.489,4.035520833333389,24.56,88.46824914944493
2275.0,4.03625,0.486,4.035625000000057,24.56,88.44271580033767
2280.0,4.035,0.485,4.035625000000057,24.56,88.41728720343185
2285.0,4.035,0.485,4.035416666666738,24.56,88.39188479457643
2290.0,4.035,0.4855,4.03531250000007,24.56,88.36646929169581
2295.0,4.0375,0.485,4.035520833333389,24.56,88.34105378881519
2300.0,4.035,0.483,4.035520833333389,24.56,88.31570375606049
2305.0,4.0325,0.484,4.0351041666667316,24.56,88.29037991135614
2310.0,4.0325,0.486,4.034895833333394,24.56,88.26497750250071
2315.0,4.035,0.485,4.034895833333394,24.56,88.23954890559492
2320.0,4.035,0.4855,4.034895833333394,24.56,88.2141334027143
2325.0,4.035,0.485,4.034895833333394,24.56,88.18871789983366
2330.0,4.035,0.485,4.034895833333394,24.56,88.16331549097823
2335.0,4.035,0.484,4.034791666666725,24.56,88.13793927017316
2340.0,4.0375,0.483,4.035000000000044,24.56,88.11261542546882
2345.0,4.0375,0.483,4.035208333333363,24.56,88.08731776881486
2350.0,4.0337499999999995,0.4855,4.035104166666694,24.56,88.06195464203496
2355.0,4.0325,0.485,4.034687500000037,24.56,88.03653913915434
2360.0,4.0325,0.486,4.034479166666699,24.56,88.01111054224855
2365.0,4.0325,0.485,4.034479166666699,24.56,87.98568194534275
2370.0,4.0325,0.486,4.034479166666699,24.56,87.96025334843694
2375.0,4.0325,0.485,4.034270833333362,24.56,87.93482475153112
2380.0,4.0325,0.4855,4.034062500000023,24.56,87.90940924865052
2385.0,4.0325,0.4865,4.033854166666686,24.56,87.88395446369435
2390.0,4.0325,0.483,4.033645833333348,24.56,87.85856514886409
2395.0,4.0325,0.4855,4.03343750000001,24.56,87.8332020220842
2400.0,4.0325,0.4855,4.033020833333353,24.56,87.8077734251784
2405.0,4.0325,0.482,4.0326041666666965,24.56,87.78243648644887
2410.0,4.035,0.484,4.032708333333365,24.56,87.7571388297949
2415.0,4.035,0.4845,4.032916666666703,24.56,87.73177570301502
2420.0,4.035,0.486,4.033125000000041,24.56,87.7063602001344
2425.0,4.0337499999999995,0.483,4.03322916666671,24.56,87.68098397932933
2430.0,4.035,0.4845,4.033437500000048,24.56,87.6556470405998
2435.0,4.035,0.483,4.033645833333385,24.56,87.6303101018703
2440.0,4.0337499999999995,0.486,4.033750000000055,24.56,87.60493388106522
2445.0,4.0337499999999995,0.4825,4.033854166666724,24.56,87.57957075428533
2450.0,4.035,0.485,4.034062500000061,24.56,87.5542338155558
2455.0,4.0325,0.4855,4.034062500000061,24.56,87.52881831267518
2460.0,4.0325,0.484,4.034062500000061,24.56,87.50342899784494
2465.0,4.0325,0.486,4.034062500000061,24.56,87.4780265889895
2470.0,4.0325,0.484,4.033854166666724,24.56,87.45262418013407
2475.0,4.035,0.483,4.033854166666724,24.56,87.42730033542972
2480.0,4.0325,0.483,4.033645833333385,24.56,87.40200267877576
2485.0,4.0325,0.4855,4.033541666666717,24.56,87.37663955199586
2490.0,4.0325,0.4865,4.0333333333333785,24.56,87.3511847670397
2495.0,4.035,0.483,4.0333333333333785,24.56,87.32579545220945
2500.0,4.0325,0.4855,4.03322916666671,24.56,87.30043232542955
2505.0,4.0325,0.484,4.033125000000041,24.56,87.27504301059929
2510.0,4.0325,0.483,4.032916666666703,24.56,87.24971916589497
2515.0,4.0325,0.4855,4.032916666666703,24.56,87.22435603911507
2520.0,4.0325,0.484,4.032916666666703,24.56,87.19896672428482
2525.0,4.035,0.483,4.033125000000022,24.56,87.1736428795805
2530.0,4.0325,0.485,4.033125000000003,24.56,87.14829284682578
2535.0,4.035,0.483,4.033124999999984,24.56,87.12294281407108
2540.0,4.0325,0.486,4.033124999999965,24.56,87.09756659326601
2545.0,4.0325,0.485,4.033124999999946,24.56,87.0721379963602
2550.0,4.0325,0.4825,4.033124999999927,24.56,87.04680105763069
2555.0,4.0325,0.482,4.03291666666657,24.56,87.02154268305226
2560.0,4.0325,0.485,4.0329166666665515,24.56,86.99621883834791
2565.0,4.03125,0.4835,4.032812499999882,24.56,86.97085571156803
2570.0,4.0325,0.486,4.032812499999864,24.56,86.94546639673779
2575.0,4.03,0.488,4.032604166666545,24.56,86.91995923568088
2580.0,4.0325,0.486,4.032604166666526,24.56,86.89445207462398
2585.0,4.0325,0.485,4.0323958333331875,24.56,86.86902347771817
2590.0,4.0325,0.485,4.0323958333331875,24.56,86.84362106886275
2595.0,4.03125,0.4855,4.0320833333332,24.56,86.81820556598213
2600.0,4.03,0.485,4.0318749999999,24.56,86.7927900631015
2605.0,4.03,0.483,4.0316666666666,24.56,86.7674400303468
2610.0,4.03,0.484,4.0314583333333,24.56,86.74211618564246
2615.0,4.03,0.485,4.03125,24.56,86.71673996483739
2620.0,4.03,0.486,4.0310416666667,24.56,86.69131136793158
2625.0,4.03,0.4845,4.03093750000005,24.56,86.66589586505097
2630.0,4.0275,0.482,4.030520833333412,24.56,86.6405851143718
2635.0,4.0275,0.483,4.030312500000075,24.56,86.61531364576821
2640.0,4.0275,0.484,4.029895833333437,24.56,86.58998980106387
2645.0,4.0275,0.483,4.029479166666799,24.56,86.56466595635953
2650.0,4.0275,0.485,4.029062500000161,24.56,86.53931592360483
2655.0,4.0275,0.484,4.028750000000173,24.56,86.51393970279976
2660.0,4.0275,0.483,4.028541666666835,24.56,86.48861585809541
2665.0,4.0275,0.485,4.028333333333497,24.56,86.46326582534071
2670.0,4.0275,0.4855,4.028125000000159,24.56,86.4378503224601
2675.0,4.0275,0.483,4.027916666666822,24.56,86.41248719568021
2680.0,4.0275,0.482,4.027708333333483,24.56,86.38721572707661
2685.0,4.0275,0.485,4.0275000000001455,24.56,86.36189188237226
2690.0,4.0275,0.485,4.0275000000001455,24.56,86.33648947351683
2695.0,4.0275,0.485,4.0275000000001455,24.56,86.3110870646614
2700.0,4.0275,0.484,4.0275000000001455,24.56,86.28571084385632
2705.0,4.0275,0.483,4.0275000000001455,24.56,86.26038699915199
2710.0,4.0275,0.485,4.0275000000001455,24.56,86.23503696639729
2715.0,4.0275,0.4845,4.0275000000001455,24.56,86.20964765156704
2720.0,4.0275,0.483,4.0275000000001455,24.56,86.18431071283752
2725.0,4.0275,0.485,4.0275000000001455,24.56,86.15896068008281
2730.0,4.0275,0.485,4.0275000000001455,24.56,86.13355827122737
2735.0,4.0275,0.482,4.0275000000001455,24.56,86.10823442652304
2740.0,4.0275,0.488,4.0275000000001455,24.56,86.0828320176676
2745.0,4.0275,0.484,4.0275000000001455,24.56,86.05737723271143
2750.0,4.0275,0.483,4.0275000000001455,24.56,86.03205338800709
2755.0,4.0275,0.482,4.0275000000001455,24.56,86.00678191940348
2760.0,4.0275,0.4855,4.0275000000001455,24.56,85.98144498067396
2765.0,4.0275,0.4845,4.0275000000001455,24.56,85.95604257181853
2770.0,4.0275,0.483,4.0275000000001455,24.56,85.930705633089
2775.0,4.0275,0.4815,4.0275000000001455,24.56,85.90544725851058
2780.0,4.0275,0.484,4.0275000000001455,24.56,85.8801626958818
2785.0,4.0275,0.483,4.0275000000001455,24.56,85.85483885117746
2790.0,4.0275,0.483,4.0275000000001455,24.56,85.82954119452349
2795.0,4.0275,0.4825,4.0275000000001455,24.56,85.8042566318947
2800.0,4.0275,0.486,4.0275000000001455,24.56,85.77889350511481
2805.0,4.0275,0.4855,4.0275000000001455,24.56,85.75345181418382
2810.0,4.0275,0.4835,4.0275000000001455,24.56,85.72807559337876
2815.0,4.0275,0.483,4.0275000000001455,24.56,85.7027648426996
2820.0,4.02625,0.483,4.027395833333458,24.56,85.67746718604563
2825.0,4.0275,0.483,4.027395833333458,24.56,85.65216952939166
2830.0,4.0275,0.485,4.027395833333458,24.56,85.62681949663695
2835.0,4.02625,0.4835,4.02729166666677,24.56,85.60145636985706
2840.0,4.02625,0.4825,4.027187500000082,24.56,85.5761587132031
2845.0,4.0275,0.486,4.027187500000082,24.56,85.5507955864232
2850.0,4.02625,0.4835,4.027083333333394,24.56,85.52540627159296
2855.0,4.025,0.485,4.026875000000056,24.56,85.50004314481306
2860.0,4.025,0.485,4.026666666666718,24.56,85.47464073595764
2865.0,4.025,0.4855,4.02645833333338,24.56,85.44922523307702
2870.0,4.025,0.483,4.026250000000043,24.53,85.42386210629712
2875.0,4.025,0.483,4.026041666666704,24.56,85.39856444964316
2880.0,4.025,0.485,4.025937500000055,24.56,85.37321441688846
2885.0,4.02625,0.4835,4.025833333333367,24.53,85.34785129010855
2890.0,4.025,0.482,4.025625000000029,24.56,85.32256672747978
2895.0,4.025,0.484,4.0255208333333785,24.56,85.29726907082579
2900.0,4.025,0.4825,4.025416666666729,24.56,85.27195832014665
2905.0,4.025,0.483,4.025208333333391,24.5,85.24667375751787
2910.0,4.025,0.483,4.025104166666741,24.53,85.22137610086389
2915.0,4.025,0.4825,4.025104166666741,24.5,85.19609153823511
2920.0,4.025,0.483,4.025104166666741,24.5,85.17080697560631
2925.0,4.025,0.482,4.025104166666741,24.56,85.1455355070027
2930.0,4.025,0.482,4.025104166666741,24.5,85.12029022644947
2935.0,4.025,0.483,4.025104166666741,24.5,85.09501875784586
2940.0,4.0225,0.48,4.024895833333403,24.5,85.069799665343
2945.0,4.02125,0.4825,4.024479166666727,24.5,85.04459366686531
2950.0,4.0225,0.483,4.024270833333389,24.5,85.01930910423651
2955.0,4.02,0.483,4.023854166666713,24.5,84.99401144758255
2960.0,4.02,0.482,4.023437500000038,24.5,84.96873997897895
2965.0,4.02,0.48,4.023020833333362,24.5,84.94354707452645
2970.0,4.0225,0.482,4.0228125000000245,24.5,84.91835417007394
2975.0,4.0225,0.4845,4.022604166666686,24.5,84.89304341939479
2980.0,4.02,0.483,4.022187500000011,24.5,84.86770648066526
2985.0,4.0225,0.482,4.021979166666672,24.5,84.84243501206166
2990.0,4.02,0.484,4.021562499999997,24.5,84.8171373554077
2995.0,4.02,0.483,4.021145833333321,24.5,84.79181351070335
3000.0,4.0225,0.482,4.021145833333321,24.5,84.76654204209974
3005.0,4.02,0.4815,4.0210416666666715,24.5,84.74130985557169
3010.0,4.02,0.482,4.020833333333333,24.5,84.71607766904363
3015.0,4.02,0.485,4.020833333333333,24.5,84.69075382433931
3020.0,4.02,0.483,4.020833333333333,24.5,84.6654037915846
3025.0,4.02,0.485,4.020833333333333,24.5,84.6400537588299
3030.0,4.02,0.482,4.0206249999999955,24.5,84.61472991412555
3035.0,4.02,0.484,4.020416666666658,24.5,84.58943225747157
3040.0,4.02,0.482,4.020416666666658,24.5,84.56413460081761
3045.0,4.0175,0.485,4.019999999999982,24.5,84.53881075611326
3050.0,4.0175,0.4825,4.019791666666644,24.5,84.51347381738375
3055.0,4.0175,0.485,4.019583333333306,24.5,84.48813687865423
3060.0,4.0175,0.483,4.019166666666631,24.5,84.46278684589953
3065.0,4.0175,0.4835,4.018958333333292,24.5,84.43747609522036
3070.0,4.0175,0.485,4.0187499999999545,24.5,84.41211296844048
3075.0,4.0175,0.485,4.018541666666617,24.5,84.38671055958504
3080.0,4.0175,0.4835,4.0183333333332785,24.5,84.36134743280516
3085.0,4.0175,0.483,4.018124999999941,24.5,84.33603668212601
3090.0,4.0175,0.486,4.017916666666603,24.5,84.31066046132094
3095.0,4.0175,0.483,4.017708333333265,24.5,84.28528424051586
3100.0,4.0175,0.482,4.017499999999927,24.5,84.26001277191226
3105.0,4.0175,0.483,4.017499999999927,24.5,84.23474130330865
3110.0,4.0175,0.486,4.017499999999927,24.5,84.20936508250358
3115.0,4.0175,0.486,4.017499999999927,24.5,84.18391029754741
3120.0,4.0175,0.483,4.017499999999927,24.5,84.15853407674236
3125.0,4.0175,0.4825,4.017499999999927,24.5,84.13324951411356
3130.0,4.0175,0.485,4.017499999999927,24.5,84.10791257538403
3135.0,4.0175,0.482,4.017499999999927,24.5,84.0825887306797
3140.0,4.0175,0.484,4.017499999999927,24.5,84.05729107402573
3145.0,4.0175,0.486,4.017499999999927,24.5,84.0318886651703
3150.0,4.0175,0.482,4.017499999999927,24.5,84.0065386324156
3155.0,4.0175,0.481,4.017499999999927,24.5,83.98131953991272
3160.0,4.0175,0.483,4.017499999999927,24.5,83.95607425935948
3165.0,4.0175,0.482,4.017499999999927,24.5,83.93080279075588
3170.0,4.0175,0.483,4.017499999999927,24.5,83.90553132215227
3175.0,4.0175,0.483,4.017499999999927,24.5,83.88023366549831
3180.0,4.0175,0.482,4.017499999999927,24.5,83.8549621968947
3185.0,4.016249999999999,0.484,4.0173958333332775,24.5,83.82966454024073
3190.0,4.015,0.484,4.017187499999939,24.5,83.80431450748603
3195.0,4.015,0.483,4.0169791666666015,24.5,83.7789906627817
3200.0,4.015,0.483,4.016770833333264,24.5,83.75369300612772
3205.0,4.015,0.481,4.016562499999925,24.5,83.72844772557448
3210.0,4.012499999999999,0.482,4.01614583333325,24.5,83.7032286330716
3215.0,4.01375,0.484,4.015833333333262,24.5,83.67793097641764
3220.0,4.012499999999999,0.4835,4.015416666666586,24.5,83.6525940376881
3225.0,4.015,0.482,4.0152083333332484,24.5,83.62730947505933
3230.0,4.012499999999999,0.482,4.014791666666572,24.5,83.60206419450608
3235.0,4.012499999999999,0.4825,4.014374999999897,24.5,83.57680581992767
3240.0,4.012499999999999,0.483,4.013958333333221,24.5,83.55152125729887
3245.0,4.012499999999999,0.4835,4.013645833333196,24.53,83.52621050661972
3250.0,4.012499999999999,0.483,4.013437499999857,24.5,83.50089975594057
3255.0,4.012499999999999,0.485,4.01322916666652,24.5,83.47554972318588
3260.0,4.012499999999999,0.4815,4.013020833333182,24.5,83.45023897250672
3265.0,4.01,0.4845,4.012604166666544,24.5,83.42494131585273
3270.0,4.01,0.482,4.012395833333244,24.5,83.3996305651736
3275.0,4.01,0.484,4.012083333333256,24.5,83.3743329085196
3280.0,4.012499999999999,0.481,4.012083333333256,24.5,83.34906143991601
3285.0,4.012499999999999,0.483,4.011874999999918,24.5,83.32381615936278
3290.0,4.012499999999999,0.484,4.011874999999918,24.5,83.29849231465843
3295.0,4.0112499999999995,0.485,4.0117708333332684,24.5,83.27311609385337
3300.0,4.01,0.485,4.011562499999968,24.5,83.24771368499793
3305.0,4.0112499999999995,0.481,4.0114583333333185,24.5,83.22241602834396
3310.0,4.012499999999999,0.482,4.0114583333333185,24.5,83.19719693584109
3315.0,4.012499999999999,0.485,4.0114583333333185,24.5,83.17187309113675
3320.0,4.0075,0.483,4.011041666666681,24.5,83.14652305838204
3325.0,4.0075,0.4845,4.010833333333342,24.5,83.12118611965252
3330.0,4.0075,0.482,4.0106250000000045,24.5,83.09587536897337
3335.0,4.0075,0.48,4.010416666666667,24.5,83.07068246452086
3340.0,4.00875,0.4825,4.010104166666679,24.5,83.04547646604318
3345.0,4.01,0.483,4.0098958333333785,24.5,83.02019190341439
3350.0,4.0075,0.485,4.009479166666741,24.5,82.99484187065968
3355.0,4.0075,0.4825,4.009166666666753,24.5,82.96950493193016
3360.0,4.0075,0.482,4.008958333333415,24.5,82.94424655735175
3365.0,4.0075,0.482,4.008645833333428,24.5,82.9190012767985
3370.0,4.0075,0.4825,4.00822916666679,24.5,82.89374290222008
3375.0,4.0075,0.483,4.007812500000152,24.5,82.86845833959129
3380.0,4.0075,0.482,4.007812500000152,24.5,82.84318687098768
3385.0,4.0075,0.483,4.007812500000152,24.5,82.81791540238407
3390.0,4.0075,0.482,4.007812500000152,24.5,82.79264393378048
3395.0,4.005,0.483,4.007604166666813,24.5,82.76737246517688
3400.0,4.00625,0.482,4.007395833333476,24.47,82.74210099657327
3405.0,4.0075,0.483,4.007187500000138,24.44,82.71682952796967
3410.0,4.0075,0.483,4.007187500000138,24.44,82.6915318713157
3415.0,4.0075,0.4825,4.007187500000138,24.44,82.66624730868692
3420.0,4.0075,0.482,4.007187500000138,24.44,82.64098893410849
3425.0,4.0075,0.482,4.007187500000138,24.5,82.61574365355526
3430.0,4.00375,0.483,4.006875000000112,24.5,82.59047218495165
3435.0,4.005,0.485,4.006666666666774,24.5,82.56512215219695
3440.0,4.005,0.483,4.006458333333437,24.5,82.53977211944223
3445.0,4.005,0.483,4.006250000000098,24.5,82.51447446278827
3450.0,4.005,0.482,4.006041666666761,24.5,82.48920299418467
3455.0,4.0024999999999995,0.482,4.005833333333423,24.5,82.46395771363142
3460.0,4.00375,0.482,4.005625000000085,24.5,82.4387124330782
3465.0,4.0024999999999995,0.483,4.005208333333409,24.5,82.41344096447459
3470.0,4.0024999999999995,0.483,4.004791666666733,24.44,82.38814330782061
3475.0,4.0024999999999995,0.4815,4.004375000000057,24.47,82.36288493324219
3480.0,4.0024999999999995,0.483,4.003958333333382,24.5,82.33762655866377
3485.0,4.0024999999999995,0.48,4.003541666666706,24.5,82.31240746616089
3490.0,4.0024999999999995,0.484,4.003437500000056,24.47,82.28716218560766
3495.0,4.0024999999999995,0.482,4.003229166666718,24.44,82.2618645289537
3500.0,4.0024999999999995,0.48,4.00302083333338,24.5,82.23667162450118
3505.0,4.0024999999999995,0.481,4.002812500000043,24.5,82.21150490809904
3510.0,4.0024999999999995,0.48,4.002604166666704,24.5,82.1863381916969
3515.0,4.0024999999999995,0.48,4.002604166666704,24.5,82.16119766334513
3520.0,4.0024999999999995,0.4835,4.002500000000055,24.47,82.13596547681708
3525.0,4.0024999999999995,0.48,4.002500000000055,24.5,82.11073329028902
3530.0,4.0024999999999995,0.48,4.002500000000055,24.5,82.08559276193725
3535.0,4.0024999999999995,0.482,4.002500000000055,24.5,82.06039985748474
3540.0,4.0024999999999995,0.482,4.002500000000055,24.5,82.0351545769315
3545.0,4.0024999999999995,0.48,4.002500000000055,24.5,82.00996167247901
3550.0,4.0,0.481,4.002291666666717,24.5,81.98479495607685
3555.0,4.0,0.4825,4.0020833333333785,24.47,81.95956276954881
3560.0,4.0,0.483,4.001875000000041,24.5,81.93427820692001
3565.0,3.9987500000000002,0.481,4.001562500000053,24.47,81.90903292636678
3570.0,3.9975,0.482,4.001145833333378,24.47,81.88381383386391
3575.0,3.9975,0.482,4.0007291666667015,24.5,81.85856855331066
3580.0,3.9987500000000002,0.481,4.000416666666713,24.5,81.8333494608078
3585.0,3.9975,0.482,4.000000000000038,24.47,81.80813036830492
3590.0,3.9975,0.479,3.999583333333362,24.5,81.78296365190279
3595.0,3.9975,0.482,3.9991666666666865,24.5,81.75779693550065
3600.0,3.9975,0.4815,3.9987500000000105,24.44,81.73256474897259
3605.0,3.9975,0.482,3.998333333333335,24.5,81.70733256244453
3610.0,3.9975,0.481,3.998124999999997,24.47,81.68211346994167
3615.0,3.9975,0.48,3.9979166666666592,24.5,81.65694675353953
3620.0,3.9975,0.482,3.997708333333321,24.44,81.63175384908702
3625.0,3.9975,0.4825,3.9976041666666333,24.5,81.6064954745086
3630.0,3.9975,0.481,3.9976041666666333,24.5,81.58126328798055
3635.0,3.9975,0.48,3.9976041666666333,24.44,81.55609657157841
3640.0,3.995,0.482,3.9972916666666074,24.44,81.5309036671259
3645.0,3.995,0.4825,3.99708333333327,24.5,81.50564529254748
3650.0,3.995,0.482,3.996874999999932,24.5,81.48038691796906
3655.0,3.995,0.4825,3.9966666666665938,24.5,81.45512854339063
3660.0,3.9925,0.481,3.996249999999918,24.5,81.42989635686257
3665.0,3.9925,0.483,3.9958333333332425,24.5,81.40465107630934
3670.0,3.9925,0.4815,3.9954166666665665,24.5,81.37939270173091
3675.0,3.9925,0.4825,3.994999999999891,24.5,81.35414742117769
3680.0,3.9925,0.482,3.9945833333332152,24.5,81.32888904659924
3685.0,3.9925,0.482,3.994166666666539,24.5,81.30364376604602
3690.0,3.9925,0.4805,3.9937499999998636,24.5,81.27843776756832
3695.0,3.9925,0.48,3.993333333333188,24.44,81.25328414519137
3700.0,3.9925,0.48,3.99312499999985,24.5,81.2281436168396
3705.0,3.9925,0.4825,3.992916666666512,24.44,81.20293761836191
3710.0,3.9925,0.483,3.9927083333331743,24.44,81.17765305573312
3715.0,3.9925,0.482,3.9924999999998363,24.5,81.15238158712953
3720.0,3.9925,0.481,3.9924999999998363,24.5,81.12716249462665
3725.0,3.9925,0.48,3.9924999999998363,24.5,81.1019957782245
3730.0,3.9925,0.479,3.9924999999998363,24.5,81.0768814379231
3735.0,3.9925,0.481,3.9924999999998363,24.5,81.05174090957132
3740.0,3.9925,0.48,3.9924999999998363,24.5,81.02657419316918
3745.0,3.9925,0.482,3.9924999999998363,24.44,81.00138128871669
3750.0,3.9925,0.4795,3.9924999999998363,24.44,80.97620147828937
3755.0,3.99,0.48,3.9922916666664983,24.44,80.95107404396278
3760.0,3.99,0.482,3.9920833333331607,24.5,80.92588113951027
3765.0,3.99,0.4795,3.9918749999998226,24.47,80.90070132908295
3770.0,3.99,0.482,3.9916666666664846,24.5,80.87552151865563
3775.0,3.99,0.483,3.991458333333147,24.44,80.85025005005203
3780.0,3.99,0.4805,3.991249999999809,24.5,80.82501786352397
3785.0,3.99,0.485,3.991041666666471,24.44,80.79973330089518
3790.0,3.99,0.48,3.9908333333331334,24.44,80.77446183229158
3795.0,3.99,0.481,3.9906249999997954,24.47,80.74929511588944
3800.0,3.99,0.482,3.9904166666664573,24.44,80.72407602338657
3805.0,3.9875000000000003,0.48,3.9899999999998195,24.44,80.69888311893406
3810.0,3.99,0.482,3.989791666666482,24.47,80.67369021448157
3815.0,3.99,0.482,3.989791666666482,24.44,80.64844493392832
3820.0,3.9875000000000003,0.479,3.9895833333331816,24.5,80.62327821752618
3825.0,3.9850000000000003,0.4795,3.9891666666665437,24.47,80.59817697124996
3830.0,3.9850000000000003,0.479,3.988749999999906,24.5,80.57307572497375
3835.0,3.9850000000000003,0.479,3.988333333333268,24.5,80.5479875727227
3840.0,3.9837500000000006,0.4795,3.9878124999999423,24.5,80.52288632644647
3845.0,3.9850000000000003,0.477,3.9873958333333044,24.5,80.49783745627099
3850.0,3.9850000000000003,0.482,3.9869791666666665,24.5,80.47272311596959
3855.0,3.9850000000000003,0.479,3.9865625000000287,24.5,80.44755639956745
3860.0,3.9825000000000004,0.48,3.985937500000053,24.5,80.42244205926603
3865.0,3.9825000000000004,0.48,3.985520833333377,24.5,80.39730153091426
3870.0,3.9837500000000006,0.478,3.9850000000000514,24.47,80.37221337866323
3875.0,3.9825000000000004,0.48,3.984375000000076,24.5,80.34712522641219
3880.0,3.9825000000000004,0.482,3.9839583333334,24.5,80.32193232195968
3885.0,3.9825000000000004,0.48,3.9837500000000623,24.5,80.29673941750717
3890.0,3.9825000000000004,0.48,3.9835416666667243,24.5,80.2715988891554
3895.0,3.9825000000000004,0.482,3.9833333333333862,24.5,80.24640598470289
3900.0,3.9825000000000004,0.482,3.9832291666667365,24.5,80.22116070414965
3905.0,3.9825000000000004,0.48,3.9830208333333985,24.5,80.19596779969716
3910.0,3.9825000000000004,0.477,3.9828125000000605,24.5,80.17090583549647
3915.0,3.9825000000000004,0.48,3.982604166666723,24.5,80.14584387129581
3920.0,3.9825000000000004,0.48,3.982604166666723,24.5,80.12070334294404
3925.0,3.9825000000000004,0.477,3.982604166666723,24.5,80.09564137874337
3930.0,3.9825000000000004,0.4785,3.9825000000000728,24.5,80.07061869661824
3935.0,3.9825000000000004,0.481,3.9825000000000728,24.5,80.04549126229165
3940.0,3.9825000000000004,0.477,3.9825000000000728,24.5,80.0204031100406
3945.0,3.9825000000000004,0.4795,3.9825000000000728,24.5,79.99535423986511
3950.0,3.97875,0.4805,3.982187500000085,24.47,79.97021371151334
3955.0,3.9775,0.48,3.981770833333409,24.5,79.94506008913639
3960.0,3.9775,0.4795,3.9813541666667334,24.5,79.9199326548098
3965.0,3.9775,0.48,3.9809375000000577,24.5,79.8948052204832
3970.0,3.98,0.477,3.9807291666667197,24.5,79.86974325628253
3975.0,3.98,0.48,3.9805208333333817,24.5,79.84468129208186
3980.0,3.97875,0.481,3.980208333333394,24.5,79.81951457567973
3985.0,3.9775,0.482,3.9797916666667184,24.44,79.79429548317685
3990.0,3.97875,0.479,3.97947916666673,24.5,79.76912876677471
3995.0,3.97875,0.4795,3.9791666666667425,24.5,79.74402752049849
4000.0,3.98,0.48,3.9789583333334044,24.44,79.71890008617191
4005.0,3.9775,0.4795,3.978541666666729,24.5,79.69377265184532
4010.0,3.9762500000000003,0.481,3.978333333333391,24.44,79.66861902946836
4015.0,3.975,0.479,3.978125000000053,24.5,79.64347850111658
4020.0,3.97375,0.479,3.977812500000065,24.5,79.61839034886555
4025.0,3.975,0.479,3.9776041666667274,24.5,79.59330219661452
4030.0,3.9725,0.48,3.976979166666714,24.5,79.5681878563131
4035.0,3.9725,0.479,3.9763541666667,24.5,79.5430735160117
4040.0,3.9725,0.478,3.975833333333336,24.5,79.51801155181101
4045.0,3.9725,0.479,3.9754166666666606,24.44,79.49294958761035
4050.0,3.9725,0.4795,3.974895833333297,24.47,79.46784834133412
4055.0,3.9725,0.4795,3.974374999999933,24.5,79.44273400103272
4060.0,3.975,0.482,3.9739583333332575,24.5,79.4175541906054
4065.0,3.9725,0.4805,3.973541666666582,24.5,79.3923481921277
4070.0,3.9725,0.477,3.973229166666556,24.47,79.36727313390185
4075.0,3.9725,0.479,3.973020833333218,24.5,79.34223735775154
4080.0,3.9725,0.478,3.97291666666653,24.47,79.31717539355088
4085.0,3.9725,0.4805,3.9727083333331925,24.47,79.29207414727465
4090.0,3.9725,0.48,3.9727083333331925,24.5,79.2669205248977
4095.0,3.9725,0.48,3.9727083333331925,24.5,79.24177999654593
4100.0,3.9725,0.4795,3.9727083333331925,24.44,79.21665256221934
4105.0,3.9725,0.479,3.9727083333331925,24.44,79.19155131594312
4110.0,3.9725,0.479,3.9727083333331925,24.44,79.16646316369207
4115.0,3.9725,0.4795,3.9727083333331925,24.5,79.14136191741585
4120.0,3.9725,0.479,3.9724999999998545,24.5,79.11626067113963
4125.0,3.9725,0.479,3.9724999999998545,24.5,79.09117251888858
4130.0,3.9712500000000004,0.479,3.9723958333332043,24.44,79.06608436663754
4135.0,3.97,0.479,3.9721874999998668,24.44,79.04099621438651
4140.0,3.97,0.482,3.9719791666665287,24.44,79.01582949798437
4145.0,3.97,0.4785,3.9717708333331907,24.47,78.99067587560742
4150.0,3.97,0.479,3.971562499999853,24.5,78.96560081738156
4155.0,3.97,0.479,3.971354166666515,24.5,78.94051266513051
4160.0,3.97,0.481,3.971145833333177,24.5,78.91537213677876
4165.0,3.97,0.479,3.9709374999998395,24.5,78.89023160842697
4170.0,3.97,0.48,3.9707291666665014,24.5,78.86511726812556
4175.0,3.97,0.4785,3.9705208333331634,24.44,78.84001602184935
4180.0,3.9675000000000002,0.48,3.9701041666665255,24.44,78.81491477557311
4185.0,3.9675000000000002,0.479,3.9696874999998877,24.44,78.78980043527172
4190.0,3.9662500000000005,0.477,3.969270833333212,24.44,78.76476465912141
4195.0,3.9625,0.479,3.968645833333236,24.44,78.7397288829711
4200.0,3.9625000000000004,0.477,3.9680208333332607,24.44,78.71469310682079
4205.0,3.9625,0.478,3.967395833333285,24.44,78.68968351872086
4210.0,3.9625,0.48,3.966770833333309,24.44,78.66459536646981
4215.0,3.9625,0.48,3.9661458333333335,24.44,78.63945483811804
4220.0,3.9625,0.4795,3.9655208333333576,24.44,78.61432740379145
4225.0,3.9625,0.48,3.9648958333333817,24.44,78.58919996946486
4230.0,3.9625,0.476,3.9642708333334062,24.44,78.56416419331455
4235.0,3.9625,0.4795,3.9636458333334303,24.44,78.53914151118943
4240.0,3.9625,0.48,3.9632291666667547,24.44,78.51401407686284
4245.0,3.9625,0.477,3.9628125000000787,24.44,78.48895211266218
4250.0,3.9625,0.479,3.962500000000091,24.44,78.46391633651186
4255.0,3.9625,0.477,3.962500000000091,24.44,78.43888056036155
4260.0,3.9625,0.48,3.962500000000091,24.44,78.41381859616088
4265.0,3.9625,0.479,3.962500000000091,24.44,78.38870425585948
4270.0,3.9625,0.479,3.962500000000091,24.44,78.36361610360844
4275.0,3.9625,0.479,3.962500000000091,24.44,78.3385279513574
4280.0,3.9625,0.4795,3.962500000000091,24.44,78.31342670508118
4285.0,3.9625,0.48,3.962500000000091,24.44,78.28829927075459
4290.0,3.9600000000000004,0.479,3.962291666666753,24.44,78.26318493045319
4295.0,3.9600000000000004,0.4795,3.9620833333334153,24.44,78.23808368417696
4300.0,3.9600000000000004,0.48,3.9618750000000773,24.44,78.21295624985038
4305.0,3.9600000000000004,0.477,3.9616666666667393,24.44,78.1878942856497
4310.0,3.9600000000000004,0.477,3.9614583333334017,24.44,78.16291088560013
4315.0,3.9600000000000004,0.479,3.9612500000000637,24.5,78.13787510944982
4320.0,3.9600000000000004,0.479,3.9610416666667256,24.44,78.1127869571988
4325.0,3.9600000000000004,0.479,3.960833333333388,24.44,78.08769880494775
4330.0,3.9600000000000004,0.477,3.96062500000005,24.44,78.06266302879745
4335.0,3.9600000000000004,0.477,3.960416666666712,24.44,78.03767962874785
4340.0,3.95875,0.478,3.9601041666666865,24.44,78.01267004064792
4345.0,3.95625,0.4765,3.9595833333333608,24.44,77.98767354657316
4350.0,3.9575,0.48,3.9593750000000227,24.44,77.96262467639767
4355.0,3.9575,0.4765,3.9591666666666847,24.47,77.93757580622218
4360.0,3.9575,0.477,3.958958333333347,24.44,77.9126055001978
4365.0,3.955,0.476,3.958541666666671,24.44,77.88764828819859
4370.0,3.9524999999999997,0.478,3.9579166666666574,24.44,77.86266488814901
4375.0,3.95375,0.4775,3.9573958333333317,24.47,77.83764220602389
4380.0,3.955,0.476,3.956979166666656,24.44,77.8126718999995
4385.0,3.955,0.478,3.9565624999999804,24.44,77.78768849994992
4390.0,3.95375,0.475,3.9560416666666547,24.44,77.7627312879507
4395.0,3.9524999999999997,0.477,3.955416666666641,24.44,77.73780026400186
4400.0,3.9524999999999997,0.477,3.9548958333333153,24.44,77.7128168639523
4405.0,3.9524999999999997,0.4765,3.9545833333332894,24.44,77.6878465579279
4410.0,3.9524999999999997,0.479,3.9541666666666138,24.44,77.66282387580277
4415.0,3.9524999999999997,0.4785,3.9537499999999377,24.44,77.63774881757692
4420.0,3.9499999999999997,0.478,3.953124999999924,24.44,77.61269994740144
4425.0,3.9475,0.476,3.9524999999999486,24.44,77.58771654735185
4430.0,3.94625,0.477,3.951979166666623,24.44,77.56275933535264
4435.0,3.95,0.475,3.951666666666597,24.44,77.5378283114038
4440.0,3.95,0.479,3.9512499999999213,24.44,77.51284491135422
4445.0,3.95,0.4785,3.9508333333332453,24.44,77.48776985312837
4450.0,3.95,0.476,3.95052083333322,24.44,77.4627733590536
4455.0,3.95,0.479,3.9503124999998818,24.44,77.43776377095367
4460.0,3.95,0.478,3.9501041666665437,24.44,77.41270180675299
4465.0,3.95,0.474,3.949895833333206,24.44,77.38777078280415
4470.0,3.95,0.477,3.949687499999868,24.44,77.36286594690569
4475.0,3.95,0.4775,3.94947916666653,24.44,77.33786945283092
4480.0,3.95,0.4765,3.94947916666653,24.44,77.31288605278135
4485.0,3.95,0.477,3.9496874999998304,24.44,77.28791574675695
4490.0,3.95,0.474,3.949999999999818,24.44,77.26301091085847
4495.0,3.94875,0.4775,3.949895833333168,24.44,77.23809298093482
4500.0,3.95,0.477,3.949895833333168,24.44,77.21309648686007
4505.0,3.95,0.477,3.949895833333168,24.44,77.18811308681049
4510.0,3.9475,0.4775,3.949687499999868,24.44,77.16311659273573
4515.0,3.9425,0.474,3.9490624999998922,24.44,77.13819866281207
4520.0,3.9450000000000003,0.477,3.9486458333332544,24.44,77.1132938269136
4525.0,3.9450000000000003,0.4795,3.9482291666666165,24.44,77.08824495673812
4530.0,3.9450000000000003,0.476,3.9478124999999786,24.44,77.06322227461298
4535.0,3.9450000000000003,0.476,3.9473958333333408,24.44,77.03829125066414
4540.0,3.9450000000000003,0.4765,3.946979166666703,24.44,77.01334713269013
4545.0,3.9450000000000003,0.476,3.946562500000065,24.44,76.9884030147161
4550.0,3.9425,0.476,3.9459375000000896,24.44,76.96347199076725
4555.0,3.9425,0.477,3.945416666666764,24.44,76.93851477876805
4560.0,3.9425,0.476,3.944791666666788,24.44,76.91355756676884
4565.0,3.9425,0.476,3.944166666666812,24.44,76.88862654281999
4570.0,3.94,0.477,3.9435416666667984,24.44,76.86366933082078
4575.0,3.9375,0.474,3.943125000000123,24.44,76.8387644949223
4580.0,3.9425,0.479,3.9429166666667848,24.44,76.81380728292311
4585.0,3.9425,0.477,3.942708333333447,24.44,76.7887715067728
4590.0,3.9425,0.476,3.942500000000109,24.44,76.7638142947736
4595.0,3.9425,0.474,3.942291666666771,24.44,76.73893564692548
4600.0,3.94125,0.478,3.9419791666667456,24.44,76.71400462297665
4605.0,3.9400000000000004,0.479,3.9415625000000696,24.44,76.68894265877597
4610.0,3.9400000000000004,0.476,3.941354166666732,24.44,76.66393307067602
4615.0,3.9400000000000004,0.4765,3.941145833333394,24.44,76.63898895270201
4620.0,3.9400000000000004,0.477,3.940937500000056,24.44,76.61401864667762
4625.0,3.9400000000000004,0.474,3.9407291666667184,24.44,76.58911381077914
4630.0,3.9400000000000004,0.476,3.9407291666667184,24.44,76.56423516293103
4635.0,3.9400000000000004,0.477,3.940937500000056,24.44,76.53927795093183
4640.0,3.9400000000000004,0.473,3.9407291666667184,24.44,76.5143993030837
4645.0,3.9400000000000004,0.4765,3.9405208333333803,24.44,76.48953374926079
4650.0,3.9400000000000004,0.476,3.9403125000000423,24.44,76.46458963128676
4655.0,3.9400000000000004,0.474,3.9401041666667047,24.44,76.43971098343866
4660.0,3.93875,0.478,3.9398958333333667,24.44,76.4147799594898
4665.0,3.9375,0.479,3.9396875000000287,24.44,76.38971799528915
4670.0,3.9400000000000004,0.479,3.9396875000000287,24.44,76.3646298430381
4675.0,3.9375,0.4775,3.939479166666691,24.44,76.3395809728626
4680.0,3.9375,0.477,3.939270833333353,24.44,76.31458447878785
4685.0,3.9375,0.473,3.939062500000015,24.44,76.28970583093975
4690.0,3.93375,0.475,3.9385416666666893,24.44,76.26487955919237
4695.0,3.935,0.479,3.9381250000000136,24.44,76.2398961591428
4700.0,3.935,0.476,3.937708333333338,24.44,76.21488657104285
4705.0,3.935,0.4775,3.937291666666662,24.44,76.18991626501847
4710.0,3.935,0.476,3.9368749999999864,24.44,76.16494595899408
4715.0,3.935,0.476,3.9364583333333107,24.44,76.14001493504523
4720.0,3.9324999999999997,0.4765,3.935937499999985,24.44,76.1150708170712
4725.0,3.9324999999999997,0.4775,3.935520833333309,24.44,76.09008741702164
4730.0,3.9324999999999997,0.476,3.9348958333332953,24.44,76.06511711099724
4735.0,3.9324999999999997,0.476,3.9344791666666197,24.44,76.0401860870484
4740.0,3.9324999999999997,0.478,3.934062499999944,24.44,76.01520268699883
4745.0,3.9324999999999997,0.474,3.933645833333268,24.44,75.99027166304998
4750.0,3.9324999999999997,0.4745,3.93354166666658,24.44,75.96543229727743
4755.0,3.9324999999999997,0.478,3.9333333333332425,24.44,75.9404881793034
4760.0,3.9324999999999997,0.477,3.9331249999999045,24.44,75.91547859120347
4765.0,3.9324999999999997,0.475,3.9329166666665665,24.44,75.89054756725461
4770.0,3.93,0.477,3.932499999999891,24.44,75.86561654330578
4775.0,3.93,0.474,3.9320833333332152,24.44,75.84071170740731
4780.0,3.93,0.474,3.931874999999877,24.44,75.81588543565992
4785.0,3.93,0.478,3.931666666666539,24.44,75.79095441171108
4790.0,3.93,0.471,3.9314583333332016,24.44,75.76610195191334
4795.0,3.92875,0.4765,3.9311458333332134,24.44,75.74128877419115
4800.0,3.9275,0.474,3.930729166666538,24.44,75.71639703231786
4805.0,3.9275,0.476,3.930312499999862,24.44,75.69151838446976
4810.0,3.92875,0.4775,3.929999999999874,24.44,75.66654807844536
4815.0,3.9275,0.4775,3.9295833333331984,24.44,75.64153849034543
4820.0,3.9275,0.476,3.929166666666523,24.44,75.61656818432103
4825.0,3.9275,0.4765,3.9287499999998468,24.44,75.59162406634701
4830.0,3.9275,0.477,3.928541666666509,24.44,75.56665376032262
4835.0,3.9275,0.474,3.928333333333171,24.44,75.54174892442414
4840.0,3.9275,0.4765,3.928124999999833,24.44,75.51685718255085
4845.0,3.9275,0.474,3.9279166666664955,24.44,75.49196544067756
4850.0,3.93,0.476,3.9279166666664955,24.44,75.46708679282946
4855.0,3.925,0.4765,3.9276041666665074,24.44,75.44214267485543
4860.0,3.9262499999999996,0.475,3.9274999999998577,24.44,75.41722474493177
4865.0,3.925,0.474,3.9272916666665574,24.44,75.39237228513404
4870.0,3.925,0.476,3.9269791666665697,24.44,75.36749363728593
4875.0,3.925,0.474,3.92677083333327,24.44,75.34261498943782
4880.0,3.9225,0.474,3.926354166666632,24.44,75.31778871769045
4885.0,3.925,0.476,3.9261458333333317,24.44,75.29291006984235
4890.0,3.92375,0.475,3.925833333333344,24.44,75.26800523394387
4895.0,3.925,0.474,3.925625000000044,24.44,75.24315277414613
4900.0,3.9225,0.476,3.9252083333334062,24.44,75.21827412629803
4905.0,3.9225,0.4765,3.9247916666667684,24.44,75.193330008324
4910.0,3.9225,0.473,3.9241666666667925,24.44,75.16846445450108
4915.0,3.9225,0.476,3.9239583333334545,24.44,75.14361199470332
4920.0,3.9225,0.4735,3.9236458333334667,24.44,75.1187464408804
4925.0,3.9225,0.474,3.9234375000001287,24.44,75.0939332631582
4930.0,3.9225,0.474,3.923229166666791,24.44,75.06910699141083
4935.0,3.9225,0.477,3.923020833333453,24.44,75.04420215551235
4940.0,3.92,0.474,3.922812500000115,24.44,75.01929731961387
4945.0,3.92,0.476,3.9223958333334394,24.44,74.99441867176577
4950.0,3.92,0.474,3.9220833333334517,24.44,74.96954002391767
4955.0,3.92,0.474,3.9216666666667757,24.44,74.94471375217029
4960.0,3.92,0.477,3.921458333333438,24.44,74.91980891627182
4965.0,3.92,0.475,3.9212500000001,24.44,74.89487789232298
4970.0,3.92,0.476,3.921041666666762,24.44,74.8699730564245
4975.0,3.92,0.476,3.9208333333334244,24.44,74.84504203247566
4980.0,3.92,0.4725,3.9206250000000864,24.44,74.8202026667031
4985.0,3.92,0.476,3.9204166666667484,24.44,74.79536330093053
4990.0,3.92,0.479,3.920208333333411,24.44,74.7703537128306
4995.0,3.92,0.475,3.9200000000000728,24.44,74.74537031278102
5000.0,3.92,0.474,3.9200000000000728,24.44,74.72051785298328
5005.0,3.92,0.473,3.9200000000000728,24.44,74.69571776928628
5010.0,3.91875,0.475,3.919895833333385,24.44,74.67089149753889
5015.0,3.9175,0.474,3.919687500000047,24.44,74.64603903774116
5020.0,3.9175,0.476,3.9194791666667093,24.44,74.62116038989305
5025.0,3.915,0.4735,3.919062500000033,24.44,74.59629483607011
5030.0,3.915,0.474,3.9186458333333576,24.44,74.57148165834792
5035.0,3.9125,0.474,3.918020833333344,24.44,74.54665538660056
5040.0,3.915,0.4745,3.9176041666666683,24.44,74.521816020828
5045.0,3.915,0.477,3.9171874999999923,24.44,74.49689809090434
5050.0,3.915,0.477,3.9167708333333167,24.44,74.47191469085477
5055.0,3.915,0.474,3.916354166666641,24.44,74.44700985495629
5060.0,3.9125,0.473,3.9157291666666274,24.44,74.42220977125929
5065.0,3.915,0.474,3.9153124999999513,24.44,74.39740968756227
5070.0,3.9125,0.474,3.9147916666666256,24.44,74.3725834158149
5075.0,3.9125,0.476,3.91437499999995,24.44,74.34770476796679
5080.0,3.9125,0.476,3.9139583333332744,24.44,74.32277374401795
5085.0,3.9125,0.4765,3.9137499999999363,24.44,74.29782962604392
5090.0,3.9125,0.477,3.9135416666665983,24.44,74.27285932001953
5095.0,3.9125,0.474,3.9135416666665983,24.44,74.24795448412105
5100.0,3.9075,0.4735,3.912916666666623,24.44,74.22314130639887
5105.0,3.91,0.4755,3.912499999999947,24.44,74.19828884660113
5110.0,3.91,0.476,3.912083333333271,24.44,74.17337091667747
5115.0,3.91,0.472,3.9116666666665956,24.44,74.1485446449301
5120.0,3.91,0.476,3.9114583333332575,24.44,74.12371837318273
5125.0,3.91,0.471,3.911041666666582,24.44,74.09891828948571
5130.0,3.91,0.475,3.910833333333244,24.405,74.07414439383908
5135.0,3.91,0.4735,3.910624999999906,24.44,74.04930502806651
5140.0,3.91,0.473,3.9104166666665683,24.44,74.02451803839469
5145.0,3.9075,0.476,3.9099999999999304,24.44,73.99966557859695
5150.0,3.9075,0.475,3.9095833333332926,24.44,73.97476074269848
5155.0,3.9075,0.474,3.9091666666666547,24.44,73.94990828290074
5160.0,3.9075,0.475,3.9091666666666547,24.44,73.925055823103
5165.0,3.9075,0.472,3.9089583333333544,24.44,73.90025573940598
5170.0,3.9075,0.474,3.9087500000000546,24.44,73.87548184375933
5175.0,3.9075,0.473,3.9085416666667547,24.44,73.85068176006233
5180.0,3.9075,0.474,3.9083333333334545,24.44,73.82588167636533
5185.0,3.9075,0.471,3.9081250000001546,24.44,73.80113396876905
5190.0,3.9075,0.476,3.9079166666668548,24.44,73.77633388507205
5195.0,3.9075,0.471,3.9077083333335545,24.44,73.75153380137503
5200.0,3.9050000000000002,0.473,3.907291666666879,24.5,73.72681228182913
5205.0,3.9050000000000002,0.4735,3.907083333333503,24.5,73.7020252921573
5210.0,3.9050000000000002,0.473,3.9068750000001273,24.5,73.67723830248548
5215.0,3.9050000000000002,0.474,3.9066666666667516,24.5,73.65243821878846
5220.0,3.9050000000000002,0.4735,3.9064583333333758,24.5,73.62762504106628
5225.0,3.9050000000000002,0.4745,3.90625,24.5,73.6027987693189
5230.0,3.9050000000000002,0.474,3.9060416666666242,24.5,73.57795940354634
5235.0,3.9025000000000003,0.474,3.9056249999999486,24.5,73.55313313179896
5240.0,3.9037500000000005,0.4745,3.9053124999999604,24.5,73.52829376602641
5245.0,3.9025000000000003,0.474,3.904895833333285,24.5,73.50345440025386
5250.0,3.9025000000000003,0.4725,3.904479166666609,24.5,73.47866741058202
5255.0,3.9037500000000005,0.4725,3.904166666666621,24.5,73.45391970298574
5260.0,3.9025000000000003,0.471,3.903958333333321,24.5,73.42921127746503
5265.0,3.9025000000000003,0.473,3.9037500000000214,24.5,73.40448975791911
5270.0,3.9025000000000003,0.472,3.903541666666721,24.5,73.37974205032283
5275.0,3.9025000000000003,0.471,3.9033333333334213,24.5,73.35504671882728
5280.0,3.9025000000000003,0.473,3.9031250000001214,24.5,73.33032519928138
5285.0,3.9025000000000003,0.4705,3.902916666666821,24.56,73.30561677376065
5290.0,3.9,0.473,3.9025000000001455,24.56,73.28090834823993
5295.0,3.9,0.473,3.9022916666667697,24.56,73.25613445259329
5300.0,3.9,0.472,3.901979166666706,24.56,73.23138674499701
5305.0,3.9,0.471,3.9017708333333303,24.56,73.20669141350147
5310.0,3.9,0.474,3.9015624999999545,24.56,73.18194370590518
5315.0,3.9,0.47,3.901249999999891,24.56,73.15722218635928
5320.0,3.9,0.471,3.901041666666515,24.56,73.13257923096445
5325.0,3.9,0.471,3.9008333333331393,24.56,73.10791008751929
5330.0,3.9,0.471,3.9006249999997635,24.56,73.0832409440741
5335.0,3.9,0.473,3.9004166666663878,24.56,73.05851942452819
5340.0,3.9,0.474,3.900208333333012,24.56,73.03371934083118
5345.0,3.9,0.4735,3.899999999999636,24.56,73.008906163109
5350.0,3.9,0.473,3.899999999999636,24.56,72.98411917343716
5355.0,3.8975,0.471,3.8997916666663364,24.56,72.95939765389126
5360.0,3.8975,0.47050000000000003,3.899583333333036,24.59,72.93474160447127
5365.0,3.8975,0.474,3.8993749999997362,24.62,72.91000699090017
5370.0,3.8975,0.473,3.8991666666664364,24.62,72.88520690720317
5375.0,3.9,0.471,3.8991666666664364,24.62,72.86048538765726
5380.0,3.9,0.473,3.8991666666664364,24.62,72.83576386811134
5385.0,3.8975,0.471,3.898958333333136,24.62,72.81104234856544
5390.0,3.895,0.46950000000000003,3.8985416666665365,24.62,72.7864124871958
5395.0,3.895,0.47,3.8981249999999363,24.62,72.76180881387656
5400.0,3.895,0.473,3.897708333333336,24.62,72.737113482381
5405.0,3.895,0.4735,3.8972916666667365,24.62,72.71232649270918
5410.0,3.895,0.471,3.8968750000001364,24.62,72.68759187913808
5415.0,3.895,0.471,3.8966666666668366,24.62,72.6629227356929
5420.0,3.8925,0.472,3.8962500000001605,24.62,72.63822740419737
5425.0,3.8925,0.474,3.895833333333485,24.62,72.61345350855072
5430.0,3.8925,0.471,3.8954166666668093,24.62,72.58870580095444
5435.0,3.8925,0.4705,3.8947916666668334,24.62,72.56404975153445
5440.0,3.8925,0.467,3.8941666666668575,24.62,72.53949845431592
5445.0,3.8925,0.47,3.893750000000182,24.62,72.51496025112257
5450.0,3.8925,0.471,3.893541666666806,24.62,72.49031729572776
5455.0,3.8925,0.474,3.8933333333334303,24.62,72.46556958813149
5460.0,3.8925,0.474,3.8931250000000546,24.62,72.4407433163841
5465.0,3.8925,0.4725,3.892916666666679,24.62,72.41595632671228
5470.0,3.8925,0.471,3.892708333333303,24.62,72.39124790119156
5475.0,3.8925,0.47,3.8924999999999272,24.62,72.36660494579674
5480.0,3.89,0.469,3.8922916666666274,24.62,72.34201436650267
5485.0,3.89,0.471,3.892083333333327,24.62,72.31739759915823
5490.0,3.89,0.471,3.8918750000000273,24.62,72.29272845571305
5495.0,3.89,0.4705,3.8916666666667274,24.62,72.26807240629306
5500.0,3.89,0.472,3.891458333333427,24.62,72.24339016882271
5505.0,3.89,0.47,3.8912500000001273,24.62,72.21872102537752
5510.0,3.89,0.47,3.8910416666668275,24.62,72.19410425803308
5515.0,3.89,0.4715,3.890833333333527,24.62,72.16944820861309
5520.0,3.89,0.468,3.8906250000002274,24.62,72.14484453529381
5525.0,3.89,0.4685,3.8904166666669275,24.62,72.12031942612566
5530.0,3.89,0.47,3.8902083333336273,24.62,72.09574194085677
5535.0,3.89,0.47,3.8900000000003274,24.62,72.07112517351233
5540.0,3.89,0.4715,3.8900000000003274,24.62,72.04646912409233
5545.0,3.88875,0.47,3.8898958333336395,24.59,72.02181307467232
5550.0,3.8875,0.473,3.8896875000002638,24.62,71.99711774317679
5555.0,3.8875,0.46950000000000003,3.889479166666888,24.56,71.97243550570643
5560.0,3.8875,0.4705,3.889270833333512,24.62,71.94781873836197
5565.0,3.8875,0.473,3.8890625000001364,24.62,71.92311031284126
5570.0,3.8875,0.4705,3.8888541666667606,24.62,71.89840188732055
5575.0,3.8875,0.469,3.888645833333385,24.62,71.87379821400128
5580.0,3.8875,0.471,3.888437500000009,24.62,71.84918144665684
5585.0,3.88875,0.469,3.888333333333321,24.62,71.8245646793124
5590.0,3.88875,0.4705,3.8882291666666333,24.59,71.79996100599313
5595.0,3.8874999999999997,0.468,3.8880208333332575,24.62,71.77538352072423
5600.0,3.885,0.468,3.887604166666582,24.59,71.75087150558126
5605.0,3.88375,0.4705,3.887187499999906,24.59,71.72629402031237
5610.0,3.885,0.468,3.886979166666606,24.56,71.70171653504347
5615.0,3.885,0.46950000000000003,3.886770833333306,24.59,71.67716523782494
5620.0,3.88375,0.4685,3.886458333333318,24.59,71.65260084658122
5625.0,3.8825000000000003,0.468,3.8860416666666424,24.62,71.62807573741307
5630.0,3.8825000000000003,0.4715,3.885624999999967,24.59,71.60347206409381
5635.0,3.8825000000000003,0.4675,3.8852083333332907,24.56,71.57888148479972
5640.0,3.8825000000000003,0.47,3.884791666666615,24.56,71.5543301875812
5645.0,3.8825000000000003,0.47,3.8842708333332516,24.59,71.52971342023675
5650.0,3.8825000000000003,0.471,3.8837499999998877,24.56,71.50507046484195
5655.0,3.8825000000000003,0.47,3.883333333333212,24.56,71.48042750944714
5660.0,3.8825000000000003,0.471,3.8831249999998363,24.62,71.45578455405233
5665.0,3.8825000000000003,0.47050000000000003,3.8830208333331484,24.56,71.43112850463234
5670.0,3.8775000000000004,0.47,3.882395833333097,24.56,71.40649864326271
5675.0,3.88,0.471,3.881979166666421,24.56,71.3818556878679
5680.0,3.88,0.46950000000000003,3.8816666666664332,24.56,71.35722582649827
5685.0,3.8774999999999995,0.47,3.8812499999997576,24.56,71.332622153179
5690.0,3.8774999999999995,0.47,3.8808333333330816,24.56,71.30800538583456
5695.0,3.8774999999999995,0.4675,3.880416666666406,24.56,71.28345408861603
5700.0,3.8774999999999995,0.47,3.8799999999997303,24.56,71.2589027913975
5705.0,3.8774999999999995,0.471,3.8795833333330543,24.56,71.23425983600269
5710.0,3.8774999999999995,0.47,3.8791666666663787,24.56,71.20961688060788
5715.0,3.8774999999999995,0.471,3.878749999999703,24.56,71.18497392521309
5720.0,3.8774999999999995,0.468,3.878333333333027,24.56,71.160383345919
5725.0,3.8774999999999995,0.47,3.8779166666663514,24.56,71.13581895467529
5730.0,3.8774999999999995,0.471,3.8779166666663514,24.56,71.11117599928048
5735.0,3.8774999999999995,0.471,3.8777083333329756,24.56,71.08650685583531
5740.0,3.8774999999999995,0.469,3.8774999999996,24.56,71.06189008849087
5745.0,3.8774999999999995,0.468,3.8774999999996,24.56,71.03735188529751
5750.0,3.8774999999999995,0.467,3.8774999999996,24.56,71.0128660582049
5755.0,3.8774999999999995,0.47050000000000003,3.8774999999996,24.56,70.98831476098637
5760.0,3.8774999999999995,0.47,3.8774999999996,24.56,70.96368489961675
5765.0,3.8774999999999995,0.47,3.8774999999996,24.56,70.93906813227231
5770.0,3.8774999999999995,0.47,3.8774999999996,24.56,70.91445136492787
5775.0,3.8774999999999995,0.471,3.8774999999996,24.56,70.88980840953305
5780.0,3.8774999999999995,0.468,3.8774999999996,24.56,70.86521783023898
5785.0,3.8774999999999995,0.4705,3.8774999999996,24.56,70.84064034497008
5790.0,3.8774999999999995,0.47,3.8774999999996,24.56,70.81601048360045
5795.0,3.8774999999999995,0.467,3.8774999999996,24.56,70.79147228040709
5800.0,3.8774999999999995,0.46950000000000003,3.8774999999996,24.56,70.76694717123895
5805.0,3.875,0.47,3.8772916666663,24.56,70.74234349791968
5810.0,3.875,0.467,3.8770833333329997,24.56,70.71780529472633
5815.0,3.87375,0.4685,3.876770833333012,24.56,70.69330637360854
5820.0,3.875,0.468,3.876562499999712,24.56,70.66878126444038
5825.0,3.8724999999999996,0.47,3.876145833333112,24.56,70.64421687319667
5830.0,3.87375,0.469,3.8758333333331243,24.56,70.6196262939026
5835.0,3.8724999999999996,0.468,3.875416666666524,24.56,70.59508809070924
5840.0,3.8724999999999996,0.471,3.874999999999924,24.56,70.57049751141517
5845.0,3.8724999999999996,0.4675,3.8745833333333244,24.56,70.54592002614628
5850.0,3.8724999999999996,0.468,3.8741666666667243,24.56,70.52142110502848
5855.0,3.8724999999999996,0.471,3.873750000000124,24.56,70.49683052573441
5860.0,3.8724999999999996,0.469,3.8733333333335245,24.56,70.47221375838997
5865.0,3.8724999999999996,0.47,3.873125000000224,24.56,70.4476231790959
5870.0,3.8724999999999996,0.468,3.8729166666669244,24.56,70.42305878785217
5875.0,3.8724999999999996,0.47,3.8728125000003124,24.56,70.39849439660848
5880.0,3.87,0.467,3.8723958333336364,24.56,70.37395619341513
5885.0,3.87,0.468,3.8721875000002606,24.56,70.3494703663225
5890.0,3.87,0.469,3.871875000000273,24.56,70.32493216312916
5895.0,3.87,0.47,3.871666666666897,24.56,70.30034158383509
5900.0,3.87,0.47,3.8714583333335213,24.56,70.27572481649065
5905.0,3.87,0.47,3.8712500000001455,24.56,70.25110804914621
5910.0,3.87,0.47,3.8710416666667697,24.56,70.22649128180176
5915.0,3.87,0.471,3.870833333333394,24.56,70.20184832640695
5920.0,3.86875,0.4675,3.8705208333333303,24.56,70.17727084113805
5925.0,3.86875,0.47,3.8702083333332666,24.56,70.15271954391953
5930.0,3.8674999999999997,0.47,3.869791666666591,24.56,70.12810277657509
5935.0,3.8674999999999997,0.4715,3.869374999999915,24.56,70.10344672715509
5940.0,3.8674999999999997,0.469,3.869166666666615,24.56,70.07881686578547
5945.0,3.8674999999999997,0.47,3.8689583333333153,24.56,70.05422628649139
5950.0,3.8674999999999997,0.468,3.868750000000015,24.56,70.02966189524767
5955.0,3.8674999999999997,0.4675,3.868541666666715,24.56,70.00516297412989
5960.0,3.8674999999999997,0.47,3.8683333333334153,24.56,69.98061167691137
5965.0,3.8674999999999997,0.469,3.868125000000115,24.56,69.95602109761728
5970.0,3.8674999999999997,0.4675,3.867916666666815,24.56,69.93149598844911
5975.0,3.8674999999999997,0.468,3.8677083333335154,24.56,69.90699706733132
5980.0,3.8674999999999997,0.468,3.867604166666903,24.56,69.88248505218834
5985.0,3.8674999999999997,0.47,3.867500000000291,24.56,69.85792066094464
5990.0,3.8674999999999997,0.468,3.867500000000291,24.56,69.83335626970093
5995.0,3.8674999999999997,0.46950000000000003,3.867500000000291,24.56,69.8088049724824
6000.0,3.8674999999999997,0.471,3.867500000000291,24.56,69.78417511111277
6005.0,3.8674999999999997,0.467,3.867500000000291,24.56,69.75961071986907
6010.0,3.8674999999999997,0.4705,3.867500000000291,24.56,69.73505942265054
6015.0,3.86625,0.4675,3.867395833333603,24.56,69.71049503140682
6020.0,3.8674999999999997,0.47,3.867395833333603,24.56,69.6859437341883
6025.0,3.86375,0.471,3.8670833333336154,24.5,69.66130077879349
6030.0,3.8625,0.4675,3.8666666666669394,24.5,69.6367232935246
6035.0,3.8625,0.47,3.8662500000002638,24.5,69.61217199630607
6040.0,3.865,0.473,3.866041666666888,24.5,69.58747666481052
6045.0,3.86375,0.468,3.8657291666669003,24.5,69.56283370941571
6050.0,3.8625,0.47,3.865312500000224,24.5,69.538269318172
6055.0,3.8625,0.47,3.8648958333335486,24.5,69.51365255082756
6060.0,3.8625,0.4705,3.864479166666873,24.5,69.48902268945794
6065.0,3.8625,0.468,3.864062500000197,24.5,69.46444520418905
6070.0,3.8625,0.47,3.8636458333335213,24.5,69.43988081294532
6075.0,3.8625,0.4675,3.8633333333335336,24.5,69.4153295157268
6080.0,3.8625,0.468,3.8629166666668575,24.5,69.390830594609
6085.0,3.8625,0.47,3.8628125000001696,24.5,69.3662662033653
6090.0,3.8625,0.47,3.8628125000001696,24.5,69.34164943602086
6095.0,3.8625,0.47,3.8628125000001696,24.5,69.31703266867642
6100.0,3.8625,0.468,3.86260416666687,24.5,69.29246827743269
6105.0,3.8600000000000003,0.468,3.862291666666806,24.5,69.26795626228972
6110.0,3.8600000000000003,0.47,3.8620833333334303,24.5,69.24339187104601
6115.0,3.8600000000000003,0.468,3.8618750000000546,24.5,69.2188274798023
6120.0,3.8600000000000003,0.4705,3.861666666666679,24.5,69.19424999453341
6125.0,3.8600000000000003,0.467,3.861458333333303,24.5,69.16969869731489
6130.0,3.8600000000000003,0.468,3.8612499999999272,24.5,69.14521287022227
6135.0,3.8575,0.469,3.8608333333332516,24.5,69.12067466702892
6140.0,3.8575,0.471,3.8604166666665756,24.5,69.09605789968448
6145.0,3.8575,0.468,3.8599999999999,24.5,69.0714673203904
6150.0,3.85875,0.469,3.8596874999999122,24.5,69.04692911719705
6155.0,3.8575,0.47,3.859270833333236,24.5,69.02233853790298
6160.0,3.8575,0.468,3.8588541666665606,24.5,68.99777414665927
6165.0,3.8575,0.469,3.8586458333332607,24.5,68.97323594346592
6170.0,3.8575,0.468,3.8584374999999604,24.5,68.94869774027258
6175.0,3.8575,0.468,3.8582291666666606,24.5,68.92418572512959
6180.0,3.8575,0.4675,3.8580208333333608,24.5,68.89968680401181
6185.0,3.8575,0.47,3.8578125000000605,24.5,68.87513550679327
6190.0,3.8575,0.465,3.8576041666667606,24.5,68.85064967970067
6195.0,3.8575,0.46950000000000003,3.8576041666667606,24.5,68.82617694663324
6200.0,3.8575,0.471,3.8576041666667606,24.5,68.8015470852636
6205.0,3.8575,0.467,3.8576041666667606,24.5,68.7769826940199
6210.0,3.8575,0.46950000000000003,3.8575000000000728,24.5,68.75245758485174
6215.0,3.8575,0.468,3.8575000000000728,24.5,68.72790628763322
6220.0,3.8575,0.47,3.8575000000000728,24.5,68.7033418963895
6225.0,3.8575,0.469,3.8575000000000728,24.5,68.67875131709542
6230.0,3.8575,0.468,3.8575000000000728,24.5,68.65421311390207
6235.0,3.8575,0.467,3.8575000000000728,24.5,68.62972728680947
6240.0,3.8575,0.469,3.8575000000000728,24.5,68.6052152716665
6245.0,3.8575,0.468,3.8575000000000728,24.5,68.58067706847315
6250.0,3.8575,0.468,3.8575000000000728,24.5,68.55616505333016
6255.0,3.8575,0.46950000000000003,3.8575000000000728,24.5,68.53161375611162
6260.0,3.8575,0.468,3.8575000000000728,24.5,68.5070624588931
6265.0,3.8525,0.471,3.857083333333397,24.5,68.48247187959903
6270.0,3.85375,0.4665,3.856770833333409,24.5,68.45792058238051
6275.0,3.85375,0.4705,3.8564583333334213,24.5,68.43338237918715
6280.0,3.8525,0.468,3.8560416666667456,24.5,68.40880489391826
6285.0,3.8525,0.47,3.8556250000000696,24.5,68.38424050267456
6290.0,3.8525,0.469,3.855208333333394,24.5,68.35964992338049
6295.0,3.8525,0.468,3.8547916666667184,24.5,68.33511172018714
6300.0,3.8525,0.46950000000000003,3.8543750000000423,24.5,68.3105604229686
6305.0,3.8525,0.468,3.8539583333333667,24.5,68.28600912575007
6310.0,3.8525,0.468,3.853541666666691,24.5,68.2614971106071
6315.0,3.8525,0.4675,3.853125000000015,24.5,68.2369981894893
6320.0,3.8525,0.469,3.8527083333333394,24.5,68.21247308032115
6325.0,3.8525,0.468,3.8527083333333394,24.5,68.1879348771278
6330.0,3.8525,0.4705,3.8526041666666515,24.5,68.16335739185891
6335.0,3.8525,0.4705,3.8524999999999636,24.5,68.13871443646408
6340.0,3.8525,0.47,3.8524999999999636,24.5,68.11408457509447
6345.0,3.8499999999999996,0.469,3.852291666666664,24.5,68.08949399580038
6350.0,3.84875,0.4675,3.8519791666666756,24.5,68.06496888663223
6355.0,3.8474999999999997,0.47,3.8515625,24.5,68.0404175894137
6360.0,3.84875,0.469,3.8512500000000123,24.5,68.01582701011962
6365.0,3.8474999999999997,0.46950000000000003,3.850833333333336,24.5,67.99124952485073
6370.0,3.8474999999999997,0.465,3.8504166666666606,24.5,67.9667767917833
6375.0,3.8499999999999996,0.4705,3.8502083333333608,24.5,67.9422778706655
6380.0,3.84875,0.4665,3.8498958333333726,24.47,67.91773966747216
6385.0,3.8474999999999997,0.465,3.849479166666697,24.5,67.89334549855583
6390.0,3.8474999999999997,0.466,3.8490625000000214,24.5,67.86896442366468
6395.0,3.8474999999999997,0.4675,3.8486458333333453,24.5,67.84451787864762
6400.0,3.8474999999999997,0.468,3.8482291666666697,24.5,67.82001895752983
6405.0,3.8474999999999997,0.47,3.848020833333294,24.47,67.79545456628612
6410.0,3.8474999999999997,0.47,3.847916666666606,24.5,67.77083779894168
6415.0,3.8474999999999997,0.467,3.847916666666606,24.5,67.74629959574834
6420.0,3.8474999999999997,0.469,3.847812499999918,24.5,67.72178758060535
6425.0,3.8474999999999997,0.4675,3.847812499999918,24.47,67.6972624714372
6430.0,3.8474999999999997,0.47,3.847812499999918,24.5,67.67271117421868
6435.0,3.8474999999999997,0.47,3.8476041666665424,24.5,67.64809440687422
6440.0,3.8474999999999997,0.469,3.8474999999998545,24.5,67.62350382758015
6445.0,3.8474999999999997,0.467,3.8474999999998545,24.5,67.59899181243716
6450.0,3.8474999999999997,0.467,3.8474999999998545,24.5,67.57453217339491
6455.0,3.8474999999999997,0.4705,3.8474999999998545,24.5,67.54998087617639
6460.0,3.8474999999999997,0.465,3.8474999999998545,24.5,67.5254819550586
6465.0,3.8474999999999997,0.468,3.8474999999998545,24.5,67.50104850406672
6470.0,3.8474999999999997,0.466,3.8474999999998545,24.5,67.47658886502448
6475.0,3.8474999999999997,0.468,3.8474999999998545,24.5,67.45212922598223
6480.0,3.8474999999999997,0.467,3.8474999999998545,24.5,67.42764339888961
6485.0,3.84625,0.4655,3.8473958333331666,24.5,67.40322304192293
6490.0,3.8474999999999997,0.467,3.8473958333331666,24.5,67.37880268495621
6495.0,3.8474999999999997,0.468,3.8473958333331666,24.5,67.35431685786362
6500.0,3.8474999999999997,0.4685,3.8473958333331666,24.5,67.32979174869544
6505.0,3.8474999999999997,0.467,3.8473958333331666,24.5,67.30529282757766
6510.0,3.8474999999999997,0.465,3.8473958333331666,24.5,67.28088556463614
6515.0,3.845,0.468,3.8471874999998668,24.5,67.25645211364426
6520.0,3.845,0.468,3.8469791666665665,24.5,67.23194009850128
6525.0,3.8425,0.468,3.846562499999891,24.5,67.20742808335831
6530.0,3.84375,0.468,3.846249999999903,24.5,67.18291606821532
6535.0,3.8425,0.467,3.845833333333227,24.5,67.15843024112272
6540.0,3.8425,0.468,3.8454166666665515,24.56,67.1339444140301
6545.0,3.8425,0.466,3.8451041666665637,24.5,67.10948477498786
6550.0,3.8425,0.468,3.8446874999998877,24.56,67.08502513594561
6555.0,3.8425,0.467,3.844270833333212,24.56,67.060539308853
6560.0,3.8425,0.4685,3.8438541666665365,24.56,67.03604038773521
6565.0,3.8425,0.465,3.8434374999998604,24.56,67.01159384271814
6570.0,3.8425,0.467,3.843020833333185,24.56,66.98718657977662
6575.0,3.8425,0.4685,3.842812499999809,24.56,66.96268765865884
6580.0,3.8425,0.467,3.8426041666664332,24.56,66.93818873754105
6585.0,3.8425,0.467,3.8426041666664332,24.56,66.91372909849879
6590.0,3.8425,0.4685,3.8424999999997453,24.56,66.889230177381
6595.0,3.8425,0.467,3.8424999999997453,24.56,66.86473125626321
6600.0,3.8425,0.467,3.8424999999997453,24.56,66.84027161722096
6605.0,3.84,0.466,3.8422916666664455,24.56,66.81583816622909
6610.0,3.8375,0.465,3.8418749999997694,24.56,66.79145709133793
6615.0,3.8375,0.468,3.841458333333094,24.56,66.76702364034605
6620.0,3.8375,0.467,3.841041666666418,24.56,66.74253781325345
6625.0,3.8375,0.467,3.840624999999742,24.62,66.7180781742112
6630.0,3.8375,0.467,3.8402083333330665,24.62,66.69361853516895
6635.0,3.8375,0.466,3.839791666666391,24.62,66.66918508417707
6640.0,3.8375,0.465,3.839374999999715,24.62,66.64480400928593
6645.0,3.8375,0.464,3.8389583333330393,24.62,66.62047531049552
6650.0,3.8375,0.466,3.8385416666663636,24.62,66.59612042365475
6655.0,3.8375,0.468,3.8381249999996876,24.62,66.57166078461249
6660.0,3.8375,0.467,3.837708333333012,24.62,66.54717495751989
6665.0,3.8375,0.466,3.837499999999636,24.62,66.522741506528
6670.0,3.8375,0.466,3.837499999999636,24.62,66.49833424358648
6675.0,3.8375,0.465,3.837499999999636,24.62,66.47395316869536
6680.0,3.8375,0.467,3.837499999999636,24.62,66.44954590575384
6685.0,3.8375,0.466,3.837499999999636,24.62,66.42511245476196
6690.0,3.8375,0.468,3.837499999999636,24.62,66.40065281571972
6695.0,3.8375,0.4655,3.837499999999636,24.62,66.37620627070265
6700.0,3.8375,0.4675,3.837499999999636,24.62,66.35177281971077
6705.0,3.8375,0.465,3.837499999999636,24.62,66.32735246274409
6710.0,3.8375,0.4675,3.837499999999636,24.62,66.30293210577737
6715.0,3.8375,0.464,3.837499999999636,24.62,66.27853793686104
6720.0,3.8375,0.464,3.837499999999636,24.62,66.254235426121
6725.0,3.8375,0.466,3.837499999999636,24.62,66.22988053928023
6730.0,3.8375,0.4645,3.837499999999636,24.62,66.20551255841426
6735.0,3.8375,0.467,3.837499999999636,24.62,66.18111838949793
6740.0,3.8375,0.465,3.837499999999636,24.62,66.15671112655642
6745.0,3.8362499999999997,0.4655,3.8373958333330243,24.62,66.13234314569046
6750.0,3.835,0.465,3.837187499999724,24.62,66.1079751648245
6755.0,3.8362499999999997,0.4675,3.837083333333112,24.62,66.0835548078578
6760.0,3.835,0.465,3.836874999999812,24.62,66.0591344508911
6765.0,3.835,0.468,3.836666666666512,24.62,66.03470099989921
6770.0,3.8362499999999997,0.468,3.8365624999999,24.62,66.01018898475624
6775.0,3.835,0.4645,3.8363541666666,24.62,65.98576862778953
6780.0,3.835,0.467,3.8361458333333,24.62,65.9613744588732
6785.0,3.835,0.465,3.8359375,24.62,65.9369671959317
6790.0,3.835,0.465,3.8357291666667,24.62,65.91261230909092
6795.0,3.835,0.468,3.8355208333334,24.62,65.88817885809904
6800.0,3.835,0.466,3.8353125000001,24.62,65.86371921905679
6805.0,3.83375,0.463,3.8351041666667243,24.62,65.83939052026638
6810.0,3.835,0.465,3.8351041666667243,24.62,65.81508800952633
6815.0,3.83375,0.466,3.8348958333333485,24.62,65.79070693463518
6820.0,3.8325,0.4645,3.8346875000000487,24.62,65.76633895376922
6825.0,3.8325,0.468,3.8344791666667484,24.62,65.74191859680253
6830.0,3.8325,0.468,3.8341666666667606,24.62,65.71740658165955
6835.0,3.83,0.4675,3.833750000000085,24.62,65.69290766054175
6840.0,3.83,0.465,3.833333333333409,24.62,65.66848730357506
6845.0,3.83,0.464,3.8329166666667334,24.62,65.64415860478464
6850.0,3.83,0.4675,3.8325000000000577,24.62,65.6197644358683
6855.0,3.83,0.467,3.8320833333333817,24.62,65.59529170280088
6860.0,3.83,0.467,3.831666666666706,24.62,65.57083206375864
6865.0,3.83,0.466,3.8313541666667184,24.62,65.54639861276677
6870.0,3.83,0.464,3.8309375000000423,24.62,65.52204372592598
6875.0,3.83,0.465,3.8306250000000546,24.62,65.49771502713557
6880.0,3.83125,0.466,3.8305208333333667,24.62,65.47333395224442
6885.0,3.83,0.465,3.830312499999991,24.62,65.44895287735328
6890.0,3.83,0.468,3.830104166666615,24.62,65.4245194263614
6895.0,3.8287500000000003,0.465,3.8299999999999272,24.62,65.40008597536952
6900.0,3.83,0.462,3.8299999999999272,24.62,65.37580965267983
6905.0,3.8275,0.465,3.8297916666666274,24.62,65.35153332999015
6910.0,3.8275,0.466,3.829583333333327,24.62,65.32715225509902
6915.0,3.8275,0.465,3.8293750000000273,24.62,65.30277118020787
6920.0,3.8275,0.465,3.8291666666667274,24.62,65.27841629336709
6925.0,3.8275,0.466,3.828958333333427,24.62,65.25403521847595
6930.0,3.8275,0.468,3.8287500000001273,24.62,65.2295755794337
6935.0,3.8275,0.467,3.8285416666668275,24.62,65.20508975234108
6940.0,3.8275,0.466,3.8282291666668393,24.62,65.18065630134922
6945.0,3.8275,0.468,3.8280208333335395,24.62,65.15619666230697
6950.0,3.8275,0.467,3.8278125000002396,24.62,65.13171083521435
6955.0,3.8275,0.4645,3.8277083333336273,24.62,65.10731666629802
6960.0,3.8275,0.465,3.8275000000003274,24.62,65.08297487348243
6965.0,3.8275,0.464,3.8275000000003274,24.62,65.05864617469202
6970.0,3.8275,0.4645,3.8275000000003274,24.62,65.03433056992678
6975.0,3.8275,0.465,3.8275000000003274,24.62,65.00998877711119
6980.0,3.8275,0.468,3.8275000000003274,24.62,64.98555532611931
6985.0,3.8275,0.466,3.8275000000003274,24.62,64.96109568707706
6990.0,3.8275,0.467,3.8275000000003274,24.62,64.93666223608518
6995.0,3.8275,0.465,3.8275000000003274,24.62,64.91225497314367
7000.0,3.825,0.4645,3.8272916666669516,24.62,64.88791318032807
7005.0,3.825,0.462,3.827083333333576,24.62,64.86364995166358
7010.0,3.8275,0.467,3.827083333333576,24.62,64.83932125287316
7015.0,3.8275,0.4645,3.827083333333576,24.62,64.81492708395683
7020.0,3.8275,0.465,3.827083333333576,24.62,64.79058529114124
7025.0,3.825,0.465,3.8268750000002,24.62,64.76623040430044
7030.0,3.82625,0.4655,3.826770833333512,24.59,64.7418624234345
7035.0,3.825,0.467,3.8265625000001364,24.56,64.71744206646778
7040.0,3.825,0.464,3.8263541666667606,24.62,64.69306099157666
7045.0,3.825,0.4645,3.826145833333385,24.59,64.66874538681142
7050.0,3.825,0.464,3.825937500000009,24.56,64.64442978204619
7055.0,3.825,0.465,3.8257291666666333,24.56,64.62010108325578
7060.0,3.825,0.4635,3.8257291666666333,24.59,64.59578547849054
7065.0,3.825,0.467,3.8257291666666333,24.62,64.57141749762458
7070.0,3.825,0.465,3.8255208333332575,24.56,64.54701023468307
7075.0,3.825,0.466,3.8253124999998818,24.59,64.52262915979192
7080.0,3.825,0.4645,3.825104166666506,24.59,64.49826117892596
7085.0,3.825,0.464,3.825104166666506,24.62,64.47394557416072
7090.0,3.825,0.464,3.824999999999818,24.62,64.44964306342068
7095.0,3.8237500000000004,0.465,3.82489583333313,24.56,64.42531436463027
7100.0,3.8225000000000002,0.464,3.8246874999998304,24.56,64.40098566583985
7105.0,3.8225000000000002,0.466,3.82447916666653,24.56,64.37663077899907
7110.0,3.82125,0.4655,3.8241666666665424,24.56,64.35223661008274
7115.0,3.8225000000000002,0.464,3.8239583333332425,24.56,64.32789481726715
7120.0,3.82125,0.4625,3.8236458333332544,24.56,64.30363158860266
7125.0,3.8200000000000003,0.463,3.8232291666665787,24.56,64.27939454798852
7130.0,3.8200000000000003,0.465,3.822812499999903,24.56,64.25509203724847
7135.0,3.82125,0.465,3.822499999999915,24.56,64.2307371504077
7140.0,3.8200000000000003,0.465,3.8220833333332394,24.56,64.20638226356692
7145.0,3.8225000000000002,0.462,3.8218749999999395,24.56,64.18210594087724
7150.0,3.8200000000000003,0.466,3.8214583333332635,24.56,64.15780343013719
7155.0,3.8200000000000003,0.463,3.8211458333332757,24.56,64.13347473134678
7160.0,3.8200000000000003,0.468,3.8209374999999,24.56,64.10909365645563
7165.0,3.8200000000000003,0.465,3.820729166666524,24.56,64.08466020546375
7170.0,3.8200000000000003,0.4635,3.8206249999998363,24.56,64.06034460069851
7175.0,3.8200000000000003,0.464,3.8204166666664605,24.56,64.03605518398365
7180.0,3.8200000000000003,0.464,3.8203124999997726,24.56,64.01175267324362
7185.0,3.8200000000000003,0.4645,3.8203124999997726,24.56,63.98743706847838
7190.0,3.8200000000000003,0.465,3.8203124999997726,24.56,63.96309527566279
7195.0,3.8200000000000003,0.464,3.8202083333330847,24.56,63.93876657687236
7200.0,3.8175,0.465,3.819999999999785,24.56,63.914437878081955
7205.0,3.8175,0.464,3.819583333333109,24.56,63.89010917929154
7210.0,3.8175,0.468,3.819374999999809,24.56,63.86570191635003
7215.0,3.8175,0.467,3.819166666666509,24.56,63.841216089257415
7220.0,3.8175,0.465,3.818958333333209,24.56,63.816808826315906
7225.0,3.8175,0.465,3.818749999999909,24.56,63.79245393947512
7230.0,3.8175,0.466,3.818541666666609,24.56,63.76807286458398
7235.0,3.8175,0.464,3.818333333333309,24.56,63.74371797774321
7240.0,3.8175,0.467,3.818125000000009,24.56,63.71933690285205
7245.0,3.8175,0.4635,3.8179166666667093,24.53,63.694968921986096
7250.0,3.8175,0.465,3.817708333333409,24.56,63.67065331722086
7255.0,3.8175,0.465,3.817500000000109,24.56,63.646298430380085
7260.0,3.8175,0.4675,3.817500000000109,24.53,63.6218780734134
7265.0,3.8175,0.464,3.817500000000109,24.5,63.59748390449707
7270.0,3.8175,0.465,3.817500000000109,24.5,63.57315520570664
7275.0,3.8175,0.4645,3.817500000000109,24.53,63.54881341289105
7280.0,3.815,0.464,3.8172916666667334,24.5,63.524497808125815
7285.0,3.8175,0.464,3.8172916666667334,24.5,63.50019529738577
7290.0,3.8175,0.464,3.8172916666667334,24.5,63.475892786645716
7295.0,3.8175,0.465,3.8172916666667334,24.5,63.4515640878553
7300.0,3.8175,0.464,3.8172916666667334,24.5,63.4272353890649
7305.0,3.8175,0.466,3.8172916666667334,24.5,63.402880502224114
7310.0,3.8175,0.47,3.8172916666667334,24.5,63.37836848708114
7315.0,3.8175,0.467,3.8172916666667334,24.5,63.35383028388779
7320.0,3.81625,0.465,3.8171875000000455,24.5,63.32942302094627
7325.0,3.8175,0.465,3.8171875000000455,24.5,63.305068134105504
7330.0,3.815,0.464,3.8169791666666697,24.5,63.280739435315084
7335.0,3.8175,0.4655,3.8169791666666697,24.5,63.256397642499486
7340.0,3.815,0.464,3.8169791666666697,24.5,63.23205584968389
7345.0,3.815,0.467,3.816770833333294,24.5,63.20767477479274
7350.0,3.815,0.4655,3.816562499999918,24.5,63.18325441782604
7355.0,3.815,0.462,3.8163541666665424,24.5,63.15896500111118
7360.0,3.815,0.465,3.8161458333331666,24.5,63.134688678421504
7365.0,3.815,0.4645,3.815937499999791,24.5,63.11034688560591
7370.0,3.815,0.464,3.815729166666415,24.5,63.08603128084067
7375.0,3.815,0.465,3.8155208333330393,24.5,63.06170258205026
7380.0,3.8137499999999998,0.4635,3.8153124999997394,24.5,63.037386977285024
7385.0,3.8125,0.465,3.8148958333330634,24.5,63.0130713725198
7390.0,3.81,0.465,3.8144791666664637,24.5,62.98871648567903
7395.0,3.81,0.465,3.813854166666488,24.5,62.964361598838245
7400.0,3.8125,0.461,3.813645833333188,24.5,62.940111464198935
7405.0,3.81,0.464,3.813229166666588,24.5,62.91588751760999
7410.0,3.81,0.466,3.8128124999999877,24.5,62.891532630769206
7415.0,3.81,0.465,3.812395833333388,24.5,62.86715155587807
7420.0,3.8125,0.465,3.8121875000000878,24.5,62.84279666903729
7425.0,3.81,0.466,3.811770833333488,24.5,62.81841559414614
7430.0,3.81,0.467,3.811354166666888,24.5,62.79398214315426
7435.0,3.81,0.465,3.810937500000288,24.5,62.76957488021275
7440.0,3.81,0.4635,3.8106250000003,24.5,62.745259275447516
7445.0,3.8112500000000002,0.465,3.8105208333336122,24.5,62.720943670682296
7450.0,3.8125,0.464,3.810729166666912,24.5,62.696614971891876
7455.0,3.8112500000000002,0.4645,3.8108333333335245,24.5,62.67229936712665
7460.0,3.81,0.4635,3.810625000000224,24.5,62.6479968563866
7465.0,3.81,0.464,3.810625000000224,24.5,62.62370743967174
7470.0,3.81,0.4635,3.810625000000224,24.5,62.599418022956876
7475.0,3.81,0.4655,3.810625000000224,24.5,62.57508932416647
7480.0,3.81,0.464,3.8104166666669244,24.5,62.55074753135086
7485.0,3.81,0.4635,3.8104166666669244,24.5,62.526458114636
7490.0,3.8075,0.4625,3.8102083333335486,24.5,62.50220797999668
7495.0,3.8075,0.465,3.810000000000173,24.5,62.47791856328182
7500.0,3.8075,0.4645,3.809791666666797,24.5,62.45357677046622
7505.0,3.8075,0.464,3.8094791666668093,24.5,62.429261165701
7510.0,3.8075,0.465,3.8090625000001332,24.5,62.40493246691058
7515.0,3.8075,0.4635,3.8087500000001455,24.5,62.38061686214535
7520.0,3.8075,0.466,3.8085416666667697,24.5,62.35627506932975
7525.0,3.8075,0.462,3.808333333333394,24.5,62.33197255858971
7530.0,3.8075,0.4645,3.808125000000018,24.5,62.30770932992521
7535.0,3.8075,0.4635,3.8079166666666424,24.5,62.28340681918516
7540.0,3.8075,0.462,3.8077083333332666,24.5,62.259169778571035
7545.0,3.8075,0.4645,3.807499999999891,24.5,62.23490654990653
7550.0,3.8075,0.4645,3.807499999999891,24.5,62.21057785111612
7555.0,3.805,0.465,3.807291666666591,24.5,62.18623605830052
7560.0,3.8075,0.4645,3.807291666666591,24.5,62.16189426548493
7565.0,3.8075,0.463,3.807291666666591,24.5,62.13760484877007
7570.0,3.805,0.464,3.8070833333332907,24.5,62.11332852608038
7575.0,3.8062500000000004,0.4645,3.806979166666603,24.5,62.08901292131516
7580.0,3.8075,0.4645,3.806979166666603,24.5,62.06468422252473
7585.0,3.805,0.465,3.806770833333303,24.5,62.04034242970915
7590.0,3.805,0.465,3.806562500000003,24.5,62.015987542868366
7595.0,3.805,0.4635,3.806354166666703,24.5,61.99167193810313
7600.0,3.805,0.464,3.806145833333403,24.5,61.967382521388274
7605.0,3.805,0.465,3.8059375000001032,24.5,61.94305382259786
7610.0,3.805,0.4645,3.805729166666803,24.5,61.91871202978226
7615.0,3.805,0.464,3.805729166666803,24.5,61.89439642501704
7620.0,3.805,0.465,3.805520833333503,24.5,61.870067726226615
7625.0,3.805,0.464,3.8053125000002033,24.47,61.845739027436196
7630.0,3.805,0.465,3.8053125000002033,24.44,61.82141032864579
7635.0,3.805,0.464,3.805208333333591,24.5,61.79708162985538
7640.0,3.805,0.464,3.805000000000291,24.47,61.77277911911532
7645.0,3.805,0.464,3.805000000000291,24.44,61.74847660837528
7650.0,3.805,0.462,3.805000000000291,24.44,61.72422647373597
7655.0,3.805,0.4645,3.805000000000291,24.44,61.699963245071466
7660.0,3.805,0.464,3.805000000000291,24.44,61.67564764030624
7665.0,3.805,0.464,3.805000000000291,24.44,61.65134512956618
7670.0,3.805,0.465,3.805000000000291,24.44,61.62701643077577
7675.0,3.8024999999999998,0.464,3.8047916666669153,24.44,61.60268773198536
7680.0,3.8025,0.464,3.8045833333335395,24.44,61.5783852212453
7685.0,3.8,0.4655,3.804166666666864,24.44,61.554043428429715
7690.0,3.8,0.465,3.803750000000188,24.44,61.52967544756375
7695.0,3.8,0.462,3.803333333333512,24.44,61.505399124874074
7700.0,3.8,0.464,3.8029166666668366,24.44,61.48114899023476
7705.0,3.8,0.467,3.8025000000001605,24.44,61.456767915343605
7710.0,3.8,0.465,3.802083333333485,24.44,61.432360652402096
7715.0,3.8,0.466,3.8016666666668093,24.44,61.40797957751095
7720.0,3.8,0.465,3.8012500000001332,24.44,61.383598502619805
7725.0,3.8,0.464,3.8008333333334576,24.44,61.3592698038294
7730.0,3.8,0.4645,3.800416666666782,24.44,61.334954199064164
7735.0,3.8,0.464,3.8002083333334817,24.44,61.31063859429893
7740.0,3.8,0.467,3.800000000000182,24.44,61.2862575194078
7745.0,3.8,0.463,3.800000000000182,24.44,61.261902632567015
7750.0,3.8,0.465,3.800000000000182,24.44,61.237600121826965
7755.0,3.8,0.461,3.800000000000182,24.44,61.21334998718765
7760.0,3.8,0.4635,3.800000000000182,24.44,61.18913913462388
7765.0,3.8,0.464,3.800000000000182,24.44,61.16484971790902
7770.0,3.8,0.465,3.800000000000182,24.44,61.1405210191186
7775.0,3.7975000000000003,0.4635,3.799791666666806,24.44,61.116205414353374
7780.0,3.7975000000000003,0.467,3.7995833333334303,24.44,61.091837433487406
7785.0,3.7975000000000003,0.465,3.7993750000000546,24.44,61.0674301705459
7790.0,3.7975000000000003,0.4645,3.799166666666679,24.44,61.04308837773031
7795.0,3.7975000000000003,0.462,3.798958333333303,24.44,61.018825149065805
7800.0,3.7975000000000003,0.465,3.7987499999999272,24.44,60.994548826376125
7805.0,3.7975000000000003,0.465,3.7985416666665515,24.44,60.970193939535356
7810.0,3.7975000000000003,0.465,3.7983333333331757,24.44,60.94583905269457
7815.0,3.7975000000000003,0.465,3.7981249999998,24.44,60.92148416585379
7820.0,3.7975000000000003,0.463,3.797916666666424,24.44,60.89718165511374
7825.0,3.7975000000000003,0.464,3.7977083333330484,24.44,60.87290533242407
7830.0,3.7975000000000003,0.464,3.7974999999996726,24.44,60.84860282168402
7835.0,3.7975000000000003,0.463,3.7974999999996726,24.44,60.82432649899434
7840.0,3.7975000000000003,0.4645,3.7974999999996726,24.44,60.80003708227947
7845.0,3.7975000000000003,0.462,3.7974999999996726,24.44,60.775773853614965
7850.0,3.7975000000000003,0.4645,3.7974999999996726,24.44,60.75151062495048
7855.0,3.7975000000000003,0.465,3.7974999999996726,24.44,60.72716883213488
7860.0,3.7975000000000003,0.465,3.7974999999996726,24.44,60.70281394529411
7865.0,3.795,0.463,3.7972916666663727,24.44,60.67851143455405
7870.0,3.795,0.4645,3.7970833333330725,24.44,60.65422201783919
7875.0,3.795,0.465,3.7968749999997726,24.44,60.629880225023605
7880.0,3.795,0.466,3.796666666666473,24.44,60.605499150132445
7885.0,3.795,0.4635,3.7964583333331725,24.44,60.58115735731686
7890.0,3.795,0.464,3.7962499999998727,24.44,60.556867940602
7895.0,3.7937499999999997,0.464,3.795937499999885,24.44,60.53256542986194
7900.0,3.795,0.4625,3.7957291666665847,24.44,60.50830220119745
7905.0,3.795,0.464,3.795520833333285,24.44,60.48403897253296
7910.0,3.7937499999999997,0.465,3.795208333333297,24.44,60.45971027374254
7915.0,3.795,0.4655,3.794999999999997,24.44,60.43534229287657
7920.0,3.795,0.462,3.794791666666697,24.37,60.411052876161705
7925.0,3.795,0.4615,3.794791666666697,24.44,60.38686821164831
7930.0,3.7937499999999997,0.463,3.794687500000009,24.405,60.36265735908455
7935.0,3.7924999999999995,0.465,3.7944791666666333,24.37,60.3383548483445
7940.0,3.7937499999999997,0.4645,3.7943749999999454,24.405,60.3140130555289
7945.0,3.7924999999999995,0.463,3.7941666666665697,24.44,60.28972363881404
7950.0,3.79,0.465,3.793749999999894,24.44,60.265421128073996
7955.0,3.795,0.4655,3.793854166666582,24.44,60.24105314720802
7960.0,3.79125,0.4645,3.7935416666665938,24.37,60.21669826036725
7965.0,3.79,0.464,3.793124999999918,24.44,60.19238265560203
7970.0,3.79125,0.464,3.7929166666666183,24.405,60.16808014486197
7975.0,3.79,0.465,3.7924999999999423,24.405,60.14375144607156
7980.0,3.79,0.462,3.7920833333332666,24.37,60.119475123381875
7985.0,3.79125,0.4645,3.791770833333279,24.405,60.09521189471738
7990.0,3.79,0.463,3.7914583333332907,24.37,60.07092247800252
7995.0,3.79,0.464,3.791249999999991,24.44,60.046646155312835
8000.0,3.79,0.462,3.790937500000003,24.37,60.02239602067352
8005.0,3.79,0.462,3.790729166666703,24.37,59.99819826213495
8010.0,3.79,0.459,3.790729166666703,24.37,59.974079067747454
8015.0,3.7924999999999995,0.464,3.790520833333327,24.37,59.94990749725925
8020.0,3.79,0.463,3.7904166666666392,24.37,59.925631174569574
8025.0,3.79,0.465,3.7904166666666392,24.37,59.90132866382951
8030.0,3.79,0.462,3.7903124999999513,24.37,59.87705234113984
8035.0,3.79,0.463,3.7903124999999513,24.37,59.85282839455088
8040.0,3.79,0.462,3.7903124999999513,24.37,59.82860444796194
8045.0,3.79,0.461,3.7902083333332635,24.37,59.80443287747372
8050.0,3.78875,0.4645,3.7901041666665756,24.37,59.780195836859605
8055.0,3.7874999999999996,0.464,3.7898958333332757,24.37,59.75588023209437
8060.0,3.7874999999999996,0.464,3.789687499999976,24.37,59.73157772135432
8065.0,3.7874999999999996,0.4645,3.7894791666666756,24.37,59.7072621165891
8070.0,3.7874999999999996,0.464,3.7892708333333758,24.37,59.682946511823864
8075.0,3.7874999999999996,0.462,3.7888541666667757,24.37,59.65869637718455
8080.0,3.7874999999999996,0.4655,3.788645833333476,24.37,59.63440696046969
8085.0,3.7874999999999996,0.464,3.788437500000176,24.37,59.61006516765409
8090.0,3.7874999999999996,0.462,3.7882291666668757,24.37,59.585815033014775
8095.0,3.7874999999999996,0.463,3.788020833333576,24.37,59.56159108642582
8100.0,3.7874999999999996,0.464,3.787812500000276,24.37,59.53731476373615
8105.0,3.7874999999999996,0.462,3.7876041666669757,24.37,59.51306462909683
8110.0,3.78625,0.4645,3.787395833333676,24.37,59.48880140043234
8115.0,3.7874999999999996,0.461,3.787395833333676,24.37,59.46456435981822
8120.0,3.785,0.461,3.7871875000003,24.37,59.44041897738036
8125.0,3.785,0.464,3.7869791666669244,24.37,59.41619503079141
8130.0,3.785,0.461,3.7867708333335486,24.37,59.39197108420247
8135.0,3.785,0.462,3.786562500000173,24.37,59.367799513714246
8140.0,3.785,0.4645,3.786354166666797,24.37,59.34353628504976
8145.0,3.785,0.464,3.7861458333334213,24.37,59.31922068028452
8150.0,3.785,0.464,3.7859375000000455,24.37,59.29491816954449
8155.0,3.785,0.4655,3.7857291666666697,24.37,59.270576376728876
8160.0,3.785,0.464,3.785520833333294,24.37,59.24623458391329
8165.0,3.785,0.459,3.785312499999918,24.37,59.22206301342507
8170.0,3.785,0.463,3.7852083333332303,24.37,59.19791763098723
8175.0,3.785,0.465,3.7849999999998545,24.37,59.17361512024718
8180.0,3.785,0.462,3.7849999999998545,24.37,59.149338797557505
8185.0,3.785,0.462,3.7849999999998545,24.37,59.125141039018914
8190.0,3.785,0.461,3.7849999999998545,24.37,59.10096946853071
8195.0,3.785,0.464,3.7849999999998545,24.37,59.07674552194175
8200.0,3.785,0.463,3.7849999999998545,24.37,59.05246919925208
8205.0,3.785,0.462,3.7849999999998545,24.37,59.028245252663126
8210.0,3.785,0.464,3.7849999999998545,24.31,59.00399511802381
8215.0,3.785,0.463,3.7849999999998545,24.34,58.979718795334136
8220.0,3.785,0.467,3.7849999999998545,24.37,58.95536390849336
8225.0,3.7824999999999998,0.464,3.7847916666665546,24.31,58.93098283360221
8230.0,3.7824999999999998,0.463,3.7845833333332544,24.31,58.906706510912535
8235.0,3.7824999999999998,0.464,3.7843749999999545,24.31,58.88243018822285
8240.0,3.7824999999999998,0.464,3.7841666666666547,24.37,58.8581276774828
8245.0,3.7824999999999998,0.465,3.7839583333333544,24.31,58.833798978692386
8250.0,3.7824999999999998,0.463,3.7837500000000546,24.31,58.809496467952336
8255.0,3.7824999999999998,0.461,3.7835416666667547,24.37,58.78529870941376
8260.0,3.78125,0.466,3.7832291666667666,24.34,58.76102238672407
8265.0,3.78125,0.463,3.782916666666779,24.34,58.73669368793366
8270.0,3.78,0.462,3.7825000000001032,24.37,58.71246974134472
8275.0,3.78,0.463,3.782083333333427,24.34,58.68824579475576
8280.0,3.78,0.463,3.7816666666667516,24.34,58.66399566011644
8285.0,3.78,0.462,3.7814583333333758,24.31,58.6397717135275
8290.0,3.78,0.4645,3.78125,24.37,58.615508484863014
8295.0,3.78,0.463,3.7810416666666242,24.37,58.59121906814815
8300.0,3.78,0.465,3.7808333333332484,24.37,58.56691655740809
8305.0,3.78,0.4655,3.7806249999998727,24.37,58.54254857654213
8310.0,3.78,0.461,3.780416666666497,24.37,58.518285347877644
8315.0,3.78,0.464,3.780208333333121,24.37,58.49406140128869
8320.0,3.7787499999999996,0.4625,3.7799999999998213,24.34,58.46979817262419
8325.0,3.7775,0.4615,3.779687499999833,24.34,58.44560041408562
8330.0,3.7775,0.467,3.7794791666665333,24.37,58.42128480932038
8335.0,3.7775,0.463,3.7792708333332334,24.37,58.3969299224796
8340.0,3.7775,0.464,3.779062499999933,24.37,58.37265359978993
8345.0,3.7775,0.464,3.7788541666666333,24.37,58.34835108904988
8350.0,3.7775,0.463,3.7786458333333335,24.34,58.32407476636019
8355.0,3.7775,0.462,3.778437500000033,24.37,58.29985081977125
8360.0,3.7775,0.464,3.7782291666667334,24.31,58.275600685131934
8365.0,3.7775,0.4615,3.7780208333334335,24.31,58.25136364451781
8370.0,3.7775,0.4615,3.7778125000001332,24.31,58.2271920740296
8375.0,3.7775,0.464,3.7776041666668334,24.31,58.20295503341546
8380.0,3.7775,0.464,3.7775000000001455,24.31,58.17865252267542
8385.0,3.77625,0.461,3.7773958333334576,24.31,58.15442857608646
8390.0,3.7775,0.462,3.7773958333334576,24.31,58.13025700559825
8395.0,3.7775,0.465,3.7773958333334576,24.31,58.10598068290857
8400.0,3.77625,0.463,3.7772916666667697,24.31,58.081678172168516
8405.0,3.7775,0.462,3.7772916666667697,24.31,58.057454225579576
8410.0,3.775,0.461,3.777083333333394,24.31,58.033282655091355
8415.0,3.77625,0.4605,3.776979166666706,24.31,58.009150366678696
8420.0,3.7775,0.462,3.776979166666706,24.31,57.98499189021567
8425.0,3.775,0.462,3.7767708333333303,24.31,57.96079413167708
8430.0,3.77625,0.4625,3.7766666666666424,24.31,57.93658327911332
8435.0,3.775,0.461,3.7764583333332666,24.31,57.912398614599915
8440.0,3.775,0.462,3.776249999999891,24.31,57.88822704411171
8445.0,3.775,0.4615,3.776145833333203,24.31,57.8640423795983
8450.0,3.775,0.464,3.775937499999827,24.31,57.839805338984185
8455.0,3.775,0.464,3.7757291666664514,24.31,57.81550282824413
8460.0,3.775,0.463,3.7756249999997635,24.31,57.79122650555445
8465.0,3.775,0.461,3.7754166666663878,24.31,57.76702874701587
8470.0,3.775,0.462,3.7754166666663878,24.31,57.74285717652765
8475.0,3.7724999999999995,0.4615,3.7751041666664,24.31,57.71867251201426
8480.0,3.775,0.464,3.7748958333330243,24.31,57.694435471400126
8485.0,3.7724999999999995,0.462,3.774687499999724,24.31,57.67018533676082
8490.0,3.7699999999999996,0.4615,3.7741666666664364,24.31,57.64600067224741
8495.0,3.7724999999999995,0.459,3.773958333333136,24.31,57.621894571885115
8500.0,3.7724999999999995,0.464,3.7737499999998363,24.31,57.59772300139689
8505.0,3.7712499999999993,0.4615,3.7734374999998486,24.31,57.573485960782776
8510.0,3.7724999999999995,0.462,3.7732291666665483,24.31,57.54930129626937
8515.0,3.7724999999999995,0.464,3.7730208333332484,24.31,57.52505116163006
8520.0,3.7699999999999996,0.462,3.7726041666666483,24.31,57.50080102699074
8525.0,3.7699999999999996,0.464,3.7721875000000487,24.31,57.47655089235143
8530.0,3.7699999999999996,0.459,3.7717708333334485,24.31,57.45237932186322
8535.0,3.7699999999999996,0.4625,3.7715625000001487,24.31,57.42824703345055
8540.0,3.7699999999999996,0.461,3.7711458333335486,24.25,57.40406236893716
8545.0,3.7699999999999996,0.461,3.7709375000002487,24.31,57.37991698649931
8550.0,3.7699999999999996,0.462,3.7709375000002487,24.31,57.355745416011096
8555.0,3.7699999999999996,0.462,3.7707291666669485,24.31,57.33154765747251
8560.0,3.7699999999999996,0.464,3.7705208333336486,24.31,57.3072975228332
8565.0,3.7699999999999996,0.4615,3.7704166666670367,24.28,57.28306048221907
8570.0,3.7699999999999996,0.461,3.7702083333337364,24.31,57.25890200575603
8575.0,3.7699999999999996,0.461,3.7700000000004366,24.25,57.234756623318184
8580.0,3.76875,0.4615,3.7698958333337487,24.28,57.21059814685516
8585.0,3.7675,0.462,3.769687500000373,24.25,57.186413482341756
8590.0,3.7675,0.462,3.769479166666997,24.25,57.16221572380318
8595.0,3.7675,0.462,3.7692708333336213,24.25,57.138017965264595
8600.0,3.7675,0.464,3.7690625000002456,24.25,57.113767830625285
8605.0,3.7675,0.462,3.76885416666687,24.25,57.08951769598597
8610.0,3.7675,0.4615,3.768645833333494,24.25,57.06533303147256
8615.0,3.7675,0.4615,3.7684375000001182,24.25,57.041161460984355
8620.0,3.7675,0.461,3.7682291666667425,24.25,57.017002984521326
8625.0,3.7675,0.4625,3.7680208333333667,24.25,56.992818320007935
8630.0,3.7675,0.461,3.767812499999991,24.25,56.968633655494536
8635.0,3.7675,0.461,3.767604166666615,24.25,56.944488273056685
8640.0,3.7675,0.463,3.7674999999999272,24.25,56.9202905145181
8645.0,3.7675,0.46,3.7674999999999272,24.25,56.89611894402988
8650.0,3.7675,0.461,3.7674999999999272,24.25,56.87199974964241
8655.0,3.7675,0.462,3.7674999999999272,24.25,56.84782817915419
8660.0,3.7675,0.4615,3.7674999999999272,24.25,56.823643514640786
8665.0,3.7675,0.461,3.7674999999999272,24.25,56.79948503817776
8670.0,3.7675,0.463,3.7674999999999272,24.25,56.77528727963917
8675.0,3.7675,0.46,3.7674999999999272,24.25,56.751115709150966
8680.0,3.7675,0.464,3.7674999999999272,24.25,56.726917950612375
8685.0,3.7649999999999997,0.4615,3.7672916666666274,24.25,56.702680909998236
8690.0,3.7649999999999997,0.464,3.767083333333327,24.25,56.67844386938411
8695.0,3.7649999999999997,0.461,3.7668750000000273,24.25,56.65421992279516
8700.0,3.7649999999999997,0.461,3.7666666666667274,24.25,56.63007454035731
8705.0,3.7649999999999997,0.4615,3.766458333333427,24.25,56.60591606389429
8710.0,3.7649999999999997,0.459,3.7662500000001273,24.25,56.58180996353198
8715.0,3.7649999999999997,0.459,3.7660416666668275,24.25,56.557769333295596
8720.0,3.7649999999999997,0.461,3.765833333333527,24.25,56.533676326958485
8725.0,3.7649999999999997,0.459,3.7656250000002274,24.25,56.509583320621374
8730.0,3.7649999999999997,0.459,3.7654166666669275,24.25,56.48554269038498
8735.0,3.76375,0.459,3.7651041666669394,24.25,56.4615020601486
8740.0,3.7624999999999997,0.461,3.7646875000002638,24.25,56.437409053811486
8745.0,3.7624999999999997,0.4595,3.764479166666888,24.25,56.413302953449175
8750.0,3.7624999999999997,0.46,3.764270833333512,24.25,56.38922304113725
8755.0,3.7624999999999997,0.462,3.7640625000001364,24.25,56.365077658699406
8760.0,3.7624999999999997,0.4615,3.7638541666667606,24.25,56.340892994186
8765.0,3.7612499999999995,0.462,3.763541666666697,24.25,56.31670832967259
8770.0,3.7624999999999997,0.462,3.763333333333321,24.25,56.29251057113402
8775.0,3.76,0.459,3.7629166666666456,24.25,56.26839137674653
8780.0,3.7624999999999997,0.46,3.76270833333327,24.25,56.24432455845979
8785.0,3.7624999999999997,0.458,3.762499999999894,24.25,56.2202839282234
8790.0,3.7624999999999997,0.461,3.7622916666665183,24.25,56.196217109936654
8795.0,3.7624999999999997,0.462,3.7621874999998304,24.25,56.17204553944845
8800.0,3.7624999999999997,0.462,3.7621874999998304,24.25,56.14784778090986
8805.0,3.76,0.461,3.76197916666653,24.25,56.12367621042165
8810.0,3.76,0.459,3.7617708333332303,24.25,56.099583204084524
8815.0,3.76,0.458,3.7615624999999304,24.25,56.07556876189852
8820.0,3.76,0.461,3.76135416666663,24.25,56.05150194361177
8825.0,3.7612499999999995,0.46,3.76135416666663,24.25,56.027382749224294
8830.0,3.7624999999999997,0.462,3.76135416666663,24.19,56.00323736678645
8835.0,3.7575,0.458,3.7611458333332544,24.25,55.979144360449325
8840.0,3.7575,0.4595,3.7607291666665787,24.25,55.955116824238125
8845.0,3.7575,0.459,3.760312499999903,24.25,55.931063099976555
8850.0,3.7575,0.461,3.759895833333227,24.25,55.906970093639444
8855.0,3.7575,0.4585,3.7594791666665515,24.25,55.882890181327504
8860.0,3.7575,0.461,3.759062499999876,24.25,55.85881026901558
8865.0,3.7575,0.461,3.7588541666665,24.25,55.834664886577734
8870.0,3.7575,0.46,3.7586458333331243,24.25,55.81054569219025
8875.0,3.7575,0.458,3.7584374999997485,24.25,55.78650506195386
8880.0,3.7575,0.459,3.7582291666663727,24.25,55.76249061976786
8885.0,3.7575,0.46,3.7579166666663846,24.25,55.738423801481105
8890.0,3.7575,0.461,3.757499999999709,24.25,55.71430460709364
8895.0,3.7575,0.461,3.757499999999709,24.19,55.69015922465578
8900.0,3.7575,0.459,3.757499999999709,24.25,55.66606621831867
8905.0,3.755,0.459,3.757291666666409,24.25,55.64202558808228
8910.0,3.7575,0.461,3.757291666666409,24.25,55.617932581745166
8915.0,3.7575,0.4605,3.757291666666409,24.22,55.59380029333249
8920.0,3.7575,0.462,3.757291666666409,24.19,55.56964181686948
8925.0,3.7575,0.461,3.757291666666409,24.19,55.54547024638126
8930.0,3.755,0.4605,3.757083333333109,24.19,55.52133795796858
8935.0,3.755,0.461,3.756874999999809,24.19,55.497205669555925
8940.0,3.755,0.461,3.756666666666509,24.19,55.473060287118074
8945.0,3.755,0.46,3.756458333333209,24.19,55.4489410927306
8950.0,3.755,0.461,3.756249999999909,24.25,55.42482189834311
8955.0,3.755,0.461,3.756041666666609,24.19,55.40067651590525
8960.0,3.755,0.4625,3.755833333333309,24.19,55.37649185139186
8965.0,3.755,0.461,3.755833333333309,24.19,55.35230718687847
8970.0,3.755,0.459,3.755625000000009,24.19,55.328214180541345
8975.0,3.755,0.459,3.7554166666667093,24.19,55.30417355030497
8980.0,3.755,0.462,3.755208333333409,24.19,55.280054355917486
8985.0,3.755,0.461,3.755000000000109,24.19,55.25588278542928
8990.0,3.755,0.4605,3.755000000000109,24.19,55.231750497016606
8995.0,3.7525,0.456,3.7547916666667334,24.19,55.207749148855775
9000.0,3.7525,0.461,3.7545833333333576,24.19,55.18373470666976
9005.0,3.7525,0.46,3.754374999999982,24.19,55.15961551228228
9010.0,3.7525,0.46,3.754166666666606,24.19,55.135522505945154
9015.0,3.7525,0.461,3.7539583333332303,24.19,55.11140331155768
9020.0,3.7525,0.46,3.7537499999998545,24.19,55.08728411717021
9025.0,3.7512499999999998,0.461,3.7534374999998668,24.19,55.063164922782725
9030.0,3.7525,0.464,3.753229166666491,24.19,55.03894097619377
9035.0,3.7525,0.4585,3.753020833333115,24.19,55.01478249973075
9040.0,3.7525,0.459,3.7528124999997394,24.19,54.99075496351955
9045.0,3.7525,0.462,3.7526041666663636,24.19,54.966635769132075
9050.0,3.7525,0.4585,3.752395833332988,24.19,54.94252966876978
9055.0,3.7525,0.4585,3.752395833332988,24.19,54.91851522658375
9060.0,3.7525,0.462,3.752395833332988,24.19,54.894409126221454
9065.0,3.7525,0.459,3.752395833332988,24.19,54.87028993183398
9070.0,3.7525,0.4605,3.752395833332988,24.19,54.84621001952205
9075.0,3.75,0.462,3.7521874999996876,24.19,54.82205154305901
9080.0,3.75,0.4595,3.7519791666663878,24.19,54.79791925464635
9085.0,3.75,0.46,3.7518749999997,24.19,54.77383934233442
9090.0,3.7475,0.459,3.7514583333330997,24.19,54.74977252404767
9095.0,3.7487500000000002,0.4595,3.751145833333112,24.19,54.72571879978611
9100.0,3.7475,0.4615,3.750729166666512,24.19,54.70159960539862
9105.0,3.7475,0.459,3.7503124999999122,24.19,54.677493505036324
9110.0,3.7475,0.4595,3.749895833333312,24.19,54.65343978077475
9115.0,3.7475,0.46,3.749479166666712,24.19,54.62935986846282
9120.0,3.7475,0.459,3.7490625000001123,24.19,54.60529305017607
9125.0,3.7475,0.461,3.748645833333512,24.19,54.58120004383896
9130.0,3.7475,0.461,3.748229166666912,24.19,54.557054661401104
9135.0,3.7475,0.459,3.7480208333336122,24.19,54.53296165506399
9140.0,3.7475,0.46,3.7478125000003124,24.19,54.50889483677726
9145.0,3.7475,0.46,3.747604166667012,24.19,54.484801830440134
9150.0,3.7475,0.462,3.747604166667012,24.19,54.46065644800229
9155.0,3.7475,0.4615,3.7475000000004,24.19,54.436471783488884
9160.0,3.7475,0.4605,3.7475000000004,24.19,54.412326401051025
9165.0,3.7475,0.462,3.7475000000004,24.19,54.388167924588004
9170.0,3.745,0.461,3.7472916666670244,24.19,54.36399635409978
9175.0,3.74625,0.46,3.7471875000003365,24.19,54.339877159712316
9180.0,3.745,0.461,3.7469791666669607,24.19,54.31575796532483
9185.0,3.745,0.459,3.746770833333585,24.19,54.29166495898772
9190.0,3.745,0.46,3.746562500000209,24.19,54.26759814070097
9195.0,3.7475,0.461,3.746562500000209,24.19,54.243478946313495
9200.0,3.745,0.462,3.7463541666668334,24.19,54.219307375825274
9205.0,3.745,0.4595,3.7461458333334576,24.19,54.19517508741261
9210.0,3.745,0.461,3.745937500000082,24.19,54.171068987050305
9215.0,3.745,0.459,3.745729166666706,24.19,54.14697598071319
9220.0,3.745,0.459,3.7455208333333303,24.155,54.12293535047681
9225.0,3.745,0.461,3.7453124999999545,24.12,54.09884234413968
9230.0,3.745,0.461,3.7453124999999545,24.19,54.07469696170184
9235.0,3.745,0.4575,3.7452083333332666,24.155,54.05064323744027
9240.0,3.7425,0.461,3.744999999999967,24.12,54.0265895131787
9245.0,3.7425,0.458,3.7447916666666665,24.19,54.00252269489195
9250.0,3.7425,0.4615,3.7445833333333667,24.12,53.97844278258002
9255.0,3.7425,0.461,3.744166666666691,24.12,53.954284306116996
9260.0,3.7425,0.459,3.743958333333391,24.12,53.93019129977987
9265.0,3.7425,0.4605,3.743750000000091,24.12,53.906111387467945
9270.0,3.7425,0.461,3.743541666666791,24.12,53.88197909905528
9275.0,3.7425,0.459,3.743333333333491,24.12,53.85788609271817
9280.0,3.7425,0.4595,3.743125000000191,24.12,53.833832368456605
9285.0,3.7425,0.461,3.742916666666891,24.12,53.809726268094295
9290.0,3.74,0.462,3.742500000000215,24.12,53.78555469760609
9295.0,3.74125,0.458,3.7421875000002274,24.12,53.76146169126896
9300.0,3.74,0.459,3.7419791666668516,24.12,53.73744724908296
9305.0,3.7425,0.462,3.7419791666668516,24.12,53.71332805469547
9310.0,3.7425,0.459,3.7419791666668516,24.12,53.68920886030799
9315.0,3.7425,0.459,3.7419791666668516,24.12,53.665168230071615
9320.0,3.7425,0.459,3.7419791666668516,24.12,53.64112759983522
9325.0,3.74125,0.461,3.7418750000001637,24.12,53.61703459349811
9330.0,3.7425,0.459,3.7418750000001637,24.12,53.59294158716099
9335.0,3.74,0.459,3.741666666666788,24.12,53.568900956924615
9340.0,3.74,0.46,3.741458333333412,24.12,53.54483413863787
9345.0,3.7375000000000003,0.456,3.7410416666667365,24.12,53.52084588450221
9350.0,3.7375000000000003,0.461,3.7408333333334363,24.12,53.49683144231621
9355.0,3.74,0.4605,3.7407291666667484,24.12,53.472699153903534
9360.0,3.7375000000000003,0.459,3.7405208333334485,24.12,53.44861924159161
9365.0,3.7375000000000003,0.459,3.740104166666773,24.12,53.42457861135522
9370.0,3.7375000000000003,0.459,3.739687500000097,24.12,53.40053798111883
9375.0,3.7375000000000003,0.459,3.7392708333334213,24.12,53.37649735088246
9380.0,3.7375000000000003,0.461,3.7388541666667456,24.12,53.352404344545334
9385.0,3.7375000000000003,0.46,3.7385416666667575,24.12,53.32828515015786
9390.0,3.7375000000000003,0.461,3.738125000000082,24.12,53.30416595577039
9395.0,3.7375000000000003,0.461,3.737916666666782,24.12,53.28002057333253
9400.0,3.7375000000000003,0.459,3.7377083333334817,24.12,53.25592756699542
9405.0,3.7375000000000003,0.459,3.7377083333334817,24.12,53.23188693675903
9410.0,3.7375000000000003,0.459,3.7377083333334817,24.12,53.20784630652264
9415.0,3.7375000000000003,0.459,3.737500000000182,24.12,53.18380567628627
9420.0,3.73625,0.4585,3.737395833333494,24.12,53.15977814007506
9425.0,3.7350000000000003,0.459,3.7371875000001182,24.12,53.13575060386386
9430.0,3.7350000000000003,0.459,3.7369791666667425,24.12,53.111709973627484
9435.0,3.7350000000000003,0.4585,3.7367708333333667,24.12,53.087682437416284
9440.0,3.7350000000000003,0.459,3.736562499999991,24.12,53.06365490120509
9445.0,3.7350000000000003,0.46,3.736354166666615,24.12,53.03958808291834
9450.0,3.7350000000000003,0.4585,3.7361458333332394,24.12,53.01553435865678
9455.0,3.7350000000000003,0.465,3.7359374999998636,24.12,52.99134969414337
9460.0,3.7350000000000003,0.4585,3.735729166666488,24.12,52.96716502962997
9465.0,3.7350000000000003,0.4595,3.735520833333112,24.12,52.9431243993936
9470.0,3.7350000000000003,0.456,3.7353124999997362,24.12,52.919149239283136
9475.0,3.7350000000000003,0.46,3.7351041666663605,24.12,52.895160985147484
9480.0,3.7350000000000003,0.4585,3.7349999999996726,24.12,52.87110726088591
9485.0,3.7325000000000004,0.458,3.7347916666663727,24.12,52.84710591272508
9490.0,3.7337500000000006,0.46,3.7346874999997604,24.12,52.8230652824887
9495.0,3.7337500000000006,0.4585,3.7345833333331484,24.12,52.79901155822713
9500.0,3.7325000000000004,0.459,3.7343749999998486,24.12,52.77498402201593
9505.0,3.7325000000000004,0.4575,3.7341666666665483,24.12,52.7509826738551
9510.0,3.7325000000000004,0.46,3.7339583333332484,24.12,52.72695513764389
9515.0,3.7325000000000004,0.459,3.7337499999999486,24.12,52.70288831935714
9520.0,3.7325000000000004,0.458,3.7335416666666483,24.12,52.67887387717114
9525.0,3.7325000000000004,0.4575,3.7333333333333485,24.12,52.65489871706068
9530.0,3.7325000000000004,0.456,3.7331250000000487,24.12,52.63097593305095
9535.0,3.7325000000000004,0.4605,3.7329166666667484,24.12,52.60697458489012
9540.0,3.7325000000000004,0.4595,3.7327083333334485,24.12,52.582881578553
9545.0,3.7325000000000004,0.459,3.7327083333334485,24.12,52.55882785429142
9550.0,3.7325000000000004,0.458,3.7326041666667606,24.12,52.53481341210542
9555.0,3.7325000000000004,0.459,3.7325000000000728,24.12,52.510798969919406
9560.0,3.7325000000000004,0.459,3.7325000000000728,24.06,52.486758339683014
9565.0,3.7325000000000004,0.456,3.7325000000000728,24.12,52.46279627359773
9570.0,3.7325000000000004,0.46,3.7325000000000728,24.12,52.43880801946208
9575.0,3.7325000000000004,0.458,3.7325000000000728,24.12,52.4147673892257
9580.0,3.7325000000000004,0.458,3.7325000000000728,24.06,52.39077913509005
9585.0,3.72875,0.4585,3.732187500000085,24.06,52.36677778692922
9590.0,3.73,0.461,3.7319791666667093,24.06,52.342697874617286
9595.0,3.7275,0.458,3.731562500000033,24.06,52.318631056330545
9600.0,3.7275,0.4585,3.7311458333333576,24.06,52.2946297081697
9605.0,3.7275,0.458,3.730729166666682,24.06,52.270628360008864
9610.0,3.7275,0.459,3.730312500000006,24.06,52.246613917822856
9615.0,3.7275,0.4575,3.7298958333333303,24.06,52.22261256966203
9620.0,3.73,0.459,3.7296874999999545,24.06,52.19861122150119
9625.0,3.7275,0.458,3.729270833333279,24.06,52.17459677931517
9630.0,3.7275,0.458,3.728854166666603,24.06,52.15060852517952
9635.0,3.7275,0.456,3.7284374999999272,24.06,52.12667264714461
9640.0,3.7275,0.458,3.7280208333332516,24.06,52.102736769109704
9645.0,3.7275,0.459,3.7279166666665637,24.06,52.07872232692369
9650.0,3.7275,0.456,3.7277083333332635,24.06,52.05476026083839
9655.0,3.7275,0.461,3.7277083333332635,24.06,52.03074581865239
9660.0,3.7275,0.4585,3.7277083333332635,24.06,52.00666590634045
9665.0,3.7275,0.459,3.7277083333332635,24.06,51.982638370129266
9670.0,3.7275,0.458,3.7277083333332635,24.06,51.95862392794325
9675.0,3.7275,0.46,3.7277083333332635,24.06,51.93458329770686
9680.0,3.725,0.458,3.727291666666664,24.06,51.91054266747048
9685.0,3.725,0.458,3.7270833333333635,24.06,51.88655441333483
9690.0,3.7275,0.458,3.7270833333333635,24.06,51.86256615919918
9695.0,3.725,0.456,3.7268750000000637,24.06,51.838630281164264
9700.0,3.725,0.458,3.726666666666764,24.06,51.81469440312936
9705.0,3.725,0.458,3.7264583333334635,24.06,51.790706148993706
9710.0,3.725,0.456,3.7262500000001637,24.06,51.766770270958794
9715.0,3.725,0.458,3.726041666666864,24.06,51.742834392923875
9720.0,3.725,0.456,3.7258333333335636,24.06,51.718898514888956
9725.0,3.725,0.458,3.7256250000002638,24.06,51.694962636854044
9730.0,3.725,0.459,3.725416666666964,24.06,51.67094819466803
9735.0,3.72375,0.4595,3.7251041666669757,24.06,51.646894470406465
9740.0,3.7225,0.459,3.7248958333336,24.06,51.622840746144895
9745.0,3.7225,0.461,3.724687500000224,24.06,51.59874773980777
9750.0,3.7225,0.4555,3.7242708333335486,24.06,51.57474639164694
9755.0,3.7225,0.459,3.724062500000173,24.06,51.550797419586836
9760.0,3.7225,0.455,3.723854166666797,24.06,51.52686154155192
9765.0,3.7225,0.4585,3.7236458333334213,24.06,51.502938757542196
9770.0,3.7225,0.458,3.7234375000000455,24.06,51.478937409381366
9775.0,3.7225,0.458,3.7232291666666697,24.06,51.454949155245714
9780.0,3.7225,0.457,3.723020833333294,24.06,51.43098708916043
9785.0,3.7225,0.457,3.722812499999918,24.06,51.40705121112551
9790.0,3.7225,0.459,3.7226041666665424,24.06,51.38306295698987
9795.0,3.7225,0.4575,3.7224999999998545,24.06,51.35906160882902
9800.0,3.7225,0.456,3.7224999999998545,24.06,51.3351388248193
9805.0,3.7225,0.456,3.7224999999998545,24.06,51.31125532288512
9810.0,3.7225,0.4595,3.7224999999998545,24.0,51.28728016277465
9815.0,3.7212500000000004,0.456,3.7223958333331666,24.06,51.26330500266418
9820.0,3.72,0.456,3.7221874999998668,24.06,51.23942150073001
9825.0,3.72,0.4585,3.7219791666665665,24.06,51.21547252866991
9830.0,3.72,0.4595,3.7217708333332666,24.06,51.19143189843353
9835.0,3.7175000000000002,0.459,3.721354166666591,24.0,51.167378174171965
9840.0,3.7175000000000002,0.459,3.720937499999915,24.0,51.14333754393557
9845.0,3.7175000000000002,0.458,3.7205208333332394,24.0,51.11932310174956
9850.0,3.7175000000000002,0.456,3.7201041666665637,24.0,51.09538722371465
9855.0,3.7175000000000002,0.458,3.7196874999998877,24.03,51.07145134567973
9860.0,3.7175000000000002,0.457,3.719270833333212,24.06,51.04748927959444
9865.0,3.7175000000000002,0.458,3.7188541666665365,24.06,51.023527213509155
9870.0,3.7175000000000002,0.458,3.7184374999998604,24.0,50.9995389593735
9875.0,3.7175000000000002,0.46,3.7181249999998727,24.0,50.975498329137125
9880.0,3.7175000000000002,0.459,3.717916666666497,24.0,50.95143151085038
9885.0,3.7175000000000002,0.457,3.717708333333121,24.0,50.927443256714724
9890.0,3.7175000000000002,0.458,3.7174999999997453,24.0,50.90348119062944
9895.0,3.7175000000000002,0.458,3.7174999999997453,24.0,50.87949293649379
9900.0,3.7162500000000005,0.4575,3.7173958333331334,24.0,50.85551777638333
9905.0,3.7162500000000005,0.457,3.717291666666521,24.0,50.831568804323226
9910.0,3.7175000000000002,0.458,3.717291666666521,24.0,50.80760673823794
9915.0,3.7175000000000002,0.4585,3.717291666666521,24.0,50.78360539007711
9920.0,3.7175000000000002,0.46,3.717291666666521,24.0,50.759551665815536
9925.0,3.7175000000000002,0.456,3.717291666666521,24.0,50.735563411679884
9930.0,3.7162500000000005,0.458,3.717187499999909,24.0,50.71162753364498
9935.0,3.7162500000000005,0.4585,3.717083333333297,24.0,50.68762618548415
9940.0,3.7150000000000003,0.458,3.716874999999997,24.06,50.663624837323304
9945.0,3.7150000000000003,0.458,3.716666666666697,24.0,50.63963658318765
9950.0,3.7150000000000003,0.457,3.716458333333397,24.0,50.61567451710236
9955.0,3.7150000000000003,0.458,3.716250000000097,24.0,50.59171245101708
9960.0,3.7150000000000003,0.458,3.716145833333409,24.0,50.56772419688143
9965.0,3.71375,0.459,3.715937500000033,24.0,50.54370975469542
9970.0,3.7125,0.458,3.7155208333333576,24.0,50.51969531250941
9975.0,3.7125,0.461,3.715104166666682,24.0,50.495628494222665
9980.0,3.7125,0.457,3.714687500000006,24.0,50.47158786398629
9985.0,3.7125,0.456,3.7142708333333303,24.0,50.44767817400173
9990.0,3.7125,0.459,3.7139583333332666,24.0,50.42371610791644
9995.0,3.7125,0.4585,3.713645833333203,24.03,50.39968857170525
10000.0,3.7125,0.458,3.713437499999827,24.0,50.37568722354441
10005.0,3.7125,0.458,3.7132291666664514,24.0,50.351698969408766
10010.0,3.7112499999999997,0.46,3.7129166666664637,24.0,50.32765833917237
10015.0,3.71,0.456,3.7124999999997876,24.0,50.303670085036735
10020.0,3.71,0.459,3.712083333333112,24.06,50.27970801895144
10025.0,3.7125,0.457,3.711979166666424,24.0,50.2557197648158
10030.0,3.7125,0.459,3.711979166666424,24.0,50.23173151068014
10035.0,3.7125,0.458,3.711979166666424,24.06,50.20771706849413
10040.0,3.7125,0.4585,3.711979166666424,24.0,50.18371572033329
10045.0,3.7125,0.456,3.711979166666424,24.0,50.15976674827319
10050.0,3.7125,0.456,3.711979166666424,24.0,50.13588324633902
10055.0,3.71125,0.4585,3.711874999999812,24.0,50.111934274278916
10060.0,3.7100000000000004,0.455,3.711666666666512,24.0,50.08801149026918
10065.0,3.7100000000000004,0.461,3.711458333333212,24.0,50.064023236133536
10070.0,3.7100000000000004,0.456,3.711354166666524,24.03,50.04000879394752
10075.0,3.7100000000000004,0.458,3.711354166666524,24.0,50.016072915912616
10080.0,3.7100000000000004,0.455,3.711354166666524,24.0,49.99216322592805
10085.0,3.70875,0.4565,3.7110416666665365,24.0,49.96829281801906
10090.0,3.7075000000000005,0.456,3.7106249999999363,24.0,49.94439622205968
10095.0,3.7075000000000005,0.458,3.710208333333336,24.0,49.92046034402476
10100.0,3.7075000000000005,0.4555,3.7097916666667365,24.0,49.89653756001504
10105.0,3.7075000000000005,0.459,3.7093750000001364,24.0,49.87258858795494
10110.0,3.7075000000000005,0.456,3.7089583333335363,24.0,49.848626521869654
10115.0,3.7075000000000005,0.457,3.7086458333335486,24.0,49.8247168318851
10120.0,3.7075000000000005,0.459,3.7084375000002487,24.0,49.80072857774945
10125.0,3.7075000000000005,0.459,3.7082291666669485,24.0,49.77668794751307
10130.0,3.7075000000000005,0.458,3.7080208333336486,24.0,49.75267350532705
10135.0,3.7075000000000005,0.459,3.707812500000349,24.0,49.728659063141045
10140.0,3.7075000000000005,0.458,3.7076041666670485,24.0,49.70464462095503
10145.0,3.7075000000000005,0.4545,3.7075000000004366,24.0,49.680748024995665
10150.0,3.7075000000000005,0.458,3.7075000000004366,24.0,49.656851429036294
10155.0,3.705,0.458,3.707291666667061,24.0,49.63286317490064
10160.0,3.7062500000000003,0.457,3.707187500000373,24.0,49.60890110881536
10165.0,3.705,0.458,3.706979166666997,24.0,49.58493904273007
10170.0,3.705,0.459,3.7067708333336213,24.0,49.56092460054406
10175.0,3.70625,0.457,3.7066666666669335,24.0,49.53693634640841
10180.0,3.7062500000000003,0.456,3.7065625000002456,24.0,49.51302665642386
10185.0,3.7075000000000005,0.458,3.7065625000002456,24.0,49.48909077838894
10190.0,3.705,0.458,3.70635416666687,24.0,49.465102524253304
10195.0,3.705,0.4555,3.706145833333494,24.0,49.44117974024357
10200.0,3.705,0.456,3.7059375000001182,24.0,49.41730933233456
10205.0,3.70375,0.459,3.7056250000000546,24.0,49.39334726624928
10210.0,3.7024999999999997,0.457,3.705208333333379,24.0,49.36935901211362
10215.0,3.7024999999999997,0.455,3.7050000000000787,24.0,49.34547551017945
10220.0,3.7024999999999997,0.4585,3.704687500000091,24.0,49.32155272616971
10225.0,3.7024999999999997,0.457,3.704479166666791,24.0,49.297577566059246
10230.0,3.7024999999999997,0.458,3.704270833333491,24.0,49.273615499973964
10235.0,3.7024999999999997,0.4555,3.703958333333503,24.0,49.24969271596423
10240.0,3.7024999999999997,0.456,3.7036458333335154,23.97,49.225822308055236
10245.0,3.7024999999999997,0.456,3.7032291666668393,24.0,49.20193880612105
10250.0,3.7024999999999997,0.457,3.7030208333335395,24.0,49.1780291161365
10255.0,3.7024999999999997,0.457,3.7028125000002396,23.97,49.15409323810158
10260.0,3.7024999999999997,0.458,3.7026041666669394,24.0,49.1301311720163
10265.0,3.7024999999999997,0.4565,3.7025000000003274,24.0,49.106182199956194
10270.0,3.7024999999999997,0.456,3.7025000000003274,24.0,49.08228560399682
10275.0,3.7024999999999997,0.458,3.7025000000003274,24.0,49.05834972596191
10280.0,3.7024999999999997,0.457,3.7025000000003274,24.0,49.03438765987662
10285.0,3.7024999999999997,0.457,3.7025000000003274,23.97,49.01045178184171
10290.0,3.7024999999999997,0.456,3.7025000000003274,24.0,48.98654209185715
10295.0,3.7,0.457,3.7022916666669516,23.97,48.96263240187261
10300.0,3.69875,0.4565,3.701979166666888,23.94,48.93870961786288
10305.0,3.6975,0.456,3.7015625000002124,23.94,48.91481302190351
10310.0,3.7,0.4555,3.7013541666668366,23.94,48.890942613994504
10315.0,3.6975,0.457,3.7009375000001605,24.0,48.86704601803513
10320.0,3.7,0.459,3.7007291666667848,24.0,48.84305776389949
10325.0,3.7,0.4555,3.700520833333409,24.0,48.81910879183938
10330.0,3.69875,0.4545,3.7002083333333453,24.0,48.795277666005944
10335.0,3.7,0.459,3.6999999999999695,24.0,48.77135488199621
10340.0,3.7,0.458,3.6997916666665938,23.94,48.747340439810195
10345.0,3.7,0.456,3.699583333333218,23.97,48.72340456177528
10350.0,3.7,0.458,3.699374999999842,24.0,48.69946868374036
10355.0,3.6975,0.456,3.6991666666665424,23.94,48.67553280570546
10360.0,3.6975,0.457,3.6990624999999304,23.94,48.6516231157209
10365.0,3.6975,0.458,3.6990624999999304,23.94,48.62766104963562
10370.0,3.6975,0.458,3.69885416666663,23.94,48.60367279549996
10375.0,3.6975,0.4565,3.69885416666663,23.94,48.57972382343987
10380.0,3.6975,0.458,3.6986458333333303,23.94,48.555774851379766
10385.0,3.6975,0.455,3.6984375000000305,23.94,48.5318651613952
10390.0,3.6975,0.457,3.698333333333418,23.94,48.50798165946103
10395.0,3.6975,0.459,3.6981250000001182,23.94,48.48399340532538
10400.0,3.6975,0.458,3.6979166666668184,23.94,48.45997896313937
10405.0,3.6975,0.455,3.697708333333518,23.97,48.436069273154814
10410.0,3.6975,0.458,3.6975000000002183,23.94,48.412159583170265
10415.0,3.6950000000000003,0.455,3.6972916666668425,23.94,48.38824989318571
10420.0,3.69625,0.454,3.6971875000001546,23.94,48.36444495540262
10425.0,3.6950000000000003,0.456,3.696979166666779,24.0,48.34061382956918
10430.0,3.6950000000000003,0.455,3.696770833333403,23.94,48.316756515685356
10435.0,3.69375,0.457,3.6964583333334153,23.94,48.29287301375118
10440.0,3.6925,0.456,3.6960416666667393,23.94,48.26896332376662
10445.0,3.6925,0.456,3.6956250000000637,23.94,48.24507982183245
10450.0,3.69375,0.4555,3.695312500000076,23.94,48.22120941392344
10455.0,3.6925,0.455,3.6948958333334,23.94,48.1973651940648
10460.0,3.6925,0.458,3.6944791666667243,23.94,48.17345550408025
10465.0,3.6925,0.454,3.6940625000000487,23.94,48.149572002146066
10470.0,3.6925,0.453,3.6936458333333726,23.94,48.12581944046372
10475.0,3.6925,0.456,3.6934375000000728,23.94,48.10201450268063
10480.0,3.6925,0.456,3.693125000000085,23.94,48.07813100074645
10485.0,3.6925,0.458,3.6929166666667093,23.94,48.05419512271154
10490.0,3.6925,0.455,3.6927083333333335,23.94,48.030285432726984
10495.0,3.6925,0.456,3.6926041666665697,23.94,48.00642811884317
10500.0,3.6925,0.455,3.6926041666664937,23.94,47.982570804959344
10505.0,3.6925,0.458,3.692604166666418,23.94,47.9586611149748
10510.0,3.6925,0.456,3.6924999999996544,23.94,47.934725236939876
10515.0,3.6925,0.455,3.6924999999995785,23.94,47.91086792305607
10520.0,3.6925,0.453,3.692499999999503,23.94,47.88708917332334
10525.0,3.6900000000000004,0.455,3.6922916666662027,23.94,47.86331042359062
10530.0,3.6900000000000004,0.456,3.692083333332903,23.94,47.839453109706795
10535.0,3.6900000000000004,0.455,3.691874999999603,23.94,47.81559579582297
10540.0,3.6900000000000004,0.4555,3.6916666666663027,23.94,47.79175157596435
10545.0,3.6875,0.455,3.691249999999703,23.94,47.76790735610571
10550.0,3.6875,0.458,3.690833333333103,23.94,47.74399766612116
10555.0,3.6900000000000004,0.4555,3.6906249999998786,23.94,47.72007488211143
10560.0,3.6900000000000004,0.451,3.6904166666666547,23.94,47.69633541445426
10565.0,3.6875,0.453,3.6900000000000546,23.94,47.67266141692301
10570.0,3.6900000000000004,0.454,3.6897916666668302,23.94,47.648908855240656
10575.0,3.6900000000000004,0.456,3.6895833333336063,23.94,47.62507772940722
10580.0,3.6900000000000004,0.455,3.689375000000382,23.94,47.60122041552339
10585.0,3.6900000000000004,0.457,3.689375000000382,23.94,47.57733691358921
10590.0,3.6900000000000004,0.454,3.689375000000382,23.94,47.5534795997054
10595.0,3.6875,0.453,3.689166666667006,23.94,47.52972703802304
10600.0,3.6875,0.456,3.6889583333336304,23.94,47.505922100239964
10605.0,3.6875,0.4555,3.6889583333336304,23.94,47.48205169233095
10610.0,3.6875,0.453,3.6889583333336304,23.94,47.45825984857306
10615.0,3.6875,0.457,3.6887500000002547,23.94,47.43442872273961
10620.0,3.6875,0.4555,3.688541666666879,23.94,47.41053212678024
10625.0,3.6875,0.455,3.688541666666879,23.94,47.38668790692161
10630.0,3.6875,0.4555,3.688333333333503,23.94,47.36284368706297
10635.0,3.6875,0.455,3.6881250000001273,23.94,47.338999467204346
10640.0,3.6875,0.456,3.6879166666667516,23.94,47.31514215332052
10645.0,3.6862500000000002,0.4555,3.687604166666764,23.94,47.291271745411514
10650.0,3.6875,0.4565,3.687395833333388,23.94,47.267388243477335
10655.0,3.685,0.453,3.6871875000000123,23.94,47.24357021166906
10660.0,3.685,0.4555,3.6869791666666365,23.94,47.21977836791117
10665.0,3.68375,0.454,3.6866666666666483,23.94,47.19596033610289
10670.0,3.6824999999999997,0.453,3.6862500000000487,23.94,47.17220777442055
10675.0,3.685,0.454,3.686041666666673,23.94,47.14845521273819
10680.0,3.6824999999999997,0.454,3.6856250000000728,23.94,47.124676463005464
10685.0,3.6824999999999997,0.456,3.6852083333334726,23.94,47.100845337172025
10690.0,3.6824999999999997,0.453,3.684791666666873,23.94,47.077040399388935
10695.0,3.6824999999999997,0.4545,3.684375000000273,23.94,47.053274743681406
10700.0,3.6824999999999997,0.456,3.6839583333336727,23.94,47.02943052382277
10705.0,3.6824999999999997,0.4565,3.683645833333685,23.94,47.0055339278634
10710.0,3.6824999999999997,0.453,3.683229166667085,23.94,46.981715896055135
10715.0,3.6824999999999997,0.455,3.683020833333861,23.94,46.9579371463224
10720.0,3.6824999999999997,0.453,3.6828125000006366,23.94,46.93415839658969
10725.0,3.6824999999999997,0.4555,3.6827083333340247,23.94,46.91036655283178
10730.0,3.6824999999999997,0.458,3.6827083333340247,23.94,46.88644376882206
10735.0,3.6824999999999997,0.453,3.6825000000008004,23.94,46.86258645493824
10740.0,3.6824999999999997,0.4555,3.6825000000008004,23.94,46.83879461118033
10745.0,3.6824999999999997,0.451,3.6825000000008004,23.94,46.815055143523175
10750.0,3.68,0.458,3.6822916666674246,23.94,46.791250205740084
10755.0,3.68,0.4555,3.682083333334049,23.94,46.767327421730364
10760.0,3.68,0.455,3.681875000000673,23.94,46.743483201871726
10765.0,3.6775,0.455,3.6814583333339215,23.94,46.71965207603827
10770.0,3.67875,0.455,3.681145833333782,23.94,46.69582095020483
10775.0,3.68,0.453,3.680937500000406,23.94,46.672042200472106
10780.0,3.68,0.451,3.6807291666670303,23.94,46.64836820294086
10785.0,3.68,0.453,3.6805208333336545,23.905,46.6246942054096
10790.0,3.68,0.451,3.6803125000002788,23.94,46.60102020787835
10795.0,3.6775,0.453,3.679895833333527,23.94,46.577346210347095
10800.0,3.6775,0.454,3.6794791666667757,23.94,46.55359364866474
10805.0,3.6775,0.455,3.679062500000024,23.87,46.52978871088166
10810.0,3.6775,0.456,3.6788541666666483,23.94,46.50593139699784
10815.0,3.67875,0.452,3.678749999999885,23.94,46.48215264726512
10820.0,3.6775,0.453,3.678541666666509,23.94,46.4584524616835
10825.0,3.6775,0.455,3.678541666666509,23.87,46.43467371195078
10830.0,3.6775,0.453,3.6784374999998968,23.905,46.41089496221805
10835.0,3.6775,0.453,3.678229166666521,23.94,46.38716858858606
10840.0,3.6775,0.451,3.6780208333331452,23.94,46.36349459105481
10845.0,3.67875,0.453,3.677916666666382,23.94,46.33982059352355
10850.0,3.6775,0.455,3.677708333333006,23.94,46.316041843790835
10855.0,3.6775,0.453,3.677708333333006,23.94,46.29226309405811
10860.0,3.6775,0.454,3.677708333333006,23.94,46.268510532375764
10865.0,3.6775,0.455,3.677708333333006,23.87,46.24470559459267
10870.0,3.6775,0.455,3.677708333333006,23.94,46.22087446875922
10875.0,3.6775,0.455,3.6776041666663937,23.905,46.19704334292578
10880.0,3.6775,0.453,3.6776041666663937,23.94,46.17326459319305
10885.0,3.675,0.453,3.677395833333018,23.94,46.14953821956107
10890.0,3.675,0.454,3.677187499999642,23.94,46.125785657878716
10895.0,3.675,0.455,3.6769791666662663,23.94,46.10198072009564
10900.0,3.6725,0.453,3.6765624999996667,23.87,46.07820197036291
10905.0,3.67375,0.452,3.6761458333330665,23.905,46.05450178478129
10910.0,3.6725,0.45,3.6757291666664664,23.87,46.03088016335077
10915.0,3.6725,0.453,3.6753124999998668,23.94,46.00723235386989
10920.0,3.6725,0.453,3.6748958333332666,23.94,45.98350598023791
10925.0,3.6725,0.451,3.6744791666666665,23.94,45.959831982706646
10930.0,3.6725,0.451,3.674062500000067,23.94,45.93621036127612
10935.0,3.6725,0.453,3.6736458333334667,23.94,45.91253636374487
10940.0,3.6725,0.455,3.6732291666668666,23.94,45.88875761401214
10945.0,3.6725,0.455,3.6730208333336427,23.87,45.8649264881787
10950.0,3.6725,0.452,3.6728125000004184,23.94,45.841173926496346
10955.0,3.6725,0.452,3.672604166667194,23.905,45.8174999289651
10960.0,3.6725,0.455,3.672604166667194,23.94,45.79374736728275
10965.0,3.6725,0.453,3.672500000000582,23.87,45.76996861755001
10970.0,3.6725,0.453,3.672500000000582,23.94,45.74624224391803
10975.0,3.6725,0.451,3.672500000000582,23.94,45.72256824638677
10980.0,3.6725,0.452,3.672500000000582,23.94,45.6989204369059
10985.0,3.6725,0.454,3.672500000000582,23.905,45.675194063273906
10990.0,3.6725,0.456,3.672500000000582,23.94,45.65136293744045
10995.0,3.67,0.454,3.6722916666672063,23.905,45.627531811607014
11000.0,3.6675,0.455,3.6718750000004547,23.905,45.60372687382392
11005.0,3.67,0.451,3.671666666667079,23.94,45.58000050019194
11010.0,3.67,0.451,3.671458333333703,23.94,45.556378878761414
11015.0,3.66875,0.453,3.6711458333337155,23.94,45.53270488123017
11020.0,3.67,0.455,3.6709375000003397,23.94,45.50892613149744
11025.0,3.67,0.453,3.670729166666964,23.87,45.485147381764726
11030.0,3.67,0.454,3.670520833333588,23.87,45.46139482008237
11035.0,3.67,0.453,3.6703125000002124,23.94,45.43764225840001
11040.0,3.67,0.454,3.6701041666668366,23.87,45.41388969671767
11045.0,3.66875,0.453,3.6697916666668484,23.87,45.39013713503531
11050.0,3.6675,0.456,3.669375000000097,23.87,45.366332197252234
11055.0,3.6675,0.4515,3.669166666666721,23.905,45.34256654154469
11060.0,3.6675,0.454,3.669166666666721,23.87,45.31885326193789
11065.0,3.6675,0.453,3.6689583333333453,23.94,45.29510070025554
11070.0,3.6675,0.454,3.6687499999999695,23.905,45.27134813857319
11075.0,3.6675,0.454,3.668645833333206,23.94,45.24756938884047
11080.0,3.6675,0.455,3.6684374999998304,23.94,45.22376445105738
11085.0,3.6675,0.455,3.6682291666664546,23.94,45.19993332522393
11090.0,3.6675,0.452,3.668020833333079,23.94,45.17618076354159
11095.0,3.6675,0.453,3.667812499999703,23.87,45.15248057795996
11100.0,3.6675,0.452,3.6676041666663273,23.905,45.12878039237835
11105.0,3.6675,0.452,3.6674999999995634,23.94,45.10510639484709
11110.0,3.6675,0.455,3.6674999999995634,23.94,45.08135383316474
11115.0,3.6675,0.453,3.6674999999995634,23.94,45.05757508343202
11120.0,3.66625,0.453,3.6673958333329515,23.905,45.033848709800026
11125.0,3.665,0.451,3.667187499999727,23.87,45.01017471226878
11130.0,3.6675,0.451,3.667187499999727,23.94,44.98655309083826
11135.0,3.665,0.454,3.666979166666503,23.94,44.962852905256646
11140.0,3.6675,0.453,3.666979166666503,23.94,44.93910034357429
11145.0,3.665,0.451,3.666770833333279,23.94,44.91542634604303
11150.0,3.6625,0.452,3.666354166666679,23.905,44.89177853656216
11155.0,3.6625,0.453,3.6659375000000787,23.87,44.86807835098053
11160.0,3.6625,0.453,3.665520833333479,23.94,44.84435197734855
11165.0,3.6625,0.453,3.665104166666879,23.905,44.82062560371656
11170.0,3.6625,0.451,3.6646875000002788,23.87,44.796951606185296
11175.0,3.6625,0.453,3.664270833333679,23.87,44.77327760865405
11180.0,3.6625,0.454,3.663958333333691,23.905,44.7495250469717
11185.0,3.6625,0.45,3.663750000000315,23.87,44.72585104944044
11190.0,3.6625,0.453,3.6633333333337155,23.87,44.70220323995956
11195.0,3.6625,0.4555,3.6631250000003397,23.94,44.67841139620165
11200.0,3.6625,0.451,3.6627083333337396,23.94,44.654671928544495
11205.0,3.6625,0.451,3.662500000000364,23.87,44.63105030711397
11210.0,3.6625,0.455,3.662500000000364,23.87,44.60732393348199
11215.0,3.6625,0.456,3.662500000000364,23.87,44.58346661959817
11220.0,3.6625,0.451,3.662500000000364,23.87,44.55971405791581
11225.0,3.66,0.452,3.662291666666988,23.87,44.536066248434935
11230.0,3.66,0.453,3.6620833333336122,23.87,44.51236606285332
11235.0,3.66,0.453,3.6618750000002365,23.87,44.48863968922133
11240.0,3.66,0.452,3.6616666666668607,23.87,44.46493950363971
11245.0,3.66,0.453,3.661458333333485,23.87,44.44123931805809
11250.0,3.6575,0.451,3.6610416666667334,23.87,44.41756532052684
11255.0,3.6575,0.454,3.660624999999982,23.87,44.39386513494522
11260.0,3.6575,0.455,3.6602083333332303,23.87,44.37006019716214
11265.0,3.6575,0.453,3.6597916666664787,23.87,44.34628144742941
11270.0,3.6575,0.4535,3.659374999999727,23.87,44.32254197977225
11275.0,3.6575,0.451,3.6589583333329756,23.87,44.29885488821582
11280.0,3.6575,0.451,3.658541666666224,23.87,44.2752332667853
11285.0,3.6575,0.453,3.6583333333328483,23.87,44.251559269254045
11290.0,3.66,0.451,3.6583333333328483,23.87,44.22788527172279
11295.0,3.6575,0.455,3.6581249999994725,23.87,44.204158898090796
11300.0,3.6575,0.453,3.6579166666660967,23.87,44.180380148358076
11305.0,3.6575,0.451,3.657708333332721,23.87,44.15670615082682
11310.0,3.6575,0.453,3.657708333332721,23.87,44.133032153295574
11315.0,3.6575,0.451,3.657708333332721,23.87,44.10935815576431
11320.0,3.6575,0.451,3.657708333332721,23.87,44.0857365343338
11325.0,3.6575,0.451,3.657708333332721,23.87,44.06211491290327
11330.0,3.6575,0.453,3.657708333332721,23.87,44.038440915372014
11335.0,3.6575,0.455,3.657708333332721,23.87,44.014662165639294
11340.0,3.6550000000000002,0.453,3.6574999999994966,23.87,43.990883415906566
11345.0,3.6550000000000002,0.4515,3.6572916666662727,23.87,43.96719632435014
11350.0,3.6550000000000002,0.45,3.6568749999996726,23.87,43.943587796944804
11355.0,3.6550000000000002,0.451,3.6566666666664482,23.87,43.91999236356465
11360.0,3.6550000000000002,0.451,3.6564583333332243,23.87,43.89637074213414
11365.0,3.65625,0.4525,3.656354166666612,23.87,43.87270983862807
11370.0,3.6550000000000002,0.453,3.656145833333388,23.87,43.848996559021266
11375.0,3.6550000000000002,0.4505,3.6559375000001637,23.87,43.8253356555152
11380.0,3.6550000000000002,0.452,3.6557291666669394,23.87,43.80170094005948
11385.0,3.6525000000000003,0.455,3.6553125000003397,23.87,43.77794837837714
11390.0,3.6537500000000005,0.453,3.6550000000003515,23.87,43.75416962864441
11395.0,3.6525000000000003,0.454,3.654583333333752,23.87,43.73041706696207
11400.0,3.6525000000000003,0.451,3.654375000000376,23.87,43.706716881380444
11405.0,3.6525000000000003,0.4515,3.6541666666670003,23.87,43.683082165924745
11410.0,3.6525000000000003,0.453,3.6539583333336245,23.87,43.65939507436831
11415.0,3.6525000000000003,0.453,3.6537500000002487,23.87,43.63566870073632
11420.0,3.6525000000000003,0.452,3.653541666666873,23.87,43.61196851515471
11425.0,3.6525000000000003,0.452,3.653229166666885,23.87,43.58829451762345
11430.0,3.6525000000000003,0.451,3.653020833333509,23.87,43.564646708142575
11435.0,3.6525000000000003,0.4515,3.6528125000001332,23.87,43.54101199268686
11440.0,3.6525000000000003,0.451,3.6526041666667575,23.87,43.51737727723115
11445.0,3.6525000000000003,0.45,3.6526041666667575,23.87,43.49378184385101
11450.0,3.6525000000000003,0.451,3.6525000000001455,23.87,43.47018641047086
11455.0,3.6525000000000003,0.451,3.6525000000001455,23.87,43.44656478904033
11460.0,3.6525000000000003,0.453,3.6525000000001455,23.87,43.42289079150908
11465.0,3.65125,0.451,3.6523958333335336,23.87,43.39921679397782
11470.0,3.65,0.4505,3.652187500000158,23.87,43.3756082665725
11475.0,3.65,0.453,3.651979166666782,23.87,43.35194736306642
11480.0,3.65,0.453,3.6517708333334062,23.87,43.32822098943444
11485.0,3.65,0.453,3.6515625000000305,23.87,43.30449461580245
11490.0,3.65,0.453,3.6513541666666547,23.87,43.28076824217045
11495.0,3.65,0.45,3.651145833333279,23.87,43.257120432689575
11500.0,3.6487499999999997,0.452,3.6508333333332907,23.87,43.233498811259054
11505.0,3.65,0.448,3.650624999999915,23.87,43.20992956592927
11510.0,3.65,0.451,3.650416666666539,23.87,43.186386508649846
11515.0,3.65,0.451,3.6502083333331634,23.87,43.16276488721932
11520.0,3.65,0.453,3.6499999999997876,23.87,43.13909088968807
11525.0,3.6475,0.455,3.6496874999996485,23.87,43.11531213995534
11530.0,3.65,0.452,3.6496874999996485,23.87,43.091559578273
11535.0,3.65,0.453,3.6496874999996485,23.87,43.067859392691375
11540.0,3.65,0.451,3.6496874999996485,23.87,43.04418539516013
11545.0,3.6475,0.4505,3.6494791666662727,23.87,43.02057686775479
11550.0,3.6475,0.453,3.649270833332897,23.87,42.996915964248714
11555.0,3.65,0.451,3.649270833332897,23.87,42.97324196671747
11560.0,3.6475,0.453,3.649166666666133,23.87,42.949567969186205
11565.0,3.6475,0.451,3.6489583333327573,23.87,42.92589397165496
11570.0,3.6475,0.448,3.6487499999993815,23.87,42.90235091437553
11575.0,3.6475,0.451,3.6485416666660058,23.87,42.8788078570961
11580.0,3.6475,0.455,3.64833333333263,23.87,42.85508148346412
11585.0,3.6475,0.455,3.64833333333263,23.87,42.831250357630665
11590.0,3.6475,0.453,3.648124999999254,23.87,42.80747160789795
11595.0,3.6475,0.451,3.6479166666658784,23.87,42.78379761036669
11600.0,3.6475,0.453,3.6477083333325027,23.87,42.76012361283544
11605.0,3.64625,0.4515,3.6476041666658907,23.87,42.73643652127901
11610.0,3.645,0.453,3.6473958333326664,23.87,42.71274942972257
11615.0,3.645,0.45,3.6469791666660663,23.87,42.6891016202417
11620.0,3.6475,0.452,3.6469791666660663,23.87,42.66547999881117
11625.0,3.645,0.448,3.6467708333328424,23.87,42.64191075348138
11630.0,3.645,0.451,3.646562499999618,23.87,42.618367696201965
11635.0,3.64375,0.4505,3.6462499999996303,23.87,42.59475916879663
11640.0,3.645,0.451,3.646041666666406,23.87,42.5711506413913
11645.0,3.645,0.451,3.6458333333331816,23.87,42.54752901996077
11650.0,3.64375,0.45,3.645520833333194,23.87,42.52393358658062
11655.0,3.6425,0.451,3.6451041666665938,23.87,42.50033815320048
11660.0,3.6425,0.453,3.644687499999994,23.87,42.47666415566922
11665.0,3.6425,0.4505,3.644375000000006,23.87,42.45300325216314
11670.0,3.6425,0.45,3.64416666666663,23.87,42.42942091280818
11675.0,3.6425,0.45,3.6439583333332544,23.87,42.40585166747839
11680.0,3.6425,0.451,3.6435416666666547,23.87,42.38225623409825
11685.0,3.6425,0.45,3.643333333333279,23.87,42.3586608007181
11690.0,3.6425,0.45,3.643124999999903,23.87,42.3350915553883
11695.0,3.6425,0.451,3.6430208333332907,23.87,42.311496122008165
11700.0,3.6425,0.453,3.642812499999915,23.87,42.287822124476904
11705.0,3.6425,0.453,3.642604166666539,23.87,42.26409575084491
11710.0,3.6425,0.45,3.6424999999999272,23.87,42.24044794136403
11715.0,3.6425,0.45,3.6424999999999272,23.87,42.21687869603424
11720.0,3.64,0.451,3.6422916666665515,23.87,42.193283262654106
11725.0,3.64,0.4505,3.6420833333331757,23.87,42.16967473524876
11730.0,3.64,0.451,3.6418749999998,23.87,42.146066207843425
11735.0,3.64,0.451,3.641666666666424,23.87,42.12244458641291
11740.0,3.63875,0.4505,3.6413541666664364,23.87,42.098836059007574
11745.0,3.63875,0.449,3.6410416666664482,23.87,42.075279907702964
11750.0,3.6375,0.451,3.6406249999998486,23.87,42.05171066237319
11755.0,3.63875,0.4515,3.6403124999998604,23.87,42.028075946917475
11760.0,3.63875,0.449,3.6399999999998727,23.87,42.00449360756251
11765.0,3.6375,0.448,3.6395833333332726,23.87,41.981002926383816
11770.0,3.6375,0.452,3.639166666666673,23.87,41.95743368105403
11775.0,3.6375,0.4505,3.6387500000000728,23.87,41.93379896559832
11780.0,3.6375,0.45,3.6385416666668484,23.87,41.91021662624335
11785.0,3.6375,0.4505,3.6383333333336245,23.87,41.88663428688838
11790.0,3.6375,0.4505,3.6381250000004,23.87,41.86303885350823
11795.0,3.6375,0.45,3.637916666667176,23.87,41.83945651415325
11800.0,3.6375,0.4505,3.637812500000564,23.87,41.81587417479828
11805.0,3.6375,0.4505,3.637708333333952,23.87,41.79227874141813
11810.0,3.6375,0.448,3.637708333333952,23.87,41.768748778163896
11815.0,3.6375,0.4505,3.6376041666673395,23.87,41.745218814909656
11820.0,3.6375,0.4495,3.6375000000007276,23.87,41.72164956957987
11825.0,3.6375,0.448,3.6375000000007276,23.87,41.698145794376
11830.0,3.6375,0.4505,3.6375000000007276,23.87,41.67461583112176
11835.0,3.6375,0.45,3.6375000000007276,23.905,41.65103349176679
11840.0,3.6375,0.451,3.6375000000007276,23.87,41.627438058386645
11845.0,3.6375,0.448,3.6375000000007276,23.87,41.60389500110722
11850.0,3.6362500000000004,0.45,3.6373958333339638,23.87,41.58037813187817
11855.0,3.6375,0.447,3.6373958333339638,23.87,41.55688745069948
11860.0,3.6375,0.4475,3.6373958333339638,23.87,41.5334622396467
11865.0,3.6375,0.4515,3.6373958333339638,23.87,41.509919182367284
11870.0,3.6375,0.45,3.6373958333339638,23.87,41.48631065496195
11875.0,3.6375,0.4515,3.6373958333339638,23.87,41.46270212755662
11880.0,3.6375,0.451,3.6373958333339638,23.87,41.439067412100904
11885.0,3.6350000000000002,0.447,3.637187500000588,23.87,41.41555054287185
11890.0,3.6350000000000002,0.45,3.636979166667212,23.87,41.39205986169316
11895.0,3.6350000000000002,0.449,3.6367708333338364,23.87,41.36851680441374
11900.0,3.6350000000000002,0.45,3.6365625000004607,23.87,41.34497374713432
11905.0,3.6325000000000003,0.448,3.636145833333709,23.87,41.32145687790526
11910.0,3.6350000000000002,0.447,3.636041666667097,23.87,41.2980185728273
11915.0,3.6350000000000002,0.447,3.6358333333337214,23.87,41.27460645579972
11920.0,3.6325000000000003,0.448,3.63541666666697,23.87,41.25116815072176
11925.0,3.6325000000000003,0.4485,3.6350000000002183,23.87,41.22769056356825
11930.0,3.6325000000000003,0.451,3.6345833333334667,23.87,41.20413441226366
11935.0,3.6325000000000003,0.447,3.634166666666715,23.87,41.1806175430346
11940.0,3.6325000000000003,0.45,3.6337499999999636,23.87,41.15712686185592
11945.0,3.6325000000000003,0.45,3.633541666666588,23.87,41.133557616526126
11950.0,3.6325000000000003,0.447,3.633333333333212,23.87,41.11006693534743
11955.0,3.6325000000000003,0.4475,3.6331249999998363,23.87,41.08664172429467
11960.0,3.6325000000000003,0.45,3.6329166666664605,23.87,41.0631379490908
11965.0,3.6325000000000003,0.448,3.6329166666664605,23.87,41.039621079861746
11970.0,3.6325000000000003,0.449,3.6327083333330847,23.87,41.01613039868306
11975.0,3.6325000000000003,0.447,3.632499999999709,23.87,40.99266590555474
11980.0,3.63,0.448,3.632291666666333,23.87,40.969227600476785
11985.0,3.63,0.448,3.6320833333329574,23.87,40.94576310734846
11990.0,3.63,0.448,3.6318749999995816,23.87,40.92229861422014
11995.0,3.63,0.45,3.631666666666206,23.87,40.8987817449911
12000.0,3.63,0.448,3.63145833333283,23.87,40.87526487576204
12005.0,3.63,0.453,3.6312499999994543,23.87,40.85166944238189
12010.0,3.63,0.447,3.6310416666660785,23.87,40.82810019705211
12015.0,3.6274999999999995,0.4485,3.6306249999994784,23.87,40.804648797948964
12020.0,3.6274999999999995,0.447,3.6302083333328787,23.87,40.78119739884581
12025.0,3.6274999999999995,0.448,3.6297916666662786,23.87,40.757759093767866
12030.0,3.6287499999999997,0.449,3.629479166666291,23.87,40.73426841258917
12035.0,3.6274999999999995,0.448,3.6290624999996908,23.87,40.71077773141049
12040.0,3.6274999999999995,0.45,3.6288541666664664,23.87,40.68726086218143
12045.0,3.6274999999999995,0.449,3.6286458333332425,23.87,40.663717804902
12050.0,3.6274999999999995,0.45,3.628437500000018,23.87,40.64017474762258
12055.0,3.6274999999999995,0.447,3.628229166666794,23.87,40.61668406644389
12060.0,3.6274999999999995,0.45,3.62802083333357,23.87,40.5931933852652
12065.0,3.6274999999999995,0.447,3.6278125000003456,23.87,40.56970270408651
12070.0,3.6274999999999995,0.448,3.6276041666671213,23.87,40.54626439900856
12075.0,3.6274999999999995,0.4475,3.6276041666671213,23.87,40.52281299990541
12080.0,3.6274999999999995,0.448,3.6276041666671213,23.87,40.49936160080227
12085.0,3.6274999999999995,0.45,3.6276041666671213,23.87,40.47584473157322
12090.0,3.6274999999999995,0.4475,3.6275000000005093,23.87,40.45234095636935
12095.0,3.6274999999999995,0.448,3.6275000000005093,23.87,40.42888955726621
12100.0,3.6274999999999995,0.448,3.6275000000005093,23.87,40.40542506413789
12105.0,3.6274999999999995,0.4485,3.6275000000005093,23.87,40.38194747698438
12110.0,3.6274999999999995,0.447,3.6275000000005093,23.87,40.35849607788124
12115.0,3.6274999999999995,0.448,3.6275000000005093,23.87,40.33505777280328
12120.0,3.6274999999999995,0.4485,3.6275000000005093,23.87,40.311580185649774
12125.0,3.6262499999999998,0.449,3.6273958333337455,23.87,40.28807641044592
12130.0,3.6274999999999995,0.448,3.6273958333337455,23.87,40.264585729267225
12135.0,3.6274999999999995,0.4475,3.6273958333337455,23.87,40.24113433016409
12140.0,3.6262499999999998,0.4475,3.627291666666982,23.87,40.21769602508613
12145.0,3.625,0.448,3.6270833333336063,23.87,40.194244625982975
12150.0,3.625,0.4475,3.6268750000002306,23.87,40.170793226879844
12155.0,3.625,0.4485,3.6266666666668548,23.87,40.14732873375152
12160.0,3.625,0.445,3.626458333333479,23.87,40.12392971074912
12165.0,3.625,0.4495,3.6262500000001032,23.87,40.10050449969634
12170.0,3.625,0.4465,3.6260416666667274,23.87,40.07704000656802
12175.0,3.6224999999999996,0.448,3.625624999999976,23.87,40.05361479551526
12180.0,3.62375,0.446,3.6253124999999877,23.87,40.03020267848767
12185.0,3.6224999999999996,0.4475,3.625,23.87,40.00680365548526
12190.0,3.6224999999999996,0.447,3.6245833333332484,23.87,39.983378444432496
12195.0,3.6224999999999996,0.446,3.624166666666497,23.87,39.95999251545527
12200.0,3.6224999999999996,0.4485,3.623854166666509,23.87,39.936567304402494
12205.0,3.6224999999999996,0.447,3.6236458333331334,23.87,39.91311590529936
12210.0,3.6224999999999996,0.4475,3.6234374999997576,23.87,39.88969069424658
12215.0,3.6224999999999996,0.4465,3.623229166666382,23.87,39.86627857721899
12220.0,3.6224999999999996,0.445,3.623020833333006,23.87,39.84293193031733
12225.0,3.6224999999999996,0.4475,3.6228124999996303,23.87,39.819559095365285
12230.0,3.6224999999999996,0.449,3.6226041666662545,23.87,39.79608150821179
12235.0,3.6224999999999996,0.45,3.6226041666662545,23.87,39.77253845093236
12240.0,3.6224999999999996,0.446,3.6224999999994907,23.87,39.749073957804036
12245.0,3.6224999999999996,0.4485,3.6224999999994907,23.87,39.725648746751276
12250.0,3.62,0.45,3.6222916666662663,23.87,39.70211878349703
12255.0,3.62,0.4485,3.6220833333330424,23.87,39.67858882024279
12260.0,3.62,0.4475,3.621874999999818,23.87,39.65512432711448
12265.0,3.62,0.448,3.6216666666665938,23.87,39.63167292801133
12270.0,3.61875,0.4485,3.621354166666606,23.87,39.60819534085783
12275.0,3.62,0.446,3.6211458333333817,23.87,39.58477012980506
12280.0,3.62,0.447,3.620937500000158,23.87,39.56138420082783
12285.0,3.62,0.448,3.6207291666669335,23.87,39.537945895749885
12290.0,3.61875,0.449,3.6204166666669457,23.87,39.514455214571186
12295.0,3.6174999999999997,0.447,3.6200000000003456,23.87,39.49099072144286
12300.0,3.6174999999999997,0.447,3.6195833333337455,23.87,39.46757860441529
12305.0,3.61875,0.4475,3.6192708333337578,23.87,39.44415339336251
12310.0,3.6174999999999997,0.448,3.619062500000382,23.87,39.420701994259375
12315.0,3.6174999999999997,0.448,3.618854166667006,23.87,39.39723750113105
12320.0,3.6174999999999997,0.4475,3.6186458333336304,23.87,39.37378610202791
12325.0,3.6174999999999997,0.448,3.6184375000002547,23.87,39.35033470292477
12330.0,3.6174999999999997,0.448,3.6183333333336427,23.87,39.326870209796446
12335.0,3.6174999999999997,0.4485,3.618125000000267,23.87,39.30339262264294
12340.0,3.6174999999999997,0.447,3.617916666666891,23.87,39.27994122353981
12345.0,3.6174999999999997,0.447,3.6177083333335154,23.87,39.25652910651222
12350.0,3.6174999999999997,0.4485,3.617604166666903,23.87,39.23307770740908
12355.0,3.6174999999999997,0.448,3.617604166666903,23.87,39.20960012025557
12360.0,3.6174999999999997,0.451,3.617604166666903,23.87,39.18605706297614
12365.0,3.6174999999999997,0.4475,3.617500000000291,23.87,39.16252709972191
12370.0,3.6174999999999997,0.448,3.617500000000291,23.87,39.13907570061876
12375.0,3.6174999999999997,0.445,3.617500000000291,23.87,39.11568977164155
12380.0,3.61625,0.448,3.617395833333527,23.87,39.09230384266432
12385.0,3.6174999999999997,0.447,3.617395833333527,23.87,39.06886553758636
12390.0,3.6174999999999997,0.445,3.617395833333527,23.87,39.04550579665952
12395.0,3.6174999999999997,0.4485,3.617395833333527,23.87,39.02210677365711
12400.0,3.6174999999999997,0.445,3.617395833333527,23.87,38.998707750654695
12405.0,3.615,0.448,3.6171875000001514,23.87,38.975321821677475
12410.0,3.61625,0.447,3.617083333333388,23.87,38.951883516599516
12415.0,3.6174999999999997,0.447,3.617083333333388,23.87,38.92847139957194
12420.0,3.615,0.447,3.6168750000000123,23.87,38.90505928254435
12425.0,3.615,0.448,3.6166666666666365,23.87,38.88162097746639
12430.0,3.615,0.45,3.6164583333332607,23.87,38.85810410823735
12435.0,3.615,0.447,3.616249999999885,23.87,38.83461342705865
12440.0,3.615,0.4465,3.6161458333332726,23.87,38.81121440405624
12445.0,3.615,0.45,3.6159374999998968,23.87,38.78773681690274
12450.0,3.615,0.447,3.615729166666521,23.87,38.76424613572404
12455.0,3.615,0.4475,3.6155208333331452,23.87,38.74082092467128
12460.0,3.615,0.448,3.6153124999997694,23.87,38.71736952556814
12465.0,3.615,0.445,3.6153124999997694,23.87,38.69398359659091
12470.0,3.61375,0.448,3.6151041666665455,23.87,38.67059766761369
12475.0,3.6125,0.447,3.614687499999794,23.87,38.64715936253573
12480.0,3.6125,0.447,3.614479166666418,23.87,38.62374724550814
12485.0,3.6125,0.447,3.6142708333330424,23.87,38.600335128480566
12490.0,3.6125,0.448,3.6140624999996667,23.87,38.576896823402606
12495.0,3.6125,0.447,3.613854166666291,23.87,38.553458518324646
12500.0,3.6125,0.449,3.613645833332915,23.87,38.52999402519634
12505.0,3.6125,0.45,3.6134374999995393,23.87,38.506450967916905
12510.0,3.6125,0.448,3.6132291666661636,23.87,38.48293409868786
12515.0,3.6125,0.4475,3.613020833332788,23.87,38.45948269958471
12520.0,3.6125,0.4465,3.612812499999412,23.87,38.43607058255712
12525.0,3.6125,0.445,3.6126041666660362,23.87,38.41272393565546
12530.0,3.61125,0.449,3.6123958333326605,23.87,38.38931181862787
12535.0,3.6100000000000003,0.4475,3.612187499999436,23.87,38.36583423147436
12540.0,3.6100000000000003,0.445,3.6119791666662118,23.87,38.34246139652233
12545.0,3.6100000000000003,0.4475,3.611770833332988,23.87,38.31908856157029
12550.0,3.60875,0.446,3.6114583333329997,23.87,38.29568953856788
12555.0,3.6075,0.448,3.6110416666664,23.87,38.2722774215403
12560.0,3.6075,0.449,3.6106249999998,23.87,38.24878674036161
12565.0,3.6075,0.4465,3.6102083333332,23.87,38.22533534125847
12570.0,3.6075,0.447,3.6097916666666,23.87,38.20193631825606
12575.0,3.6075,0.4445,3.609375,23.87,38.17858967135438
12580.0,3.6075,0.4475,3.6089583333334,23.87,38.15522993042754
12585.0,3.6075,0.445,3.6085416666668,23.87,38.131857095475496
12590.0,3.60875,0.445,3.6083333333334244,23.87,38.108549730649365
12595.0,3.60875,0.447,3.6082291666666606,23.87,38.08518998972252
12600.0,3.6075,0.448,3.608020833333285,23.87,38.06175168464456
12605.0,3.60875,0.445,3.607916666666521,23.87,38.038365755667336
12610.0,3.6075,0.446,3.607812499999909,23.905,38.015032202790856
12615.0,3.6075,0.45,3.607812499999909,23.87,37.99156770966253
12620.0,3.6075,0.447,3.607812499999909,23.87,37.96807702848385
12625.0,3.6075,0.4475,3.607812499999909,23.87,37.94465181743107
12630.0,3.6075,0.447,3.607812499999909,23.87,37.9212266063783
12635.0,3.6075,0.447,3.607812499999909,23.87,37.89781448935072
12640.0,3.6075,0.444,3.607812499999909,23.87,37.87448093647423
12645.0,3.6075,0.448,3.607812499999909,23.87,37.85112119554738
12650.0,3.6075,0.4455,3.607708333333297,23.94,37.82772217254497
12655.0,3.6075,0.4445,3.6076041666666847,23.87,37.80441480771884
12660.0,3.6075,0.447,3.6076041666666847,23.87,37.78106816081716
12665.0,3.6075,0.4455,3.6075000000000728,23.87,37.757695325865136
12670.0,3.6075,0.4465,3.6075000000000728,23.87,37.734335584938286
12675.0,3.6075,0.45,3.6075000000000728,23.94,37.71085799778477
12680.0,3.6075,0.447,3.6075000000000728,23.87,37.68736731660609
12685.0,3.6075,0.449,3.6075000000000728,23.87,37.66390282347777
12690.0,3.6075,0.444,3.6075000000000728,23.94,37.64051689450054
12695.0,3.6075,0.447,3.6075000000000728,23.94,37.61718334162406
12700.0,3.6062499999999997,0.446,3.607395833333461,23.94,37.593797412646836
12705.0,3.6075,0.448,3.607395833333461,23.94,37.570385295619246
12710.0,3.6075,0.442,3.607395833333461,23.94,37.54707793079313
12715.0,3.6049999999999995,0.4465,3.607187500000085,23.94,37.52380984804255
12720.0,3.6049999999999995,0.445,3.6069791666667093,23.94,37.50046320114089
12725.0,3.6049999999999995,0.447,3.6067708333333335,23.94,37.47710346021403
12730.0,3.6049999999999995,0.4455,3.6065624999999577,23.87,37.453730625262
12735.0,3.6049999999999995,0.444,3.606354166666582,23.94,37.43043635446106
12740.0,3.6049999999999995,0.447,3.606145833333206,23.94,37.40710280158457
12745.0,3.6049999999999995,0.445,3.6059374999998304,23.905,37.383743060657714
12750.0,3.6049999999999995,0.45,3.6057291666664546,23.94,37.36030475557976
12755.0,3.6025,0.447,3.6053124999998545,23.94,37.33681407440107
12760.0,3.6025,0.446,3.6049999999998668,23.94,37.31342814542384
12765.0,3.6025,0.447,3.6045833333332666,23.87,37.29004221644663
12770.0,3.6025,0.445,3.6041666666666665,23.87,37.26668247551977
12775.0,3.6025,0.446,3.6039583333334426,23.94,37.243348922643285
12780.0,3.6025,0.441,3.6037500000002183,23.87,37.22012012196827
12785.0,3.6025,0.445,3.603541666666994,23.87,37.196917509343606
12790.0,3.6025,0.4445,3.60333333333377,23.905,37.17362323854266
12795.0,3.6025,0.445,3.6031250000005457,23.94,37.15032896774173
12800.0,3.6025,0.445,3.6029166666673214,23.94,37.1270216029156
12805.0,3.6025,0.446,3.6027083333340975,23.94,37.10368805003911
12810.0,3.6025,0.447,3.602500000000873,23.94,37.08030212106189
12815.0,3.5999999999999996,0.444,3.6022916666674973,23.94,37.0569685681854
12820.0,3.60125,0.4455,3.6021875000007335,23.94,37.03367429738446
12825.0,3.5999999999999996,0.448,3.6019791666673577,23.94,37.01027527438205
12830.0,3.5999999999999996,0.444,3.601770833333982,23.94,36.9869155334552
12835.0,3.5999999999999996,0.447,3.601562500000606,23.94,36.96358198057871
12840.0,3.5999999999999996,0.445,3.6013541666672304,23.94,36.94022223965187
12845.0,3.5999999999999996,0.445,3.6011458333338546,23.94,36.916914874825736
12850.0,3.59875,0.445,3.6008333333337155,23.94,36.89360750999961
12855.0,3.5999999999999996,0.448,3.6006250000003397,23.94,36.87022158102239
12860.0,3.5999999999999996,0.447,3.600416666666964,23.94,36.846783275944425
12865.0,3.5999999999999996,0.4445,3.600208333333588,23.94,36.82343662904276
12870.0,3.5974999999999997,0.444,3.5997916666668366,23.94,36.80016854629219
12875.0,3.5999999999999996,0.444,3.5997916666668366,23.94,36.77691355756679
12880.0,3.5999999999999996,0.4445,3.599687500000224,23.94,36.75364547481623
12885.0,3.5974999999999997,0.445,3.5994791666668484,23.94,36.730351204015285
12890.0,3.5974999999999997,0.445,3.5992708333334726,23.94,36.707043839189154
12895.0,3.5974999999999997,0.4445,3.599062500000097,23.94,36.68374956838822
12900.0,3.5974999999999997,0.445,3.598854166666721,23.94,36.660455297587276
12905.0,3.5974999999999997,0.447,3.5986458333333453,23.94,36.63709555666043
12910.0,3.5974999999999997,0.446,3.5985416666667334,23.94,36.613709627683214
12915.0,3.5974999999999997,0.4475,3.5983333333333576,23.94,36.590310604680795
12920.0,3.5974999999999997,0.448,3.598124999999982,23.94,36.566859205577664
12925.0,3.5974999999999997,0.446,3.597916666666606,23.94,36.543447088550074
12930.0,3.5974999999999997,0.447,3.597916666666606,23.94,36.52006115957285
12935.0,3.5974999999999997,0.444,3.5977083333332303,23.94,36.49672760669637
12940.0,3.5974999999999997,0.4445,3.5974999999998545,23.94,36.47345952394579
12945.0,3.5974999999999997,0.446,3.5974999999998545,23.94,36.45013906509449
12950.0,3.5974999999999997,0.445,3.5974999999998545,23.94,36.42680551221801
12955.0,3.5974999999999997,0.445,3.5974999999998545,23.94,36.40349814739188
12960.0,3.5974999999999997,0.446,3.5974999999998545,23.94,36.380164594515385
12965.0,3.5974999999999997,0.447,3.5974999999998545,23.94,36.35677866553817
12970.0,3.5974999999999997,0.4475,3.5974999999998545,23.94,36.3333534544854
12975.0,3.5974999999999997,0.447,3.5974999999998545,23.94,36.30992824343262
12980.0,3.5974999999999997,0.445,3.5974999999998545,23.94,36.28656850250578
12985.0,3.59625,0.445,3.5973958333332425,23.94,36.26326113767965
12990.0,3.59625,0.4455,3.59729166666663,23.94,36.23994067882834
12995.0,3.595,0.444,3.5970833333332544,23.94,36.21664640802741
13000.0,3.59625,0.445,3.5969791666666424,23.94,36.19336523125165
13005.0,3.595,0.4455,3.5967708333332666,23.94,36.170044772400345
13010.0,3.595,0.444,3.596562499999891,23.94,36.14675050159941
13015.0,3.595,0.4455,3.596354166666515,23.94,36.12345623079847
13020.0,3.59625,0.4445,3.596249999999903,23.94,36.100148865972336
13025.0,3.595,0.444,3.5960416666665274,23.94,36.076880783221775
13030.0,3.59625,0.4475,3.595937499999915,23.94,36.053534136320096
13035.0,3.59375,0.4445,3.5956249999999272,23.94,36.030174395393246
13040.0,3.595,0.444,3.5954166666665515,23.94,36.006906312642684
13045.0,3.59375,0.446,3.5952083333331757,23.94,35.98359894781655
13050.0,3.5925,0.4435,3.594895833333188,23.94,35.96030467701561
13055.0,3.5925,0.441,3.5946874999999636,23.94,35.937141346466504
13060.0,3.5925,0.442,3.594374999999976,23.94,35.91401729799294
13065.0,3.5925,0.4445,3.5941666666667516,23.94,35.890801591343106
13070.0,3.5925,0.442,3.593958333333527,23.94,35.867585884693256
13075.0,3.5925,0.444,3.5937500000003033,23.94,35.84438327206859
13080.0,3.5925,0.4445,3.593437500000315,23.94,35.82111518931803
13085.0,3.5925,0.447,3.5932291666670912,23.94,35.79776854241635
13090.0,3.5925,0.444,3.592916666667103,23.94,35.77443498953986
13095.0,3.5925,0.4445,3.592812500000491,23.94,35.7511669067893
13100.0,3.5925,0.445,3.592604166667267,23.94,35.727872635988355
13105.0,3.59,0.447,3.592291666667279,23.94,35.704512895061505
13110.0,3.59,0.4445,3.5920833333339033,23.94,35.68116624815983
13115.0,3.59,0.444,3.5918750000005275,23.94,35.657898165409264
13120.0,3.59,0.442,3.5916666666671517,23.94,35.6346955527846
13125.0,3.59,0.445,3.591458333333776,23.94,35.61146675210958
13130.0,3.5875,0.442,3.5910416666670244,23.94,35.588237951434564
13135.0,3.59,0.447,3.5908333333336486,23.94,35.56495677465881
13140.0,3.59,0.444,3.590625000000273,23.94,35.54162322178232
13145.0,3.59,0.445,3.590416666666897,23.94,35.51834204500657
13150.0,3.59,0.445,3.5902083333335213,23.94,35.49503468018044
13155.0,3.59,0.446,3.5900000000001455,23.94,35.471701127303945
13160.0,3.59,0.445,3.5897916666667697,23.94,35.448367574427465
13165.0,3.59,0.447,3.5897916666667697,23.94,35.42500783350061
13170.0,3.59,0.4445,3.5897916666667697,23.94,35.40166118659894
13175.0,3.59,0.444,3.5897916666667697,23.94,35.378393103848374
13180.0,3.5875,0.445,3.589583333333394,23.94,35.35511192707261
13185.0,3.58875,0.444,3.589479166666782,23.94,35.33183075029685
13190.0,3.59,0.444,3.589687500000158,23.94,35.30857576157147
13195.0,3.59,0.444,3.589687500000158,23.94,35.28532077284608
13200.0,3.5875,0.443,3.589479166666782,23.97,35.26209197217105
13205.0,3.5875,0.447,3.5892708333334062,23.94,35.23878460734493
13210.0,3.5875,0.444,3.5890625000000305,23.94,35.21545105446844
13215.0,3.5875,0.4455,3.5888541666666547,23.94,35.19215678366751
13220.0,3.5875,0.445,3.588645833333279,23.94,35.1688363248162
13225.0,3.5875,0.444,3.588437499999903,23.94,35.145555148040444
13230.0,3.5875,0.4445,3.5882291666665274,23.94,35.12228706528987
13235.0,3.5875,0.445,3.5880208333331516,23.94,35.098992794488936
13240.0,3.5875,0.444,3.5880208333331516,23.94,35.07571161771318
13245.0,3.5875,0.4465,3.5879166666663878,23.94,35.05239115886187
13250.0,3.5875,0.445,3.587708333333012,23.94,35.02904451196021
13255.0,3.5875,0.444,3.587499999999636,23.94,35.00576333518445
13260.0,3.5875,0.4445,3.587499999999636,23.94,34.98249525243388
13265.0,3.5875,0.445,3.587499999999636,23.94,34.95920098163295
13270.0,3.5875,0.444,3.587499999999636,24.0,34.935919804857186
13275.0,3.5862499999999997,0.447,3.5873958333330243,23.94,34.91258625198069
13280.0,3.5875,0.445,3.5873958333330243,23.94,34.88922651105385
13285.0,3.5875,0.445,3.5873958333330243,23.94,34.86591914622772
13290.0,3.5875,0.4445,3.5873958333330243,23.94,34.84262487542678
13295.0,3.5875,0.4445,3.5873958333330243,23.94,34.819343698651025
13300.0,3.5875,0.444,3.5873958333330243,23.94,34.796075615900456
13305.0,3.5862499999999997,0.4455,3.587291666666412,23.94,34.77278134509951
13310.0,3.5862499999999997,0.4455,3.5871874999998,23.94,34.74944779222303
13315.0,3.585,0.445,3.586979166666424,23.94,34.72612733337173
13320.0,3.58375,0.4445,3.5866666666664364,23.94,34.70283306257078
13325.0,3.5825,0.444,3.5862499999998363,23.94,34.67956497982022
13330.0,3.5825,0.444,3.585833333333236,23.94,34.65630999109482
13335.0,3.5825,0.447,3.5855208333332484,23.94,34.632976438218336
13340.0,3.5825,0.4445,3.5851041666666483,23.94,34.609629791316664
13345.0,3.5825,0.444,3.5846875000000487,23.94,34.586361708566095
13350.0,3.5825,0.444,3.5842708333334485,23.97,34.5631067198407
13355.0,3.5825,0.4445,3.5838541666668484,23.94,34.539838637090135
13360.0,3.5825,0.444,3.5834375000002487,23.94,34.516570554339566
13365.0,3.5825,0.4465,3.5831250000002606,23.94,34.49325009548826
13370.0,3.5825,0.445,3.582812500000273,23.94,34.46990344858659
13375.0,3.5825,0.444,3.5826041666670485,23.94,34.44662227181083
13380.0,3.58,0.446,3.582291666667061,23.94,34.4233149069847
13385.0,3.58,0.4445,3.582083333333685,23.94,34.399994448133405
13390.0,3.58,0.442,3.5818750000003092,23.94,34.37677874148356
13395.0,3.58,0.444,3.5816666666669335,23.94,34.3535761288589
13400.0,3.58,0.4445,3.5814583333335577,23.94,34.330308046108335
13405.0,3.58,0.445,3.581250000000182,24.0,34.3070137753074
13410.0,3.58,0.443,3.581041666666806,23.97,34.283758786582
13415.0,3.58,0.4455,3.5808333333334303,24.0,34.26049070383144
13420.0,3.58,0.445,3.5806250000000546,24.0,34.23717024498013
13425.0,3.58,0.442,3.580416666666679,24.0,34.21394144430511
13430.0,3.58,0.443,3.580208333333303,23.97,34.190765019730826
13435.0,3.58,0.447,3.5799999999999272,24.0,34.167457654904695
13440.0,3.58,0.4445,3.5799999999999272,23.97,34.14411100800302
13445.0,3.58,0.4445,3.5799999999999272,24.0,34.120829831227276
13450.0,3.58,0.441,3.5799999999999272,24.0,34.097640312627796
13455.0,3.58,0.444,3.5799999999999272,24.0,34.07446388805351
13460.0,3.58,0.4455,3.5799999999999272,24.0,34.051169617252576
13465.0,3.58,0.445,3.5799999999999272,23.94,34.02784915840127
13470.0,3.58,0.444,3.5799999999999272,24.0,34.00456798162551
13475.0,3.5775,0.4455,3.5797916666665515,24.0,33.98127371082458
13480.0,3.5775,0.444,3.5795833333331757,24.0,33.957979440023635
13485.0,3.58,0.447,3.5795833333331757,24.0,33.93464588714714
13490.0,3.5787500000000003,0.4435,3.5794791666665637,24.0,33.91132542829585
13495.0,3.5775,0.445,3.579270833333188,24.0,33.88805734554528
13500.0,3.58,0.444,3.579270833333188,24.0,33.86477616876952
13505.0,3.5775,0.4445,3.579062499999812,24.0,33.84150808601895
13510.0,3.5775,0.444,3.5788541666664364,24.0,33.818240003268386
13515.0,3.5775,0.442,3.5786458333330606,24.0,33.79503739064372
13520.0,3.5775,0.4425,3.578437499999685,24.0,33.77187406009461
13525.0,3.5775,0.441,3.578229166666309,24.0,33.74873691759588
13530.0,3.5775,0.444,3.5780208333329333,24.0,33.72556049302159
13535.0,3.5775,0.443,3.5780208333329333,24.0,33.70233169234657
13540.0,3.5775,0.444,3.5780208333329333,24.0,33.679102891671555
13545.0,3.5775,0.444,3.5778124999995575,24.0,33.65584790294616
13550.0,3.5775,0.4445,3.5777083333327937,24.0,33.63257982019559
13555.0,3.5775,0.442,3.5777083333327937,24.0,33.609364113545745
13560.0,3.5775,0.444,3.577499999999418,24.0,33.58616150092109
13565.0,3.5775,0.4445,3.577499999999418,24.0,33.56289341817052
13570.0,3.575,0.447,3.5772916666661936,24.0,33.539546771268846
13575.0,3.575,0.444,3.5770833333329697,24.0,33.51621321839235
13580.0,3.5737500000000004,0.443,3.5767708333329815,24.0,33.49298441771733
13585.0,3.5725000000000002,0.445,3.576354166666382,24.0,33.46972942899195
13590.0,3.575,0.441,3.5761458333331575,24.0,33.44652681636728
13595.0,3.5725000000000002,0.443,3.5757291666665574,24.0,33.42337657984336
13600.0,3.575,0.445,3.5755208333333335,24.0,33.40012159111797
13605.0,3.575,0.445,3.575312500000109,24.0,33.37681422629184
13610.0,3.575,0.443,3.575104166666885,24.0,33.353559237566444
13615.0,3.5725000000000002,0.444,3.574687500000285,24.0,33.33033043689143
13620.0,3.575,0.445,3.574479166667061,24.0,33.307049260115676
13625.0,3.5737500000000004,0.4435,3.574166666667073,24.0,33.2837811773651
13630.0,3.5725000000000002,0.438,3.5739583333336973,24.0,33.26069641096711
13635.0,3.5725000000000002,0.442,3.5737500000003215,24.0,33.23765092664465
13640.0,3.57,0.4445,3.5734375000003333,24.0,33.2144352199948
13645.0,3.57,0.444,3.5732291666669576,24.0,33.191167137244236
13650.0,3.5675,0.444,3.5726041666668302,24.0,33.16791214851884
13655.0,3.57,0.442,3.5723958333334545,24.0,33.14470953589418
13660.0,3.57,0.444,3.571979166666703,24.0,33.12150692326953
13665.0,3.57,0.442,3.5715624999999513,24.0,33.09830431064486
13670.0,3.57,0.4425,3.5711458333332,24.0,33.07514098009575
13675.0,3.57,0.441,3.570937499999824,24.0,33.05200383759702
13680.0,3.57,0.442,3.5705208333330725,24.0,33.02887978912346
13685.0,3.57,0.443,3.5702083333330847,24.0,33.00570336454916
13690.0,3.57,0.4435,3.569999999999709,24.0,32.98248765789933
13695.0,3.57,0.444,3.569791666666333,24.0,32.95924576319912
13700.0,3.57,0.443,3.569791666666333,24.0,32.93601696252409
13705.0,3.57,0.442,3.569791666666333,24.0,32.91284053794982
13710.0,3.57,0.444,3.569999999999709,24.0,32.889637925325154
13715.0,3.57,0.4425,3.569999999999709,24.0,32.866422218675304
13720.0,3.57,0.443,3.569999999999709,24.0,32.843232700075845
13725.0,3.57,0.444,3.569999999999709,24.0,32.82000389940082
13730.0,3.5687499999999996,0.442,3.569895833333097,24.0,32.79680128677616
13735.0,3.5687499999999996,0.443,3.5697916666664846,24.0,32.77362486220188
13740.0,3.57,0.444,3.5697916666664846,24.06,32.75039606152686
13745.0,3.57,0.4435,3.5697916666664846,24.0,32.727154166826644
13750.0,3.57,0.4435,3.5697916666664846,24.03,32.70392536615162
13755.0,3.57,0.444,3.5697916666664846,24.06,32.680683471451424
13760.0,3.57,0.4445,3.5697916666664846,24.0,32.65741538870085
13765.0,3.57,0.4415,3.5697916666664846,24.0,32.63421277607619
13770.0,3.57,0.442,3.5697916666664846,24.0,32.61107563357746
13775.0,3.57,0.4435,3.5697916666664846,24.03,32.587886114977984
13780.0,3.5687499999999996,0.443,3.5696874999998727,24.06,32.56467040832813
13785.0,3.5675,0.444,3.569479166666497,24.06,32.54144160765312
13790.0,3.5675,0.443,3.569374999999733,24.06,32.5182128069781
13795.0,3.5675,0.4445,3.5692708333329697,24.06,32.494970912277886
13800.0,3.5675,0.442,3.569062499999594,24.06,32.47175520562805
13805.0,3.5675,0.442,3.568854166666218,24.06,32.448604969104125
13810.0,3.5675,0.4435,3.5686458333328424,24.03,32.425415450504644
13815.0,3.565,0.444,3.5682291666662422,24.0,32.402173555804445
13820.0,3.565,0.444,3.567812499999642,24.06,32.378918567079054
13825.0,3.565,0.443,3.5673958333330424,24.06,32.355689766404026
13830.0,3.565,0.445,3.5669791666664423,24.06,32.33243477767864
13835.0,3.565,0.4435,3.566562499999842,24.06,32.309166694928074
13840.0,3.565,0.445,3.5662499999998545,24.06,32.2858986121775
13845.0,3.565,0.442,3.56604166666663,24.06,32.262669811502484
13850.0,3.5625,0.442,3.5656250000000305,24.06,32.23951957497856
13855.0,3.565,0.443,3.565416666666806,24.06,32.21634315040427
13860.0,3.565,0.444,3.565208333333582,24.06,32.19311434972924
13865.0,3.565,0.439,3.565000000000358,24.06,32.169990301255694
13870.0,3.565,0.4415,3.5647916666671335,24.06,32.14693172290804
13875.0,3.5625,0.447,3.5645833333337578,24.06,32.123663640157474
13880.0,3.5599999999999996,0.441,3.564166666667006,24.06,32.10040865143209
13885.0,3.56,0.442,3.5637500000002547,24.06,32.07728460295852
13890.0,3.5625,0.445,3.563541666666879,24.06,32.0540558022835
13895.0,3.56,0.442,3.5631250000001273,24.06,32.030827001608486
13900.0,3.5625,0.4425,3.5629166666667516,24.06,32.00766367105937
13905.0,3.5625,0.445,3.5627083333333758,24.06,31.984421776359163
13910.0,3.5625,0.442,3.5627083333333758,24.06,31.96119297568415
13915.0,3.56,0.4415,3.5622916666666242,24.06,31.93805583318541
13920.0,3.56,0.444,3.5618749999998727,24.06,31.914866314585932
13925.0,3.56,0.442,3.561458333333121,24.06,31.89166370196128
13930.0,3.56,0.443,3.5610416666663696,24.06,31.868487277386993
13935.0,3.56,0.442,3.560833333332994,24.06,31.845310852812702
13940.0,3.56,0.444,3.560833333332994,24.06,31.82210824018805
13945.0,3.56,0.4425,3.560833333332994,24.06,31.798892533538204
13950.0,3.56,0.441,3.560624999999618,24.06,31.77575539103946
13955.0,3.56,0.447,3.560624999999618,24.06,31.752500402314077
13960.0,3.56,0.4435,3.5604166666662422,24.06,31.72917994346277
13965.0,3.56,0.444,3.5602083333328665,24.06,31.70593804876256
13970.0,3.56,0.441,3.5599999999994907,24.06,31.68276162418828
13975.0,3.56,0.444,3.5599999999994907,24.06,31.659585199613993
13980.0,3.56,0.444,3.5599999999994907,24.06,31.636330210888598
13985.0,3.56,0.444,3.5599999999994907,24.06,31.61307522216321
13990.0,3.56,0.4425,3.5599999999994907,24.06,31.589859515513364
13995.0,3.56,0.442,3.5599999999994907,24.06,31.56669618496425
14000.0,3.56,0.442,3.5599999999994907,24.06,31.543545948440332
14005.0,3.5575,0.443,3.5597916666662663,24.09,31.520369523866044
14010.0,3.56,0.447,3.5597916666662663,24.06,31.497062159039913
14015.0,3.56,0.442,3.5597916666662663,24.06,31.473780982264167
14020.0,3.56,0.442,3.5597916666662663,24.06,31.450630745740238
14025.0,3.56,0.444,3.5597916666662663,24.06,31.427428133115576
14030.0,3.56,0.442,3.5597916666662663,24.06,31.404225520490925
14035.0,3.5575,0.441,3.5595833333330424,24.09,31.38110147201736
14040.0,3.5575,0.444,3.559374999999818,24.12,31.357925047443068
14045.0,3.5575,0.441,3.5591666666665938,24.06,31.33474862286879
14050.0,3.555,0.4425,3.558749999999994,24.12,31.31161148037005
14055.0,3.555,0.442,3.558333333333394,24.12,31.288448149820937
14060.0,3.5575,0.444,3.5581250000001696,24.12,31.265245537196286
14065.0,3.5562500000000004,0.4435,3.5580208333334062,24.12,31.242003642496073
14070.0,3.5575,0.445,3.557812500000182,24.12,31.218735559745504
14075.0,3.555,0.441,3.557395833333582,24.12,31.195532947120853
14080.0,3.555,0.4405,3.556979166666982,24.12,31.172448180722846
14085.0,3.555,0.4425,3.556562500000382,24.12,31.14932413224928
14090.0,3.555,0.441,3.556145833333782,24.12,31.126186989750536
14095.0,3.555,0.443,3.555937500000406,24.12,31.103036753226622
14100.0,3.5512499999999996,0.4415,3.5554166666670426,24.12,31.079873422677508
14105.0,3.5524999999999998,0.439,3.555000000000291,24.12,31.05681484432987
14110.0,3.5524999999999998,0.4425,3.5547916666669153,24.12,31.033730077931864
14115.0,3.5524999999999998,0.4415,3.5545833333335395,24.12,31.01057984140794
14120.0,3.5524999999999998,0.442,3.554166666666788,24.12,30.987442698909195
14125.0,3.5524999999999998,0.4435,3.5538541666668,24.12,30.964253180309733
14130.0,3.5524999999999998,0.4395,3.5534375000000487,24.12,30.941129131836163
14135.0,3.5500000000000003,0.442,3.553020833333297,24.12,30.918044365438156
14140.0,3.5500000000000003,0.44,3.5526041666665455,24.12,30.894946505014975
14145.0,3.54875,0.441,3.5520833333331816,24.12,30.871874832642142
14150.0,3.5500000000000003,0.442,3.55166666666643,24.12,30.848750784168576
14155.0,3.5500000000000003,0.441,3.5512499999996785,24.12,30.82562673569502
14160.0,3.5500000000000003,0.441,3.551145833332915,24.12,30.80252887527183
14165.0,3.5500000000000003,0.442,3.5509374999995393,24.12,30.779404826798263
14170.0,3.5500000000000003,0.4415,3.5507291666661636,24.12,30.75626768429953
14175.0,3.5500000000000003,0.4405,3.550520833332788,24.12,30.733169823876338
14180.0,3.5500000000000003,0.439,3.550312499999412,24.12,30.710137433579064
14185.0,3.5500000000000003,0.441,3.5501041666660362,24.12,30.68709194925662
14190.0,3.5475000000000003,0.4395,3.549687499999436,24.12,30.66403337090897
14195.0,3.5500000000000003,0.442,3.549687499999436,24.12,30.640948604510964
14200.0,3.5500000000000003,0.4415,3.549687499999436,24.12,30.617811462012224
14205.0,3.5500000000000003,0.4425,3.549791666666048,24.12,30.594661225488306
14210.0,3.5500000000000003,0.439,3.549791666666048,24.12,30.5715764590903
14215.0,3.5500000000000003,0.441,3.549791666666048,24.12,30.54853097476784
14220.0,3.5500000000000003,0.4395,3.549791666666048,24.12,30.525472396420206
14225.0,3.5500000000000003,0.441,3.549791666666048,24.12,30.50241381807256
14230.0,3.5500000000000003,0.441,3.549791666666048,24.12,30.479315957649366
14235.0,3.5500000000000003,0.4405,3.549791666666048,24.12,30.45623119125136
14240.0,3.5500000000000003,0.441,3.549791666666048,24.12,30.433146424853362
14245.0,3.5475,0.441,3.549583333332824,24.12,30.41004856443017
14250.0,3.5475,0.442,3.549583333332824,24.12,30.386924515956604
14255.0,3.5475,0.441,3.5493749999996,24.12,30.36380046748305
14260.0,3.5475,0.439,3.5491666666663755,24.12,30.34075498316059
14265.0,3.545,0.44,3.548749999999776,24.155,30.31773568688849
14270.0,3.5475,0.444,3.5485416666665515,24.12,30.294585450364576
14275.0,3.5475,0.438,3.548333333333327,24.19,30.27148758994138
14280.0,3.5437499999999997,0.4395,3.547812500000115,24.155,30.24850757574483
14285.0,3.5475,0.442,3.547604166666891,24.12,30.225422809346835
14290.0,3.545,0.444,3.547187500000291,24.12,30.202220196722173
14295.0,3.545,0.4415,3.546770833333691,24.19,30.179030678122697
14300.0,3.5475,0.442,3.546562500000467,24.19,30.155893535623967
14305.0,3.5450000000000004,0.441,3.5463541666670912,24.19,30.1327694871504
14310.0,3.54375,0.443,3.546041666667103,24.19,30.109619250626473
14315.0,3.5399999999999996,0.439,3.5454166666671276,24.12,30.08652139020329
14320.0,3.5425000000000004,0.442,3.545000000000376,24.19,30.06344971783046
14325.0,3.5425000000000004,0.441,3.5447916666670003,24.19,30.040325669356893
14330.0,3.5425000000000004,0.441,3.5443750000002487,24.19,30.01722780893371
14335.0,3.5425000000000004,0.441,3.543958333333497,24.19,29.99412994851052
14340.0,3.5425000000000004,0.441,3.5438541666667334,24.19,29.971032088087323
14345.0,3.5425000000000004,0.441,3.543437499999982,24.19,29.947934227664142
14350.0,3.5425000000000004,0.441,3.543229166666606,24.19,29.92483636724095
14355.0,3.5425000000000004,0.439,3.5430208333332303,24.19,29.90179088291849
14360.0,3.5375,0.436,3.5421874999998786,24.19,29.87887633884786
14365.0,3.5375,0.439,3.541562499999903,24.19,29.85596179477724
14370.0,3.54,0.4405,3.541249999999915,24.19,29.83292940447997
14375.0,3.5425000000000004,0.441,3.5414583333331393,24.19,29.809844638081962
14380.0,3.5425000000000004,0.439,3.5414583333331393,24.19,29.786799153759514
14385.0,3.54,0.4415,3.541249999999915,24.19,29.763740575411866
14390.0,3.5425000000000004,0.441,3.541249999999915,24.19,29.74062962096349
14395.0,3.54,0.441,3.541041666666691,24.19,29.717531760540293
14400.0,3.5387500000000003,0.4395,3.540729166666703,24.19,29.69447318219266
14405.0,3.54,0.439,3.540520833333479,24.19,29.671466979945748
14410.0,3.54,0.439,3.5403125000002547,24.19,29.648473871724022
14415.0,3.5374999999999996,0.4395,3.5398958333336545,24.19,29.625467669477125
14420.0,3.54,0.439,3.5401041666670303,24.19,29.602461467230214
14425.0,3.54,0.442,3.540312500000406,24.19,29.57938979485738
14430.0,3.53875,0.439,3.5402083333336427,24.19,29.55631812248456
14435.0,3.5374999999999996,0.441,3.5397916666670426,24.19,29.5332726381621
14440.0,3.5374999999999996,0.439,3.5393750000004425,24.25,29.51022715383964
14445.0,3.5374999999999996,0.4395,3.5391666666670667,24.19,29.48722095159273
14450.0,3.5374999999999996,0.441,3.538750000000467,24.19,29.464162373245095
14455.0,3.5374999999999996,0.442,3.5385416666670912,24.19,29.44103832477153
14460.0,3.5374999999999996,0.4405,3.538437500000479,24.19,29.41792737032316
14465.0,3.5374999999999996,0.44,3.538229166667103,24.25,29.394868791975515
14470.0,3.5374999999999996,0.441,3.5380208333337273,24.25,29.371797119602682
14475.0,3.5374999999999996,0.4395,3.5380208333337273,24.22,29.34873854125505
14480.0,3.53625,0.4415,3.537708333333588,24.22,29.325666868882216
14485.0,3.5324999999999998,0.439,3.537083333333461,24.25,29.30260829053457
14490.0,3.53375,0.4385,3.5366666666668607,24.22,29.27962827633803
14495.0,3.53375,0.44,3.536354166666873,24.22,29.25662207409112
14500.0,3.5324999999999998,0.439,3.5359375000001214,24.25,29.233602777819023
14505.0,3.5324999999999998,0.4405,3.53552083333337,24.25,29.21057038752175
14510.0,3.5324999999999998,0.44,3.5351041666666183,24.25,29.187511809174115
14515.0,3.5324999999999998,0.442,3.5346874999998668,24.25,29.164413948750923
14520.0,3.53,0.4415,3.534062499999891,24.25,29.14127680625218
14525.0,3.5324999999999998,0.439,3.5336458333331393,24.22,29.118218227904546
14530.0,3.5324999999999998,0.441,3.5332291666663878,24.25,29.095172743582086
14535.0,3.53,0.4415,3.532604166666412,24.25,29.072061789133706
14540.0,3.5324999999999998,0.44,3.532291666666424,24.25,29.048977022735713
14545.0,3.5324999999999998,0.438,3.532291666666424,24.25,29.025983914513986
14550.0,3.5324999999999998,0.4395,3.5321874999996603,24.25,29.003003900317438
14555.0,3.5324999999999998,0.4405,3.532083333332897,24.25,28.97995841599498
14560.0,3.5324999999999998,0.441,3.532083333332897,24.25,28.956873649596982
14565.0,3.53,0.441,3.5318749999996726,24.25,28.933775789173787
14570.0,3.5324999999999998,0.4385,3.5318749999996726,24.25,28.910743398876516
14575.0,3.5324999999999998,0.438,3.5318749999996726,24.25,28.887789572730338
14580.0,3.5324999999999998,0.441,3.532083333332897,24.25,28.864770276458252
14585.0,3.5324999999999998,0.4385,3.532083333332897,24.25,28.841737886160978
14590.0,3.5324999999999998,0.441,3.532083333332897,24.25,28.818705495863707
14595.0,3.53125,0.4415,3.532187499999509,24.25,28.795594541415337
14600.0,3.5300000000000002,0.4415,3.5319791666662845,24.25,28.77247049294177
14605.0,3.5300000000000002,0.439,3.5317708333330606,24.25,28.749411914594127
14610.0,3.52875,0.44,3.5314583333330725,24.25,28.726392618322038
14615.0,3.52875,0.4395,3.5311458333330847,24.25,28.703360228024767
14620.0,3.5275,0.441,3.5307291666664846,24.25,28.68030164967712
14625.0,3.5275,0.438,3.530520833333109,24.25,28.657282353405034
14630.0,3.5275,0.4395,3.530104166666509,24.25,28.634302339208485
14635.0,3.5275,0.439,3.529687499999909,24.25,28.611296136961574
14640.0,3.5225,0.438,3.5288541666665574,24.25,28.58832921679022
14645.0,3.5275,0.4405,3.5284374999999577,24.25,28.56532301454331
14650.0,3.5275,0.441,3.5280208333333576,24.25,28.542238248145303
14655.0,3.5225,0.438,3.5272916666666183,24.25,28.519218951873203
14660.0,3.52375,0.44,3.5267708333332544,24.25,28.49622584365149
14665.0,3.5225,0.438,3.526145833333127,24.25,28.473232735429765
14670.0,3.5225,0.439,3.5256249999997635,24.25,28.4502658152584
14675.0,3.5225,0.4385,3.5251041666664,24.25,28.427285801061863
14680.0,3.5225,0.441,3.5246874999996485,24.25,28.40425341076459
14685.0,3.5225,0.439,3.524270833332897,24.25,28.38120792644213
14690.0,3.52375,0.441,3.5239583333329088,24.28,28.35816244211967
14695.0,3.5225,0.441,3.523541666666157,24.31,28.33506458169649
14700.0,3.5225,0.439,3.523541666666157,24.25,28.31201909737403
14705.0,3.52125,0.4385,3.5230208333327937,24.31,28.28903908317748
14710.0,3.5225,0.439,3.522604166666042,24.31,28.266059068980944
14715.0,3.5225,0.439,3.522604166666042,24.25,28.243065960759218
14720.0,3.52,0.437,3.5222916666660544,24.31,28.220125228638228
14725.0,3.5225,0.439,3.5222916666660544,24.31,28.197184496517234
14730.0,3.5225,0.438,3.5222916666660544,24.31,28.17421757634588
14735.0,3.5225,0.4405,3.5222916666660544,24.31,28.15121137409897
14740.0,3.5225,0.439,3.5222916666660544,24.31,28.1281789838017
14745.0,3.5175,0.439,3.5218749999994543,24.25,28.105185875579973
14750.0,3.52,0.4385,3.5215624999994666,24.31,28.082205861383436
14755.0,3.5225,0.441,3.5215624999994666,24.31,28.05917347108616
14760.0,3.5225,0.442,3.5215624999994666,24.31,28.036049422612596
14765.0,3.5225,0.439,3.5216666666660785,24.31,28.012977750239777
14770.0,3.5199999999999996,0.441,3.521458333332854,24.31,27.989932265917318
14775.0,3.5199999999999996,0.438,3.5212499999996303,24.31,27.966912969645218
14780.0,3.5199999999999996,0.4385,3.5212499999996303,24.31,27.943959143499054
14785.0,3.5199999999999996,0.436,3.521041666666406,24.31,27.921057693453612
14790.0,3.5199999999999996,0.439,3.5208333333331816,24.31,27.89814314938298
14795.0,3.51875,0.438,3.520520833333194,24.31,27.87517622921163
14800.0,3.5199999999999996,0.438,3.5203124999999695,24.31,27.85223549709064
14805.0,3.5199999999999996,0.441,3.5205208333333453,24.31,27.82921620081854
14810.0,3.5174999999999996,0.437,3.5203124999999695,24.31,27.806223092596817
14815.0,3.5149999999999997,0.438,3.519687499999994,24.31,27.783308548526197
14820.0,3.5149999999999997,0.439,3.519062500000018,24.31,27.760341628354833
14825.0,3.5149999999999997,0.438,3.5184375000000423,24.31,27.73737470818347
14830.0,3.5149999999999997,0.436,3.5180208333332907,24.31,27.714486352163213
14835.0,3.5149999999999997,0.441,3.517604166666539,24.31,27.69151943199185
14840.0,3.5149999999999997,0.4385,3.5171874999997876,24.31,27.66848704169458
14845.0,3.5124999999999997,0.439,3.516562499999812,24.31,27.64550702749804
14850.0,3.5149999999999997,0.438,3.5161458333330606,24.31,27.622540107326678
14855.0,3.5124999999999997,0.437,3.5156249999998486,24.34,27.599625563256048
14860.0,3.5124999999999997,0.4385,3.5149999999998727,24.37,27.576697925160232
14865.0,3.5124999999999997,0.436,3.5143749999998968,24.31,27.5537964751148
14870.0,3.5112499999999995,0.436,3.5138541666665333,24.37,27.530960495195266
14875.0,3.5124999999999997,0.437,3.513645833333309,24.37,27.508098327225373
14880.0,3.5075,0.439,3.5130208333333335,24.31,27.485157595104383
14885.0,3.51,0.438,3.5126041666667334,24.34,27.46219067493303
14890.0,3.51,0.437,3.5121875000001332,24.37,27.4392761308624
14895.0,3.5124999999999997,0.439,3.5119791666669093,24.37,27.41633539874141
14900.0,3.5124999999999997,0.438,3.511770833333685,24.37,27.393368478570057
14905.0,3.5124999999999997,0.437,3.511770833333685,24.37,27.370453934499427
14910.0,3.5124999999999997,0.436,3.5115625000004607,24.37,27.347591766529533
14915.0,3.5124999999999997,0.436,3.5115625000004607,24.37,27.324755786610012
14920.0,3.51,0.438,3.511354166667085,24.37,27.301867430589745
14925.0,3.5124999999999997,0.439,3.511354166667085,24.37,27.27890051041838
14930.0,3.51,0.4365,3.511250000000473,24.37,27.255972872322566
14935.0,3.5112499999999995,0.439,3.511145833333709,24.37,27.23304523422676
14940.0,3.5075,0.439,3.511145833333709,24.37,27.210052126005035
14945.0,3.50875,0.4385,3.511041666667097,24.37,27.187072111808487
14950.0,3.51,0.4385,3.511041666667097,24.37,27.164105191637134
14955.0,3.51,0.439,3.5108333333337214,24.37,27.141125177440586
14960.0,3.51,0.439,3.5106250000003456,24.37,27.11813206921886
14965.0,3.5075,0.436,3.510208333333594,24.37,27.09521752514824
14970.0,3.505,0.438,3.5095833333334667,24.37,27.072329169127972
14975.0,3.51,0.4365,3.509375000000091,24.37,27.04942771908253
14980.0,3.51,0.437,3.509375000000091,24.37,27.026552457087462
14985.0,3.5075,0.438,3.5089583333333394,24.37,27.00363791301683
14990.0,3.50875,0.4375,3.5088541666667274,24.37,26.980710274921016
14995.0,3.5075,0.44,3.5085416666667393,24.37,26.957730260724468
15000.0,3.5075,0.436,3.5085416666667393,24.37,26.93478952860349
15005.0,3.5062499999999996,0.4365,3.5083333333333635,24.37,26.91194045465878
15010.0,3.5025,0.4365,3.507708333333388,24.37,26.889078286688882
15015.0,3.505,0.438,3.5072916666666365,24.37,26.86617683664344
15020.0,3.5025,0.438,3.5066666666666606,24.37,26.84323610452246
15025.0,3.5025,0.437,3.5062500000000605,24.37,26.82032156045183
15030.0,3.5025,0.438,3.5060416666668366,24.37,26.797407016381204
15035.0,3.5025,0.438,3.5054166666668607,24.37,26.774466284260214
15040.0,3.5,0.4365,3.504583333333509,24.37,26.75156483421478
15045.0,3.5025,0.438,3.5041666666669093,24.37,26.728663384169337
15050.0,3.5025,0.442,3.5036458333335454,24.37,26.705617899846878
15055.0,3.5025,0.4385,3.5032291666669457,24.37,26.682559321499244
15060.0,3.5025,0.439,3.5028125000003456,24.37,26.659579307302693
15065.0,3.5025,0.438,3.502500000000358,24.37,26.63661238713133
15070.0,3.5025,0.438,3.502500000000358,24.37,26.61367165501034
15075.0,3.5025,0.439,3.5022916666671335,24.37,26.590704734838987
15080.0,3.5025,0.436,3.5022916666671335,24.37,26.56779019076836
15085.0,3.5025,0.4355,3.5022916666671335,24.37,26.544967304874014
15090.0,3.5025,0.439,3.5022916666671335,24.37,26.52206585482858
15095.0,3.5025,0.436,3.5022916666671335,24.37,26.499151310757952
15100.0,3.5,0.437,3.5022916666671335,24.37,26.476289142788055
15105.0,3.4975,0.435,3.501875000000382,24.37,26.453453162868524
15110.0,3.5,0.436,3.501666666667006,24.37,26.430643370999373
15115.0,3.4987500000000002,0.435,3.5013541666670185,24.405,26.407833579130212
15120.0,3.5,0.438,3.5011458333336427,24.37,26.38497141116032
15125.0,3.5,0.438,3.500937500000267,24.37,26.36203067903933
15130.0,3.5,0.437,3.500729166666891,24.37,26.33911613496871
15135.0,3.495,0.436,3.5001041666669153,24.37,26.316253966998815
15140.0,3.5,0.435,3.4998958333335395,24.37,26.293444175129654
15145.0,3.5,0.437,3.4996875000001637,24.37,26.270608195210134
15150.0,3.5,0.436,3.499479166666788,24.37,26.247746027240236
15155.0,3.5,0.436,3.499270833333412,24.37,26.224910047320705
15160.0,3.4975,0.437,3.4990625000000364,24.37,26.202047879350808
15165.0,3.4975,0.436,3.4990625000000364,24.37,26.179185711380924
15170.0,3.495,0.438,3.4986458333334363,24.37,26.156297355360657
15175.0,3.49625,0.4375,3.4984375000000605,24.37,26.13336971726484
15180.0,3.495,0.438,3.498020833333461,24.37,26.11044207916904
15185.0,3.4925,0.439,3.497395833333485,24.37,26.087475158997677
15190.0,3.4937500000000004,0.438,3.4968750000001214,24.37,26.064508238826313
15195.0,3.4925,0.435,3.4966666666667456,24.37,26.041646070856427
15200.0,3.4925,0.438,3.4960416666667697,24.37,26.018783902886533
15205.0,3.4937500000000004,0.4355,3.4955208333334062,24.405,25.99590864089145
15210.0,3.4925,0.438,3.4948958333334303,24.37,25.97303337889637
15215.0,3.4925,0.438,3.4942708333334545,24.37,25.950092646775392
15220.0,3.4925,0.4385,3.4938541666668548,24.37,25.927138820629214
15225.0,3.4875000000000003,0.436,3.493020833333503,24.37,25.904237370583772
15230.0,3.4925,0.436,3.4928125000001273,24.44,25.881401390664237
15235.0,3.4925,0.436,3.4925000000001396,24.44,25.858565410744717
15240.0,3.4925,0.436,3.492291666666764,24.37,25.835729430825182
15245.0,3.4925,0.438,3.492291666666764,24.44,25.812841074804915
15250.0,3.4925,0.4355,3.4921875000001514,24.44,25.789965812809847
15255.0,3.4925,0.4365,3.4921875000001514,24.44,25.767129832890312
15260.0,3.4925,0.433,3.4921875000001514,24.44,25.7443593230967
15265.0,3.4925,0.437,3.4920833333335395,24.44,25.72157571927791
15270.0,3.4925,0.437,3.4920833333335395,24.44,25.698687363257644
15275.0,3.4925,0.436,3.4920833333335395,24.44,25.67582519528775
15280.0,3.4925,0.436,3.4920833333335395,24.44,25.652989215368226
15285.0,3.49125,0.4325,3.492395833333527,24.44,25.630244893624976
15290.0,3.4925,0.438,3.492395833333527,24.44,25.60744819578099
15295.0,3.49125,0.437,3.492291666666764,24.44,25.584533651710363
15300.0,3.49,0.4355,3.492083333333388,24.44,25.561684577765664
15305.0,3.49,0.438,3.4918750000000123,24.44,25.53880931577058
15310.0,3.49,0.438,3.4916666666666365,24.44,25.515868583649592
15315.0,3.49,0.437,3.4914583333332607,24.44,25.492954039578976
15320.0,3.49,0.438,3.491249999999885,24.44,25.470039495508345
15325.0,3.49,0.4355,3.491041666666509,24.44,25.447164233513263
15330.0,3.49,0.4355,3.4908333333331334,24.44,25.424354441644105
15335.0,3.49,0.433,3.4906249999997576,24.44,25.401610119900862
15340.0,3.4887500000000005,0.4355,3.4903124999997694,24.44,25.378865798157612
15345.0,3.4875000000000003,0.435,3.4899999999997817,24.44,25.356069100313626
15350.0,3.4875000000000003,0.438,3.48958333333303,24.44,25.333206932343742
15355.0,3.4875000000000003,0.436,3.4892708333330424,24.44,25.310318576323475
15360.0,3.485,0.4345,3.4888541666664423,24.44,25.28752187847949
15365.0,3.485,0.436,3.488437499999842,24.44,25.264725180635516
15370.0,3.485,0.4365,3.4880208333332425,24.44,25.241876106690807
15375.0,3.4837499999999997,0.4355,3.4874999999998786,24.44,25.219040126771276
15380.0,3.485,0.438,3.487083333333279,24.44,25.196164864776193
15385.0,3.485,0.438,3.486666666666679,24.44,25.173224132655214
15390.0,3.4837499999999997,0.437,3.4861458333333153,24.44,25.150309588584584
15395.0,3.4825,0.435,3.4855208333333394,24.44,25.127473608665053
15400.0,3.4825,0.436,3.484999999999976,24.44,25.104663816795902
15405.0,3.4825,0.4345,3.4845833333333758,24.44,25.081867118951916
15410.0,3.4825,0.436,3.4841666666667757,24.44,25.059070421107933
15415.0,3.4825,0.436,3.483750000000176,24.44,25.03623444118841
15420.0,3.4825,0.4345,3.4835416666668,24.44,25.013437743344426
15425.0,3.4825,0.435,3.4833333333334244,24.44,24.990667233550813
15430.0,3.4825,0.435,3.4831250000000487,24.44,24.967883629732015
15435.0,3.4825,0.435,3.4830208333334363,24.44,24.945100025913224
15440.0,3.4825,0.433,3.4828125000000605,24.44,24.92236879819516
15445.0,3.4825,0.438,3.4826041666666847,24.44,24.899559006326
15450.0,3.4825,0.4355,3.4825000000000728,24.44,24.87668374433093
15455.0,3.4825,0.433,3.4825000000000728,24.44,24.85393942258768
15460.0,3.4825,0.436,3.4825000000000728,24.44,24.83118200681925
15465.0,3.4825,0.434,3.4825000000000728,24.44,24.808398403000453
15470.0,3.4825,0.432,3.4825000000000728,24.44,24.785719551383135
15475.0,3.4825,0.433,3.4825000000000728,24.44,24.763066887816166
15480.0,3.4825,0.4345,3.4825000000000728,24.44,24.740348754123286
15485.0,3.4825,0.435,3.4825000000000728,24.44,24.717578244329673
15490.0,3.4825,0.432,3.4825000000000728,24.44,24.694873204661995
15495.0,3.4825,0.4355,3.4825000000000728,24.44,24.672155070969115
15500.0,3.4825,0.433,3.4825000000000728,24.44,24.649410749225865
15505.0,3.4825,0.438,3.4825000000000728,24.44,24.626600957356704
15510.0,3.4825,0.435,3.4825000000000728,24.44,24.60373878938682
15515.0,3.48,0.433,3.482291666666697,24.44,24.581007561668756
15520.0,3.48,0.432,3.482083333333321,24.44,24.558354898101786
15525.0,3.48,0.4355,3.4818749999999454,24.44,24.535636764408906
15530.0,3.48,0.435,3.4816666666665697,24.44,24.512840066564934
15535.0,3.48,0.435,3.481458333333194,24.44,24.490056462746136
15540.0,3.48,0.4355,3.481249999999818,24.44,24.46725976490215
15545.0,3.48,0.435,3.4810416666664423,24.44,24.444463067058177
15550.0,3.48,0.435,3.4808333333330665,24.44,24.421679463239375
15555.0,3.48,0.4365,3.4806249999996908,24.44,24.39885657734503
15560.0,3.48,0.433,3.480416666666315,24.44,24.376086067551427
15565.0,3.4775,0.435,3.479999999999715,24.44,24.353354839833365
15570.0,3.4775,0.4365,3.479583333333115,24.44,24.330531953939015
15575.0,3.4775,0.433,3.479374999999891,24.44,24.307761444145402
15580.0,3.4775,0.433,3.4791666666666665,24.44,24.285082592528084
15585.0,3.4762500000000003,0.433,3.478854166666679,24.44,24.262403740910756
15590.0,3.4775,0.433,3.4786458333334545,24.44,24.239724889293424
15595.0,3.4775,0.435,3.4784375000002306,24.44,24.21699366157536
15600.0,3.475,0.435,3.4780208333336304,24.44,24.19421005775657
15605.0,3.475,0.435,3.4776041666670303,24.44,24.171426453937773
15610.0,3.475,0.433,3.4771875000004306,24.44,24.148695226219708
15615.0,3.475,0.433,3.4767708333338305,24.44,24.126016374602376
15620.0,3.475,0.433,3.4763541666672304,24.44,24.103337522985058
15625.0,3.475,0.436,3.4761458333338546,24.44,24.080580107216633
15630.0,3.475,0.434,3.475937500000479,24.44,24.05779650339783
15635.0,3.475,0.4365,3.475729166667103,24.44,24.03499980555386
15640.0,3.475,0.435,3.4755208333337273,24.44,24.01217691965951
15645.0,3.475,0.433,3.4754166666671154,24.44,23.989445691941448
15650.0,3.475,0.432,3.4752083333337396,24.44,23.96679302837448
15655.0,3.4725,0.441,3.474791666666988,24.44,23.943930860404596
15660.0,3.4725,0.434,3.4745833333336122,24.44,23.921016316333965
15665.0,3.4725,0.435,3.4743750000002365,24.44,23.898258900565537
15670.0,3.4725,0.435,3.4741666666668607,24.44,23.87547529674675
15675.0,3.4725,0.434,3.473958333333485,24.44,23.852717880978325
15680.0,3.4725,0.433,3.473750000000109,24.44,23.830012841310634
15685.0,3.47,0.433,3.4733333333333576,24.44,23.8073339896933
15690.0,3.4712500000000004,0.4315,3.47302083333337,24.44,23.78469442015152
15695.0,3.47,0.4335,3.4726041666666183,24.44,23.762041756584562
15700.0,3.47,0.435,3.4721874999998668,24.44,23.739297434841312
15705.0,3.47,0.435,3.471770833333115,24.44,23.71651383102251
15710.0,3.47,0.433,3.4713541666663636,24.44,23.69378260330446
15715.0,3.47,0.433,3.471145833332988,24.44,23.671103751687127
15720.0,3.47,0.4355,3.470937499999612,24.44,23.648359429943877
15725.0,3.47,0.433,3.4707291666662363,24.44,23.625615108200627
15730.0,3.47,0.435,3.4705208333328605,24.44,23.602883880482572
15735.0,3.47,0.4325,3.4703124999994848,24.44,23.580165746789696
15740.0,3.46875,0.4335,3.4699999999994966,24.44,23.557486895172364
15745.0,3.4675000000000002,0.433,3.4697916666662727,24.44,23.534794949529857
15750.0,3.46875,0.434,3.469583333332897,24.44,23.512089909862166
15755.0,3.4675000000000002,0.434,3.4693749999996726,24.44,23.4893586821441
15760.0,3.4675000000000002,0.433,3.4691666666664482,24.44,23.46665364247641
15765.0,3.4675000000000002,0.434,3.4689583333332243,24.44,23.443948602808717
15770.0,3.4675000000000002,0.432,3.46875,24.44,23.4212697511914
15775.0,3.4675000000000002,0.436,3.4685416666667757,24.44,23.398538523473334
15780.0,3.4675000000000002,0.434,3.4683333333335518,24.44,23.375754919654533
15785.0,3.4675000000000002,0.432,3.4681250000003274,24.44,23.353076068037204
15790.0,3.4675000000000002,0.433,3.467916666667103,24.44,23.330423404470245
15795.0,3.4675000000000002,0.436,3.467708333333879,24.44,23.30766598870182
15800.0,3.4675000000000002,0.434,3.467604166667267,24.44,23.28488238488302
15805.0,3.4675000000000002,0.432,3.467604166667267,24.44,23.26220353326569
15810.0,3.4675000000000002,0.435,3.467500000000655,24.44,23.23949849359801
15815.0,3.4675000000000002,0.433,3.467500000000655,24.44,23.216767265879945
15820.0,3.4675000000000002,0.433,3.467500000000655,24.44,23.194088414262616
15825.0,3.4675000000000002,0.433,3.467500000000655,24.44,23.171409562645284
15830.0,3.4675000000000002,0.4335,3.467500000000655,24.44,23.148717617002777
15835.0,3.4675000000000002,0.433,3.467500000000655,24.44,23.12602567136026
15840.0,3.4675000000000002,0.433,3.467500000000655,24.44,23.10334681974293
15845.0,3.4675000000000002,0.433,3.467500000000655,24.44,23.080667968125613
15850.0,3.4675000000000002,0.435,3.467500000000655,24.44,23.05793674040755
15855.0,3.4650000000000003,0.433,3.467291666667279,24.44,23.035205512689483
15860.0,3.4650000000000003,0.434,3.4670833333339033,24.44,23.01250047302179
15865.0,3.4650000000000003,0.436,3.4668750000005275,24.44,22.989716869203004
15870.0,3.4675000000000002,0.435,3.4668750000005275,24.44,22.966907077333843
15875.0,3.4650000000000003,0.435,3.4666666666671517,24.44,22.94412347351504
15880.0,3.4650000000000003,0.435,3.466458333333776,24.44,22.921339869696244
15885.0,3.4650000000000003,0.435,3.4662500000004,24.44,22.898556265877456
15890.0,3.4650000000000003,0.4315,3.4660416666670244,24.44,22.87586432023494
15895.0,3.4650000000000003,0.436,3.4658333333336486,24.44,22.853146186542062
15900.0,3.4650000000000003,0.432,3.465625000000273,24.44,22.830414958823997
15905.0,3.4650000000000003,0.434,3.465416666666897,24.44,22.80773610720668
15910.0,3.4625000000000004,0.433,3.4650000000001455,24.44,22.785031067538984
15915.0,3.4625,0.435,3.4647916666667697,24.44,22.76229983982092
15920.0,3.4625,0.434,3.464583333333394,24.44,22.739542424052495
15925.0,3.4625,0.436,3.464375000000018,24.44,22.716758820233707
15930.0,3.46,0.435,3.463749999999891,24.44,22.693949028364546
15935.0,3.46,0.434,3.4633333333331393,24.44,22.671191612596118
15940.0,3.46,0.436,3.4629166666663878,24.44,22.64840800877732
15945.0,3.46,0.432,3.462499999999636,24.44,22.62567678105927
15950.0,3.46,0.4355,3.4620833333328846,24.44,22.60295864736639
15955.0,3.46,0.436,3.461666666666133,24.44,22.580135761472043
15960.0,3.46,0.433,3.4612499999993815,24.44,22.557378345703615
15965.0,3.46,0.4325,3.46083333333263,24.44,22.534712588111482
15970.0,3.46,0.433,3.460624999999254,24.44,22.51204683051934
15975.0,3.46,0.433,3.4604166666658784,24.44,22.48936797890201
15980.0,3.45875,0.4335,3.4601041666658907,24.44,22.466676033259493
15985.0,3.4575000000000005,0.433,3.4596874999992906,24.44,22.443984087616986
15990.0,3.4575000000000005,0.433,3.4594791666660663,24.37,22.421305235999654
15995.0,3.4575000000000005,0.4355,3.4592708333328424,24.44,22.398560914256404
16000.0,3.4575000000000005,0.433,3.459062499999618,24.44,22.375816592513164
16005.0,3.4575000000000005,0.435,3.4588541666663937,24.44,22.3530853647951
16010.0,3.4575000000000005,0.4325,3.4586458333331698,24.44,22.330367231102223
16015.0,3.4575000000000005,0.432,3.4584374999999454,24.44,22.30772766156044
16020.0,3.4575000000000005,0.433,3.458229166666721,24.44,22.285074997993483
16025.0,3.4575000000000005,0.4335,3.458020833333497,24.44,22.262383052350966
16030.0,3.4575000000000005,0.434,3.457812500000273,24.44,22.239664918658086
16035.0,3.4575000000000005,0.432,3.4576041666670485,24.44,22.216986067040757
16040.0,3.4575000000000005,0.4325,3.4575000000004366,24.44,22.194346497498984
16045.0,3.4575000000000005,0.4345,3.4575000000004366,24.44,22.171641457831292
16050.0,3.4575000000000005,0.432,3.4575000000004366,24.44,22.148949512188775
16055.0,3.4575000000000005,0.434,3.4575000000004366,24.44,22.126270660571446
16060.0,3.4575000000000005,0.4325,3.4575000000004366,24.44,22.10357871492894
16065.0,3.4575000000000005,0.432,3.4575000000004366,24.44,22.080939145387156
16070.0,3.4575000000000005,0.431,3.4575000000004366,24.44,22.058338857920923
16075.0,3.4575000000000005,0.433,3.4575000000004366,24.44,22.035712382404327
16080.0,3.4575000000000005,0.433,3.4575000000004366,24.44,22.013033530787006
16085.0,3.4575000000000005,0.435,3.4575000000004366,24.44,21.990302303068944
16090.0,3.4575000000000005,0.434,3.4575000000004366,24.44,21.967544887300516
16095.0,3.4575000000000005,0.432,3.4575000000004366,24.44,21.944866035683187
16100.0,3.4575000000000005,0.4325,3.4575000000004366,24.44,21.922226466141414
16105.0,3.4575000000000005,0.4325,3.4575000000004366,24.44,21.899573802574444
16110.0,3.4575000000000005,0.429,3.4575000000004366,24.44,21.87701279718376
16115.0,3.4575000000000005,0.433,3.4575000000004366,24.44,21.854438697767897
16120.0,3.4575000000000005,0.4325,3.4575000000004366,24.44,21.831772940175764
16125.0,3.4575000000000005,0.43,3.4575000000004366,24.44,21.809185746734716
16130.0,3.455,0.433,3.457291666667061,24.44,21.78658545926848
16135.0,3.4575000000000005,0.4325,3.457291666667061,24.44,21.763919701676336
16140.0,3.4575000000000005,0.433,3.457291666667061,24.44,21.741253944084203
16145.0,3.4562500000000003,0.431,3.457187500000297,24.44,21.718627468567608
16150.0,3.4562500000000003,0.4315,3.4570833333335336,24.44,21.69604027512656
16155.0,3.455,0.433,3.456875000000158,24.44,21.67340070558478
16160.0,3.455,0.4315,3.456666666666782,24.44,21.650761136043005
16165.0,3.4524999999999997,0.4325,3.4562500000000305,24.44,21.62813466052641
16170.0,3.4524999999999997,0.435,3.455833333333279,24.44,21.605416526833533
16175.0,3.4524999999999997,0.4325,3.4554166666665274,24.44,21.582698393140653
16180.0,3.4524999999999997,0.4325,3.454999999999776,24.44,21.560045729573694
16185.0,3.4524999999999997,0.435,3.4545833333330243,24.44,21.537327595880818
16190.0,3.4524999999999997,0.433,3.4543749999996485,24.44,21.514596368162753
16195.0,3.4524999999999997,0.431,3.453958333332897,24.44,21.491969892646157
16200.0,3.4524999999999997,0.435,3.4535416666661454,24.44,21.46929104102884
16205.0,3.4524999999999997,0.432,3.453229166666157,24.44,21.446586001361144
16210.0,3.4524999999999997,0.433,3.4529166666661695,24.44,21.423933337794175
16215.0,3.4524999999999997,0.433,3.4527083333327937,24.44,21.401254486176846
16220.0,3.45,0.432,3.4522916666661936,24.44,21.378601822609888
16225.0,3.45,0.434,3.4520833333329697,24.44,21.35592297099256
16230.0,3.45,0.433,3.4518749999997453,24.44,21.333217931324867
16235.0,3.45,0.432,3.451666666666521,24.44,21.310565267757898
16240.0,3.45,0.432,3.451458333333297,24.44,21.287938792241313
16245.0,3.45,0.433,3.4512500000000728,24.44,21.265286128674344
16250.0,3.45,0.435,3.4510416666668484,24.44,21.24255490095628
16255.0,3.45,0.433,3.4508333333336245,24.44,21.219823673238214
16260.0,3.45,0.432,3.4506250000004,24.44,21.197171009671255
16265.0,3.45,0.43,3.450416666667176,24.44,21.174596910255396
16270.0,3.45,0.431,3.450208333333952,24.44,21.152048998889896
16275.0,3.45,0.432,3.4500000000007276,24.44,21.12944871142366
16280.0,3.45,0.433,3.4500000000007276,24.44,21.1067960478567
16285.0,3.4475,0.43,3.449791666667352,24.44,21.084195760390468
16290.0,3.4475,0.432,3.449583333333976,24.44,21.061621660974605
16295.0,3.4475,0.432,3.4493750000006003,24.44,21.03899518545801
16300.0,3.4475,0.4315,3.4491666666672245,24.44,21.01638180396661
16305.0,3.4475,0.432,3.4489583333338487,24.44,20.9937684224752
16310.0,3.4475,0.432,3.448750000000473,24.44,20.971141946958603
16315.0,3.4475,0.432,3.448541666667097,24.44,20.948515471442008
16320.0,3.4475,0.432,3.4483333333337214,24.44,20.925888995925423
16325.0,3.4475,0.432,3.4481250000003456,24.44,20.903262520408827
16330.0,3.4475,0.431,3.44791666666697,24.44,20.880662232942594
16335.0,3.4475,0.435,3.447708333333594,24.44,20.857983381325262
16340.0,3.4475,0.433,3.4475000000002183,24.44,20.835252153607208
16345.0,3.4475,0.432,3.4475000000002183,24.44,20.812599490040242
16350.0,3.4475,0.432,3.4475000000002183,24.44,20.789973014523643
16355.0,3.4475,0.433,3.4475000000002183,24.44,20.767320350956673
16360.0,3.4475,0.433,3.4475000000002183,24.44,20.744641499339355
16365.0,3.4475,0.432,3.4475000000002183,24.44,20.721988835772386
16370.0,3.4475,0.432,3.4475000000002183,24.44,20.69936236025579
16375.0,3.4475,0.4315,3.4475000000002183,24.44,20.67674897876438
16380.0,3.4475,0.435,3.4475000000002183,24.44,20.654057033121877
16385.0,3.4475,0.432,3.4475000000002183,24.44,20.63135199345418
16390.0,3.4475,0.432,3.4475000000002183,24.44,20.608725517937586
16395.0,3.4475,0.43,3.4475000000002183,24.44,20.586151418521727
16400.0,3.4475,0.433,3.4475000000002183,24.44,20.5635511310555
16405.0,3.4475,0.4325,3.4475000000002183,24.44,20.540885373463357
16410.0,3.4475,0.433,3.4475000000002183,24.44,20.518219615871214
16415.0,3.4475,0.433,3.4475000000002183,24.44,20.49554076425388
16420.0,3.4475,0.4325,3.4475000000002183,24.44,20.472875006661738
16425.0,3.4475,0.431,3.4475000000002183,24.44,20.45026162517034
16430.0,3.4475,0.43,3.4475000000002183,24.44,20.42771371380484
16435.0,3.4475,0.432,3.4475000000002183,24.44,20.40513961438898
16440.0,3.44625,0.431,3.4473958333336063,24.44,20.382539326922743
16445.0,3.4450000000000003,0.433,3.4471875000002306,24.44,20.359912851406158
16450.0,3.4475,0.429,3.4471875000002306,24.44,20.3373387519903
16455.0,3.4475,0.4325,3.4471875000002306,24.44,20.31477774659961
16460.0,3.4450000000000003,0.43,3.4469791666668548,24.44,20.292190553158562
16465.0,3.44625,0.435,3.4468750000002424,24.44,20.269537889591604
16470.0,3.4450000000000003,0.4325,3.4466666666668666,24.44,20.246819755898727
16475.0,3.4450000000000003,0.432,3.446458333333491,24.44,20.224180186356943
16480.0,3.4450000000000003,0.4325,3.446250000000115,24.44,20.201540616815162
16485.0,3.4450000000000003,0.432,3.4460416666667393,24.44,20.17890104727339
16490.0,3.4450000000000003,0.432,3.4458333333333635,24.44,20.156274571756793
16495.0,3.4425,0.4315,3.445416666666612,24.44,20.133661190265386
16500.0,3.44125,0.4315,3.4449999999998604,24.44,20.11106090279915
16505.0,3.4425,0.43,3.4447916666664846,24.44,20.088499897408475
16510.0,3.44125,0.4315,3.444270833333121,24.44,20.065938892017787
16515.0,3.44,0.433,3.4436458333331452,24.44,20.043299322476006
16520.0,3.44,0.432,3.4432291666665455,24.44,20.020646658909037
16525.0,3.44,0.4325,3.4427083333331816,24.44,19.998007089367263
16530.0,3.44,0.4305,3.442291666666582,24.44,19.97540680190103
16535.0,3.44,0.43,3.441874999999982,24.44,19.952871984560716
16540.0,3.44,0.4315,3.4414583333333817,24.44,19.93031097917003
16545.0,3.44,0.4315,3.441041666666782,24.44,19.907710691703805
16550.0,3.44,0.43,3.440625000000182,24.44,19.88514968631312
16555.0,3.44,0.4325,3.4404166666669576,24.44,19.862562492872073
16560.0,3.44,0.43,3.4403125000003456,24.44,19.839975299431035
16565.0,3.4375,0.43,3.4398958333337455,24.44,19.817453576115906
16570.0,3.4375,0.432,3.4395833333337578,24.44,19.794879476700046
16575.0,3.4375,0.431,3.439375000000382,24.44,19.77227918923381
16580.0,3.4375,0.43,3.439166666667006,24.44,19.74973127786831
16585.0,3.4375,0.43,3.4389583333336304,24.44,19.727209554553195
16590.0,3.4375,0.4325,3.4387500000002547,24.44,19.704622361112143
16595.0,3.4375,0.432,3.438541666666879,24.44,19.681982791570363
16600.0,3.4375,0.432,3.438333333333503,24.44,19.659356316053767
16605.0,3.4375,0.4295,3.4381250000001273,24.44,19.63679531066309
16610.0,3.4375,0.432,3.4379166666667516,24.44,19.614234305272404
16615.0,3.4375,0.432,3.4377083333333758,24.44,19.59160782975581
16620.0,3.4375,0.4295,3.4375,24.44,19.56904682436512
16625.0,3.4375,0.432,3.4375,24.44,19.546485818974446
16630.0,3.4375,0.433,3.4375,24.44,19.523833155407477
16635.0,3.4375,0.4315,3.4375,24.44,19.501193585865696
16640.0,3.4375,0.432,3.4375,24.44,19.478580204374296
16645.0,3.4375,0.43,3.4375,24.44,19.456006104958433
16650.0,3.4375,0.431,3.4375,24.44,19.433458193592934
16655.0,3.4375,0.43,3.4375,24.44,19.410910282227434
16660.0,3.4375,0.433,3.4375,24.44,19.38830999476121
16665.0,3.4375,0.432,3.4375,24.44,19.365657331194242
16670.0,3.4375,0.43,3.4375,24.44,19.34308323177838
16675.0,3.4375,0.432,3.4375,24.44,19.320509132362517
16680.0,3.4375,0.4295,3.4375,24.44,19.297948126971843
16685.0,3.4375,0.432,3.4375,24.44,19.275387121581154
16690.0,3.4375,0.43,3.4375,24.44,19.252813022165295
16695.0,3.4375,0.4315,3.4375,24.44,19.230252016774607
16700.0,3.4375,0.429,3.4375,24.44,19.207717199434306
16705.0,3.4375,0.427,3.4375,24.44,19.185300228320635
16710.0,3.4375,0.4265,3.4375,24.44,19.162948727332886
16715.0,3.4375,0.43,3.4375,24.44,19.14051866219404
16720.0,3.4375,0.43,3.4375,24.44,19.11799693887891
16725.0,3.4375,0.431,3.4375,24.44,19.09544902751342
16730.0,3.4375,0.43,3.4375,24.44,19.07290111614792
16735.0,3.4375,0.43,3.4375,24.44,19.050379392832795
16740.0,3.4375,0.431,3.4375,24.44,19.027831481467295
16745.0,3.4375,0.432,3.4375,24.44,19.00523119400107
16750.0,3.435,0.429,3.4372916666666242,24.44,18.98268328263557
16755.0,3.4375,0.4315,3.4372916666666242,24.44,18.960148465295255
16760.0,3.4375,0.429,3.4372916666666242,24.44,18.937613647954944
16765.0,3.435,0.432,3.4370833333332484,24.44,18.915065736589455
16770.0,3.435,0.431,3.4368749999998727,24.44,18.89246544912322
16775.0,3.435,0.43,3.436666666666497,24.44,18.86991753775772
16780.0,3.4324999999999997,0.43,3.4362499999998968,24.44,18.847395814442592
16785.0,3.43375,0.4285,3.435937499999909,24.44,18.82491337320301
16790.0,3.435,0.43,3.4357291666665333,24.44,18.802430931963443
16795.0,3.4324999999999997,0.432,3.435312499999933,24.44,18.77985683254758
16800.0,3.43375,0.4295,3.4349999999999454,24.44,18.757295827156895
16805.0,3.4312499999999995,0.4295,3.434479166666582,24.44,18.734800291892128
16810.0,3.4299999999999997,0.429,3.434062499999982,24.44,18.71231785065256
16815.0,3.42875,0.43,3.4333333333332425,24.44,18.689822315387794
16820.0,3.4275,0.4295,3.432499999999891,24.44,18.66731368609784
16825.0,3.4275,0.427,3.431874999999915,24.44,18.644883620958996
16830.0,3.42875,0.4295,3.4313541666665515,24.44,18.62245355582015
16835.0,3.42875,0.431,3.430833333333188,24.44,18.599918738479847
16840.0,3.4275,0.43,3.4304166666664364,24.44,18.577370827114347
16845.0,3.4275,0.4315,3.4298958333330725,24.44,18.554809821723662
16850.0,3.4275,0.4305,3.429270833333097,24.44,18.5322357223078
16855.0,3.4275,0.43,3.4288541666663455,24.44,18.509700904967495
16860.0,3.4275,0.4315,3.4283333333329815,24.44,18.48713989957681
16865.0,3.4275,0.431,3.428020833332994,24.44,18.464552706135763
16870.0,3.4275,0.432,3.427812499999618,24.44,18.441952418669526
16875.0,3.4275,0.4295,3.427708333333006,24.44,18.419391413278852
16880.0,3.4275,0.4305,3.427708333333006,24.44,18.396869689963722
16885.0,3.4275,0.429,3.427708333333006,24.44,18.37436106067377
16890.0,3.4275,0.432,3.4276041666663937,24.44,18.35181314930827
16895.0,3.4275,0.431,3.4274999999997817,24.44,18.32921286184205
16900.0,3.4275,0.429,3.4274999999997817,24.44,18.306691138526922
16905.0,3.4275,0.432,3.4274999999997817,24.44,18.28414322716142
16910.0,3.4275,0.4295,3.4274999999997817,24.44,18.261582221770734
16915.0,3.4275,0.43,3.4274999999997817,24.44,18.239073592480793
16920.0,3.4275,0.431,3.4274999999997817,24.44,18.216525681115293
16925.0,3.4275,0.4315,3.4274999999997817,24.44,18.193938487674245
16930.0,3.4275,0.43,3.4274999999997817,24.44,18.171377482283557
16935.0,3.4275,0.432,3.4274999999997817,24.44,18.148803382867705
16940.0,3.4275,0.429,3.4274999999997817,24.44,18.126255471502205
16945.0,3.4275,0.429,3.4274999999997817,24.44,18.1037861242878
16950.0,3.4275,0.4335,3.4274999999997817,24.44,18.081198930846753
16955.0,3.4275,0.4315,3.4274999999997817,24.44,18.058546267279795
16960.0,3.4275,0.429,3.4274999999997817,24.44,18.036011449939483
16965.0,3.425,0.43,3.427291666666406,24.44,18.013515914674716
16970.0,3.425,0.43,3.42708333333303,24.44,17.99099419135959
16975.0,3.425,0.43,3.4268749999996544,24.44,17.96847246804447
16980.0,3.425,0.429,3.4266666666662786,24.44,17.945976932779708
16985.0,3.425,0.4295,3.426458333332903,24.44,17.923494491540126
16990.0,3.425,0.427,3.426249999999527,24.44,17.90106442640128
16995.0,3.425,0.43,3.4260416666661513,24.44,17.87862126723725
17000.0,3.425,0.428,3.4258333333327755,24.44,17.856151920022857
17005.0,3.425,0.432,3.4256249999993997,24.44,17.833630196707727
17010.0,3.425,0.429,3.425416666666024,24.44,17.811082285342227
17015.0,3.425,0.4285,3.425208333332648,24.44,17.78862603215301
17020.0,3.4225,0.427,3.424791666666048,24.44,17.766222155064536
17025.0,3.4225,0.43,3.424583333332824,24.44,17.743778995900506
17030.0,3.4225,0.4295,3.4243749999996,24.44,17.721270366610554
17035.0,3.4225,0.429,3.4241666666663755,24.44,17.698787925370972
17040.0,3.4225,0.429,3.4239583333331516,24.44,17.67631857815658
17045.0,3.4225,0.428,3.4237499999999272,24.44,17.65387541899255
17050.0,3.4225,0.427,3.423541666666703,24.44,17.63148463592925
17055.0,3.42,0.427,3.4231250000001032,24.44,17.609120040916316
17060.0,3.42,0.4295,3.422708333333503,24.44,17.58668997577747
17065.0,3.4225,0.429,3.4225000000002788,24.44,17.5642075345379
17070.0,3.42,0.43,3.422083333333679,24.44,17.541711999273137
17075.0,3.42,0.429,3.421666666667079,24.44,17.51921646400837
17080.0,3.42,0.429,3.421458333333703,24.44,17.496747116793966
17085.0,3.42,0.427,3.4212500000003274,24.44,17.474330145680305
17090.0,3.42,0.431,3.4210416666669516,24.44,17.4518607984659
17095.0,3.42,0.429,3.420833333333576,24.44,17.429339075150775
17100.0,3.4175,0.432,3.4204166666668243,24.44,17.40679116378527
17105.0,3.41875,0.431,3.4201041666668366,24.44,17.38419087631905
17110.0,3.4175,0.427,3.419687500000085,24.44,17.361721529104646
17115.0,3.415,0.43,3.419270833333485,24.44,17.339278369940615
17120.0,3.41625,0.4315,3.418958333333497,24.44,17.316717364549927
17125.0,3.415,0.429,3.4183333333335213,24.44,17.294182547209623
17130.0,3.415,0.426,3.417916666666921,24.44,17.27179176414633
17135.0,3.41625,0.4295,3.4176041666669335,24.44,17.249387887057843
17140.0,3.415,0.429,3.4171875000003333,24.44,17.226905445818264
17145.0,3.4175,0.429,3.4169791666669576,24.44,17.20443609860386
17150.0,3.415,0.43,3.416562500000358,24.44,17.181940563339104
17155.0,3.415,0.432,3.4161458333337578,24.44,17.15936646392324
17160.0,3.415,0.429,3.4159375000005334,24.44,17.13681855255774
17165.0,3.415,0.43,3.4156250000005457,24.44,17.114323017292975
17170.0,3.4125,0.429,3.4152083333339456,24.44,17.091827482028222
17175.0,3.4125,0.43,3.41500000000057,24.44,17.069331946763455
17180.0,3.4125,0.4295,3.414687500000582,24.44,17.046823317473503
17185.0,3.4125,0.429,3.4144791666672063,24.44,17.02434087623392
17190.0,3.4125,0.43,3.4142708333338305,24.44,17.00184534096917
17195.0,3.4125,0.428,3.413958333333843,24.44,16.979375993754765
17200.0,3.4125,0.4285,3.413750000000467,24.44,16.95694592861592
17205.0,3.4125,0.429,3.413333333333867,24.44,16.9344896754267
17210.0,3.4125,0.4285,3.413125000000491,24.44,16.91203342223748
17215.0,3.4125,0.4295,3.4129166666671154,24.44,16.889564075023088
17220.0,3.4125,0.429,3.4127083333337396,24.44,16.86708163378351
17225.0,3.41125,0.428,3.4123958333336,24.44,16.84463847461948
17230.0,3.4087500000000004,0.4295,3.4120833333336122,24.44,16.82218222143026
17235.0,3.41,0.427,3.4118750000002365,24.44,16.799752156291426
17240.0,3.41,0.4305,3.4116666666668607,24.44,16.777295903102207
17245.0,3.4087500000000004,0.43,3.411354166666873,24.44,16.754761085761892
17250.0,3.41,0.426,3.411145833333497,24.44,16.732344114648225
17255.0,3.41,0.428,3.4109375000001214,24.44,16.709979519635297
17260.0,3.41,0.4285,3.4107291666667456,24.44,16.68754945449645
17265.0,3.41,0.429,3.41052083333337,24.44,16.665093201307236
17270.0,3.41,0.4275,3.410312499999994,24.44,16.64266313616839
17275.0,3.41,0.4295,3.4101041666666183,24.44,16.620219977004357
17280.0,3.41,0.429,3.4098958333332425,24.44,16.59773753576479
17285.0,3.4075,0.427,3.4095833333332544,24.44,16.57532056465112
17290.0,3.4075,0.4295,3.409479166666491,24.44,16.552890499512273
17295.0,3.4050000000000002,0.429,3.409062499999891,24.44,16.530408058272695
17300.0,3.40625,0.4285,3.408749999999903,24.44,16.507951805083476
17305.0,3.4037500000000005,0.428,3.4083333333331516,24.44,16.48552173994464
17310.0,3.4075,0.43,3.408124999999776,24.44,16.463052392730237
17315.0,3.4037500000000005,0.428,3.407604166666412,24.44,16.440583045515833
17320.0,3.4050000000000002,0.4275,3.407187499999812,24.44,16.41817916842735
17325.0,3.4075,0.429,3.4069791666664364,24.44,16.395749103288516
17330.0,3.4050000000000002,0.428,3.4065624999998363,24.44,16.373305944124482
17335.0,3.4037500000000005,0.4305,3.406041666666473,24.44,16.350823502884904
17340.0,3.4050000000000002,0.427,3.4056249999998727,24.5,16.328367249695685
17345.0,3.40125,0.429,3.4051041666666606,24.44,16.305950278582017
17350.0,3.4025,0.428,3.4046875000000605,24.44,16.283507119417994
17355.0,3.4025,0.429,3.4044791666666847,24.44,16.261063960253964
17360.0,3.4000000000000004,0.427,3.403958333333321,24.44,16.238646989140292
17365.0,3.3987499999999997,0.4285,3.403541666666721,24.5,16.21624311205181
17370.0,3.4,0.426,3.4029166666667456,24.5,16.19386542301371
17375.0,3.4,0.429,3.4026041666667575,24.5,16.17147463995041
17380.0,3.4,0.4275,3.402187500000006,24.5,16.149044574811565
17385.0,3.4,0.429,3.4015625000000305,24.5,16.12661450967272
17390.0,3.4,0.429,3.401145833333279,24.44,16.104145162458316
17395.0,3.3975,0.4285,3.400624999999915,24.47,16.08168890926911
17400.0,3.4,0.427,3.4002083333331634,24.44,16.059285032180625
17405.0,3.3975,0.429,3.3998958333330243,24.5,16.036868061066954
17410.0,3.3975,0.4265,3.3994791666662727,24.47,16.014464183978472
17415.0,3.3975,0.427,3.399062499999521,24.44,15.992112682990722
17420.0,3.3975,0.427,3.3988541666661454,24.5,15.969748087977798
17425.0,3.39625,0.4285,3.3986458333327696,24.47,15.947344210889314
17430.0,3.3975,0.43,3.398437499999394,24.5,15.924861769649734
17435.0,3.3975,0.429,3.398229166666018,24.5,15.902366234384967
17440.0,3.395,0.427,3.397812499999418,24.5,15.879949263271309
17445.0,3.3925,0.427,3.397187499999442,24.5,15.857584668258372
17450.0,3.3925,0.427,3.3965624999994666,24.5,15.835220073245438
17455.0,3.39375,0.4265,3.3962499999994784,24.5,15.812868572257688
17460.0,3.3925,0.427,3.395624999999503,24.5,15.79051707126995
17465.0,3.395,0.426,3.3954166666662786,24.5,15.768178664307387
17470.0,3.395,0.4265,3.3952083333330543,24.5,15.745853351369998
17475.0,3.395,0.427,3.3949999999998304,24.5,15.723501850382249
17480.0,3.3925,0.424,3.3945833333332303,24.5,15.70121581952042
17485.0,3.3925,0.4265,3.3942708333332425,24.5,15.678942882683778
17490.0,3.3925,0.429,3.3938541666666424,24.5,15.656539005595294
17495.0,3.3925,0.426,3.3934375000000423,24.5,15.634148222531996
17500.0,3.39125,0.425,3.3931250000000546,24.5,15.611862191670166
17505.0,3.3925,0.424,3.3931250000000546,24.5,15.58962853690906
17510.0,3.3925,0.427,3.3931250000000546,24.5,15.567342506047233
17515.0,3.3925,0.4265,3.3930208333334426,24.5,15.544991005059494
17520.0,3.3875,0.429,3.3926041666668425,24.5,15.522587127971011
17525.0,3.3925,0.427,3.3923958333334667,24.5,15.50017015685734
17530.0,3.3925,0.427,3.392187500000091,24.5,15.477805561844404
17535.0,3.3925,0.426,3.391979166666715,24.5,15.455467154881852
17540.0,3.39,0.424,3.3917708333333394,24.5,15.433207312070385
17545.0,3.38375,0.4265,3.3910416666667516,24.5,15.410934375233731
17550.0,3.3875,0.426,3.3906250000001514,24.5,15.388609062296343
17555.0,3.3875,0.426,3.3902083333335518,24.5,15.366296843384141
17560.0,3.3875,0.4265,3.3898958333335636,24.5,15.343971530446765
17565.0,3.3875,0.424,3.389479166666964,24.5,15.321698593610112
17570.0,3.38,0.427,3.3884375000002365,24.5,15.299412562748282
17575.0,3.3850000000000002,0.4265,3.3878125000002606,24.5,15.277061061760532
17580.0,3.3875,0.426,3.3878125000002606,24.5,15.254735748823157
17585.0,3.3875,0.424,3.387395833333661,24.5,15.23247590601169
17590.0,3.3850000000000002,0.425,3.386770833333685,24.5,15.210242251250584
17595.0,3.3875,0.426,3.386354166667085,24.5,15.187956220388754
17600.0,3.3825000000000003,0.426,3.3857291666671094,24.5,15.165644001476553
17605.0,3.3875,0.4265,3.386041666667097,24.5,15.143318688539175
17610.0,3.3862500000000004,0.426,3.3859375000003333,24.5,15.120993375601788
17615.0,3.3825000000000003,0.426,3.385520833333582,24.5,15.098681156689587
17620.0,3.38375,0.426,3.385208333333594,24.5,15.076368937777385
17625.0,3.38375,0.4265,3.3848958333336063,24.5,15.054043624840007
17630.0,3.3825000000000003,0.424,3.385104166666982,24.5,15.031770688003354
17635.0,3.3825000000000003,0.424,3.3848958333336063,24.5,15.009563221292622
17640.0,3.38375,0.4255,3.384583333333618,24.5,14.98731647250634
17645.0,3.3825000000000003,0.426,3.3841666666668666,24.5,14.965017347619325
17650.0,3.3825000000000003,0.4245,3.383958333333491,24.5,14.942744410782682
17655.0,3.37625,0.425,3.3830208333333758,24.5,14.920497661996402
17660.0,3.3825000000000003,0.423,3.3830208333333758,24.5,14.898290195285668
17665.0,3.3825000000000003,0.4255,3.3826041666666242,24.5,14.876069634549749
17670.0,3.3825000000000003,0.425,3.3822916666666365,24.53,14.853796697713095
17675.0,3.3825000000000003,0.43,3.3822916666666365,24.5,14.831405914649798
17680.0,3.3825000000000003,0.426,3.3821874999998727,24.53,14.80898894353614
17685.0,3.3775000000000004,0.424,3.381666666666509,24.56,14.78672910072467
17690.0,3.3775000000000004,0.426,3.381249999999909,24.5,14.764469257913204
17695.0,3.3775000000000004,0.425,3.380833333333309,24.5,14.742183227051376
17700.0,3.3775000000000004,0.425,3.3803124999999454,24.53,14.719923384239909
17705.0,3.3775000000000004,0.424,3.3798958333333453,24.56,14.697689729478814
17710.0,3.3775000000000004,0.4255,3.3794791666667456,24.53,14.675442980692532
17715.0,3.3775000000000004,0.4265,3.379583333333509,24.53,14.65313076178033
17720.0,3.3775000000000004,0.424,3.3791666666669093,24.56,14.630857824943677
17725.0,3.3775000000000004,0.426,3.3787500000003092,24.56,14.60859798213221
17730.0,3.3775000000000004,0.4235,3.378333333333709,24.5,14.58635123334594
17735.0,3.3775000000000004,0.426,3.3779166666671094,24.5,14.564104484559659
17740.0,3.3775000000000004,0.424,3.3775000000005093,24.5,14.541844641748192
17745.0,3.375,0.424,3.3772916666671335,24.5,14.51963717503746
17750.0,3.375,0.426,3.3770833333337578,24.5,14.497377332225991
17755.0,3.3724999999999996,0.424,3.376666666667006,24.5,14.475117489414535
17760.0,3.3725,0.424,3.3762500000002547,24.5,14.452910022703803
17765.0,3.3724999999999996,0.424,3.375833333333503,24.56,14.430702555993069
17770.0,3.3724999999999996,0.424,3.3754166666667516,24.5,14.408495089282336
17775.0,3.3724999999999996,0.4255,3.375,24.5,14.386248340496055
17780.0,3.3724999999999996,0.426,3.3745833333332484,24.5,14.36394921560904
17785.0,3.3724999999999996,0.423,3.374166666666497,24.5,14.341715560847945
17790.0,3.3724999999999996,0.426,3.3737499999997453,24.56,14.319481906086839
17795.0,3.3724999999999996,0.424,3.373333333332994,24.56,14.297222063275372
17800.0,3.3724999999999996,0.423,3.3729166666662422,24.56,14.275040784615001
17805.0,3.3699999999999997,0.4235,3.372499999999642,24.56,14.252872599979815
17810.0,3.3724999999999996,0.424,3.3722916666662663,24.56,14.23067822729428
17815.0,3.3724999999999996,0.426,3.3722916666662663,24.56,14.208418384482812
17820.0,3.36875,0.426,3.3719791666662786,24.56,14.186106165570623
17825.0,3.3674999999999997,0.424,3.3715624999996785,24.56,14.163846322759156
17830.0,3.3674999999999997,0.424,3.371145833333079,24.56,14.141638856048411
17835.0,3.3674999999999997,0.4235,3.3707291666664787,24.56,14.119444483362864
17840.0,3.3674999999999997,0.424,3.3703124999998786,24.56,14.09725011067733
17845.0,3.3674999999999997,0.424,3.369895833333279,24.56,14.075042643966585
17850.0,3.3674999999999997,0.4235,3.369479166666679,24.56,14.052848271281038
17855.0,3.3674999999999997,0.424,3.3690625000000787,24.56,14.03065389859549
17860.0,3.3674999999999997,0.426,3.368645833333479,24.56,14.008394055784024
17865.0,3.36625,0.4245,3.3683333333333394,24.56,13.98612111894738
17870.0,3.365,0.424,3.3677083333333635,24.56,13.963900558211472
17875.0,3.365,0.424,3.367083333333388,24.56,13.941693091500728
17880.0,3.3625,0.4235,3.366562500000024,24.56,13.919498718815182
17885.0,3.3625,0.424,3.3661458333332726,24.56,13.897304346129635
17890.0,3.3625,0.421,3.365729166666521,24.56,13.87517544357001
17895.0,3.3625,0.4235,3.3653124999997694,24.56,13.853059635035558
17900.0,3.3625,0.421,3.364895833333018,24.56,13.83094382650112
17905.0,3.3625,0.423,3.3644791666662663,24.56,13.808841111991843
17910.0,3.3625,0.424,3.364062499999515,24.56,13.786659833331472
17915.0,3.3575,0.421,3.3632291666661636,24.56,13.764530930771846
17920.0,3.3600000000000003,0.424,3.3626041666661877,24.56,13.742402028212219
17925.0,3.36125,0.4235,3.3621874999995875,24.56,13.720207655526673
17930.0,3.3600000000000003,0.423,3.361770833332988,24.56,13.698039470891498
17935.0,3.3600000000000003,0.421,3.3613541666663878,24.56,13.675936756382235
17940.0,3.3575,0.422,3.3609374999997876,24.56,13.653860229923332
17945.0,3.3600000000000003,0.423,3.3607291666665637,24.56,13.631731327363706
17950.0,3.3575,0.426,3.3603124999999636,24.56,13.609497672602611
17955.0,3.3575,0.4235,3.3598958333333635,24.56,13.587250923816319
17960.0,3.3575,0.423,3.359479166666764,24.56,13.565082739181145
17965.0,3.355,0.423,3.358854166666788,24.56,13.542927648571156
17970.0,3.355,0.425,3.358229166666812,24.56,13.520720181860412
17975.0,3.35625,0.422,3.3581250000002,24.56,13.498538903200041
17980.0,3.355,0.423,3.3577083333334485,24.56,13.476410000640415
17985.0,3.35375,0.424,3.3570833333334726,24.56,13.454228721980044
17990.0,3.355,0.422,3.356666666666721,24.56,13.432073631370045
17995.0,3.355,0.424,3.3562499999999695,24.56,13.409918540760057
18000.0,3.3524999999999996,0.425,3.35583333333337,24.56,13.387684885998963
18005.0,3.3524999999999996,0.423,3.355208333333394,24.56,13.365477419288219
18010.0,3.3524999999999996,0.424,3.354791666666794,24.56,13.343296140627848
18015.0,3.3524999999999996,0.424,3.354375000000194,24.56,13.321088673917114
18020.0,3.3524999999999996,0.422,3.353958333333594,24.56,13.298933583307115
18025.0,3.3524999999999996,0.423,3.3537500000003697,24.56,13.276804680747489
18030.0,3.3524999999999996,0.423,3.353541666667146,24.56,13.25464959013749
18035.0,3.3524999999999996,0.4225,3.3532291666671576,24.56,13.232507593552667
18040.0,3.3499999999999996,0.423,3.352812500000558,24.56,13.210365596967844
18045.0,3.3512499999999994,0.423,3.352604166667182,24.56,13.188210506357855
18050.0,3.3524999999999996,0.4235,3.352395833333958,24.56,13.166042321722681
18055.0,3.3499999999999996,0.423,3.3519791666673577,24.62,13.143874137087508
18060.0,3.3499999999999996,0.4225,3.351770833333982,24.56,13.121732140502685
18065.0,3.3512499999999994,0.422,3.3516666666672186,24.56,13.099616331968233
18070.0,3.3499999999999996,0.421,3.351458333333843,24.62,13.07753980550933
18075.0,3.3474999999999997,0.4235,3.3510416666670912,24.62,13.05542399697488
18080.0,3.3474999999999997,0.422,3.3506250000003397,24.62,13.033282000390066
18085.0,3.3474999999999997,0.42,3.350208333333588,24.62,13.011231661981537
18090.0,3.3474999999999997,0.4215,3.3497916666668366,24.59,12.989194417598181
18095.0,3.3474999999999997,0.4235,3.349375000000085,24.59,12.967065515038556
18100.0,3.3425,0.421,3.348750000000109,24.62,12.944949706504104
18105.0,3.3449999999999998,0.4225,3.3482291666667456,24.62,12.922860086020027
18110.0,3.3462499999999995,0.425,3.3477083333333817,24.62,12.90066571333448
18115.0,3.3449999999999998,0.423,3.34729166666663,24.62,12.878458246623747
18120.0,3.3449999999999998,0.4235,3.3468749999998786,24.62,12.856290061988574
18125.0,3.34375,0.4225,3.346249999999903,24.62,12.834134971378575
18130.0,3.3425,0.423,3.3456249999999272,24.62,12.811992974793752
18135.0,3.3425,0.426,3.345208333333327,24.62,12.789759320032656
18140.0,3.3425,0.4215,3.3447916666667274,24.62,12.76756494734711
18145.0,3.3425,0.42,3.3443750000001273,24.62,12.745527702963766
18150.0,3.3425,0.424,3.343958333333527,24.62,12.72342498845449
18155.0,3.34,0.4245,3.3433333333335518,24.62,12.70120442771857
18160.0,3.3425,0.424,3.3433333333335518,24.62,12.678983866982652
18165.0,3.3425,0.426,3.3431250000003274,24.62,12.656724024171185
18170.0,3.3425,0.4205,3.3428125000003397,24.62,12.63455583953601
18175.0,3.3425,0.421,3.3426041666671154,24.62,12.612518595152666
18180.0,3.3375,0.423,3.3419791666671395,24.62,12.590415880643391
18185.0,3.3375,0.423,3.341458333333776,24.62,12.568260790033392
18190.0,3.34,0.418,3.3412500000004,24.62,12.546236639675213
18195.0,3.3375,0.423,3.3408333333336486,24.62,12.524212489317044
18200.0,3.3375,0.421,3.340416666666897,24.62,12.502109774807767
18205.0,3.3375,0.421,3.3400000000001455,24.62,12.480059436399237
18210.0,3.3375,0.421,3.339583333333394,24.62,12.458009097990708
18215.0,3.3362499999999997,0.422,3.3392708333334062,24.62,12.435932571531804
18220.0,3.3375,0.424,3.3388541666666547,24.62,12.413777480921805
18225.0,3.3375,0.423,3.338437499999903,24.62,12.391596202261447
18230.0,3.3362499999999997,0.421,3.337916666666539,24.62,12.36949348775217
18235.0,3.335,0.424,3.337291666666412,24.62,12.347364585192544
18240.0,3.335,0.423,3.337083333333036,24.62,12.325183306532173
18245.0,3.33375,0.421,3.3367708333330484,24.62,12.303080592022898
18250.0,3.3325,0.421,3.3361458333330725,24.62,12.281030253614379
18255.0,3.3325,0.421,3.335729166666473,24.62,12.258979915205847
18260.0,3.3325,0.4215,3.3353124999998727,24.62,12.23691648277212
18265.0,3.3325,0.423,3.3348958333332726,24.62,12.214800674237669
18270.0,3.3325,0.423,3.334479166666673,24.62,12.19264558362767
18275.0,3.3325,0.421,3.3341666666666847,24.62,12.170542869118394
18280.0,3.3325,0.423,3.333750000000085,24.62,12.14844015460913
18285.0,3.3325,0.423,3.333333333333485,24.62,12.12628506399913
18290.0,3.3325,0.421,3.333020833333497,24.62,12.104182349489855
18295.0,3.3325,0.423,3.332812500000273,24.62,12.08207963498058
18300.0,3.3325,0.423,3.3326041666670485,24.62,12.059924544370592
18305.0,3.3325,0.4225,3.3325000000004366,24.62,12.037782547785769
18310.0,3.3325,0.421,3.3325000000004366,24.62,12.015692927301691
18315.0,3.33,0.421,3.332291666667061,24.69,11.993642588893161
18320.0,3.3274999999999997,0.4205,3.3318750000003092,24.69,11.971605344509806
18325.0,3.3274999999999997,0.423,3.3314583333335577,24.69,11.949515724025728
18330.0,3.3274999999999997,0.418,3.331041666666806,24.69,11.92749157366756
18335.0,3.3274999999999997,0.4205,3.3306250000000546,24.69,11.9055328934353
18340.0,3.3274999999999997,0.421,3.330208333333303,24.69,11.883495649051945
18345.0,3.3274999999999997,0.418,3.3297916666665515,24.69,11.86152387479451
18350.0,3.32125,0.4195,3.328854166666588,24.69,11.839591382612625
18355.0,3.3249999999999997,0.423,3.328229166666612,24.69,11.817527950178908
18360.0,3.3225000000000002,0.421,3.3273958333332607,24.69,11.795425235669633
18365.0,3.32375,0.419,3.326666666666521,24.69,11.773427273361825
18370.0,3.3225000000000002,0.4205,3.3258333333331698,24.69,11.751442405079215
18375.0,3.3225000000000002,0.42,3.325208333333194,24.69,11.729431348746234
18380.0,3.3225000000000002,0.419,3.3247916666665938,24.69,11.707459574488798
18385.0,3.3225000000000002,0.419,3.324374999999994,24.69,11.685513988281738
18390.0,3.3225000000000002,0.421,3.323958333333394,24.69,11.66351602597394
18395.0,3.3225000000000002,0.4195,3.323541666666794,24.69,11.641504969640959
18400.0,3.3225000000000002,0.419,3.323125000000194,24.69,11.6195462894087
18405.0,3.3225000000000002,0.421,3.322708333333594,24.69,11.597548327100892
18410.0,3.3225000000000002,0.419,3.322812500000206,24.69,11.575550364793086
18415.0,3.3225000000000002,0.4205,3.3226041666668302,24.69,11.553565496510476
18420.0,3.3225000000000002,0.42,3.3226041666668302,24.69,11.531554440177494
18425.0,3.31625,0.418,3.3219791666668548,24.69,11.509608853970432
18430.0,3.32,0.421,3.321770833333479,24.69,11.487637079713009
18435.0,3.3175,0.42,3.3213541666667274,24.69,11.46561292935483
18440.0,3.3175,0.4195,3.320937499999976,24.69,11.44362806107222
18445.0,3.3175,0.42,3.3205208333332243,24.69,11.42164319278961
18450.0,3.3175,0.42,3.320104166666473,24.69,11.399645230481802
18455.0,3.3175,0.4195,3.3196874999997212,24.69,11.377660362199194
18460.0,3.3175,0.4195,3.3192708333329697,24.69,11.35568858794176
18465.0,3.3175,0.42,3.318854166666218,24.69,11.33370371965915
18470.0,3.3112500000000002,0.418,3.3179166666662545,24.69,11.311758133452088
18475.0,3.3125,0.4175,3.317083333332903,24.69,11.289878017370935
18480.0,3.3125,0.421,3.316249999999551,24.69,11.267919337138677
18485.0,3.3125,0.418,3.3159374999995634,24.69,11.245947562881241
18490.0,3.3125,0.419,3.3153124999995875,24.69,11.224028164724531
18495.0,3.3125,0.42,3.314895833332988,24.69,11.202056390467096
18500.0,3.3125,0.419,3.3144791666663878,24.69,11.180084616209673
18505.0,3.3125,0.42,3.3140624999997876,24.69,11.158112841952239
18510.0,3.3125,0.418,3.313645833333188,24.69,11.136167255745178
18515.0,3.3125,0.418,3.313229166666588,24.69,11.114274045638838
18520.0,3.3125,0.418,3.3128124999999877,24.69,11.0923808355325
18525.0,3.3125,0.418,3.312395833333388,24.69,11.070487625426162
18530.0,3.3125,0.418,3.3125,24.75,11.048594415319823
18535.0,3.31,0.4185,3.3122916666666242,24.69,11.02668811118831
18540.0,3.3125,0.42,3.3122916666666242,24.69,11.004729430956061
18545.0,3.3125,0.421,3.3122916666666242,24.69,10.982705280597882
18550.0,3.31,0.4185,3.3120833333332484,24.72,10.960720412315272
18555.0,3.31,0.42,3.3118749999998727,24.69,10.938761732083012
18560.0,3.31,0.418,3.311666666666497,24.69,10.916816145875952
18565.0,3.30875,0.4185,3.311354166666509,24.75,10.894909841744438
18570.0,3.3075,0.42,3.310937499999909,24.75,10.87295116151219
18575.0,3.3075,0.418,3.310520833333309,24.75,10.851005575305129
18580.0,3.30375,0.419,3.3097916666665697,24.75,10.829086177148417
18585.0,3.3025,0.421,3.308958333333218,24.75,10.80708821484061
18590.0,3.3025,0.42,3.3081249999998668,24.75,10.78506406448243
18595.0,3.3025,0.4175,3.307499999999891,24.75,10.763131572300544
18600.0,3.3,0.417,3.3064583333331634,24.75,10.741277644269765
18605.0,3.295,0.418,3.3049999999998363,24.75,10.719410622213799
18610.0,3.29625,0.4175,3.303854166666497,24.75,10.697530506132635
18615.0,3.3025,0.42,3.303229166666521,24.75,10.675598013950749
18620.0,3.3025,0.418,3.3026041666665455,24.75,10.653652427743687
18625.0,3.3025,0.4195,3.3020833333331816,24.75,10.6317199355618
18630.0,3.3025,0.42,3.30166666666643,24.75,10.60973506727919
18635.0,3.3025,0.42,3.3012499999996785,24.75,10.587737104971396
18640.0,3.3025,0.4175,3.3011458333330665,24.75,10.56580461278951
18645.0,3.3025,0.415,3.3011458333330665,24.75,10.544003060859463
18650.0,3.3025,0.417,3.3011458333330665,24.75,10.522214602954595
18655.0,3.3012500000000005,0.4165,3.3010416666664546,24.75,10.500386862974176
18660.0,3.3000000000000003,0.417,3.3010416666664546,24.75,10.478559122993758
18665.0,3.2975,0.418,3.3012499999998304,24.75,10.456692100937792
18670.0,3.2975,0.42,3.3013541666665938,24.75,10.43474651473073
18675.0,3.2975,0.418,3.300937499999994,24.75,10.41280092852367
18680.0,3.2950000000000004,0.42,3.300312500000018,24.75,10.390855342316607
18685.0,3.2925000000000004,0.4205,3.2994791666666665,24.75,10.368844285983625
18690.0,3.2950000000000004,0.417,3.298854166666691,24.75,10.34691179380175
18695.0,3.2925000000000004,0.414,3.2980208333333394,24.75,10.325149523947253
18700.0,3.2925000000000004,0.418,3.2971874999999877,24.75,10.303361066042383
18705.0,3.2925000000000004,0.417,3.2963541666666365,24.75,10.281494043986417
18710.0,3.2925000000000004,0.417,3.295520833333285,24.75,10.259653209980824
18715.0,3.2925000000000004,0.417,3.2947916666665455,24.78,10.237812375975231
18720.0,3.285,0.417,3.2935416666665938,24.75,10.215971541969637
18725.0,3.2875,0.417,3.2927083333332425,24.81,10.194130707964044
18730.0,3.2925000000000004,0.416,3.292291666666491,24.78,10.172316062008802
18735.0,3.2925000000000004,0.42,3.2918749999997394,24.75,10.150422851902462
18740.0,3.2925000000000004,0.414,3.2916666666663636,24.75,10.12858201789687
18745.0,3.2925000000000004,0.4165,3.2916666666663636,24.78,10.106832842067547
18750.0,3.2925000000000004,0.415,3.291458333332988,24.75,10.085057478187853
18755.0,3.2925000000000004,0.418,3.291458333332988,24.81,10.063242832232621
18760.0,3.2912500000000002,0.418,3.2913541666663755,24.75,10.041349622126283
18765.0,3.29,0.417,3.2911458333331516,24.78,10.019482600070317
18770.0,3.29,0.415,3.2909374999999272,24.81,9.997694142165447
18775.0,3.29,0.418,3.290729166666703,24.81,9.975879496210204
18780.0,3.28125,0.415,3.290416666666715,24.78,9.954064850254962
18785.0,3.2824999999999998,0.417,3.2899999999999636,24.81,9.932276392350092
18790.0,3.2787499999999996,0.417,3.2888541666666242,24.81,9.9104355583445
18795.0,3.2824999999999998,0.417,3.2880208333332726,24.81,9.888594724338907
18800.0,3.2824999999999998,0.415,3.2871874999999213,24.81,9.866806266434047
18805.0,3.2824999999999998,0.4145,3.2863541666665697,24.81,9.845083278655098
18810.0,3.2824999999999998,0.4175,3.285520833333218,24.81,9.823294820750228
18815.0,3.2824999999999998,0.415,3.2846874999998668,24.81,9.801493268820183
18820.0,3.2824999999999998,0.4175,3.283958333333127,24.81,9.779691716890138
18825.0,3.2824999999999998,0.417,3.2833333333329997,24.81,9.757837788859348
18830.0,3.2824999999999998,0.415,3.2827083333328724,24.81,9.736049330954478
18835.0,3.2824999999999998,0.4165,3.282083333332745,24.81,9.714273967074782
18840.0,3.2824999999999998,0.416,3.2821874999993574,24.81,9.692472415144737
18845.0,3.2824999999999998,0.417,3.2821874999993574,24.81,9.670657769189505
18850.0,3.2824999999999998,0.416,3.282499999999345,24.81,9.648843123234263
18855.0,3.2824999999999998,0.4175,3.282499999999345,24.81,9.627015383253845
18860.0,3.2800000000000002,0.414,3.282291666666121,24.81,9.60524001937415
18865.0,3.2762499999999997,0.416,3.2817708333329088,24.81,9.583503937570004
18870.0,3.2737499999999997,0.415,3.281041666666321,24.84,9.561741667715506
18875.0,3.275,0.414,3.2804166666663455,24.87,9.540031773961733
18880.0,3.2737499999999997,0.4175,3.2796874999997576,24.81,9.51825641008205
18885.0,3.2724999999999995,0.4145,3.278854166666406,24.87,9.496467952177179
18890.0,3.2749999999999995,0.415,3.27822916666643,24.87,9.47474496439823
18895.0,3.2724999999999995,0.415,3.277395833333079,24.87,9.453008882594084
18900.0,3.2724999999999995,0.416,3.276562499999727,24.87,9.431246612739585
18905.0,3.2724999999999995,0.415,3.2757291666663755,24.87,9.409484342885088
18910.0,3.2724999999999995,0.417,3.2748958333330243,24.87,9.387695884980218
18915.0,3.2724999999999995,0.418,3.2740624999996726,24.87,9.365828862924253
18920.0,3.2724999999999995,0.417,3.2734374999995453,24.87,9.343961840868287
18925.0,3.2724999999999995,0.415,3.2731249999994056,24.87,9.322173382963417
18930.0,3.2699999999999996,0.4145,3.272812499999418,24.87,9.300450395184479
18935.0,3.2674999999999996,0.414,3.272187499999442,24.87,9.27875359545588
18940.0,3.2649999999999997,0.415,3.2714583333327028,24.87,9.257043701702106
18945.0,3.2712499999999993,0.4135,3.271354166666091,24.87,9.235346901973507
18950.0,3.2724999999999995,0.415,3.271145833332715,24.87,9.213650102244909
18955.0,3.2699999999999996,0.417,3.2709374999994907,24.87,9.19186164434005
18960.0,3.2724999999999995,0.415,3.2709374999994907,24.87,9.170073186435179
18965.0,3.2699999999999996,0.412,3.2707291666662663,24.87,9.14841566878215
18970.0,3.2674999999999996,0.417,3.2703124999996667,24.87,9.126705775028377
18975.0,3.26375,0.413,3.269583333333079,24.87,9.10496969322423
18980.0,3.2649999999999997,0.415,3.268958333333103,24.87,9.083285987520828
18985.0,3.2649999999999997,0.415,3.268333333333127,24.87,9.061549905716682
18990.0,3.2624999999999997,0.413,3.2677083333331516,24.87,9.03986620001328
18995.0,3.2624999999999997,0.414,3.2672916666665515,24.87,9.018208682360251
19000.0,3.2624999999999997,0.414,3.267083333333327,24.87,8.99652497665685
19005.0,3.2624999999999997,0.4135,3.2663541666667393,24.87,8.974854364978635
19010.0,3.2624999999999997,0.415,3.2655208333335395,24.87,8.953157565250036
19015.0,3.2624999999999997,0.411,3.2648958333335636,24.87,8.931526235647357
19020.0,3.2562499999999996,0.4145,3.2635416666670003,24.87,8.909908000069876
19025.0,3.2575,0.414,3.262500000000273,24.87,8.888211200341278
19030.0,3.2624999999999997,0.412,3.2620833333336727,24.87,8.866579870738601
19035.0,3.2624999999999997,0.415,3.261979166667061,24.87,8.844922353085572
19040.0,3.2624999999999997,0.415,3.2617708333338364,24.87,8.823186271281436
19045.0,3.2624999999999997,0.415,3.2615625000006125,24.87,8.80145018947729
19050.0,3.2624999999999997,0.4135,3.2615625000006125,24.87,8.77975338974869
19055.0,3.2624999999999997,0.415,3.2615625000006125,24.94,8.758056590020091
19060.0,3.26,0.412,3.2613541666672368,24.87,8.736399072367062
19065.0,3.2575,0.4135,3.260937500000485,24.905,8.714780836789583
19070.0,3.2575,0.412,3.2605208333337337,24.87,8.693162601212101
19075.0,3.2575,0.411,3.260104166666982,24.94,8.67160983576053
19080.0,3.255,0.413,3.2600000000002183,24.94,8.650030882258598
19085.0,3.2525,0.415,3.259583333333618,24.94,8.628347176555195
19090.0,3.2525,0.414,3.258750000000267,24.94,8.606637282801422
19095.0,3.2525,0.4135,3.2579166666669153,24.94,8.584966671123196
19100.0,3.255,0.415,3.257291666666788,24.94,8.563269871394596
19105.0,3.25,0.415,3.2562500000000605,24.94,8.54153378959045
19110.0,3.24625,0.413,3.2548958333333453,24.94,8.519850083887059
19115.0,3.245,0.414,3.253437500000018,24.94,8.498192566234032
19120.0,3.2525,0.412,3.2528125000000423,24.94,8.476561236631353
19125.0,3.2525,0.414,3.2523958333334426,24.94,8.454929907028674
19130.0,3.2525,0.417,3.2519791666668425,24.94,8.433167637174178
19135.0,3.2525,0.417,3.2515625000002424,24.94,8.411326803168585
19140.0,3.2525,0.411,3.2513541666670185,24.94,8.389643097465182
19145.0,3.2525,0.414,3.2513541666670185,24.94,8.368037955912877
19150.0,3.2525,0.412,3.2513541666670185,24.94,8.346406626310198
19155.0,3.25,0.4125,3.2511458333336427,24.94,8.32481457878307
19160.0,3.24625,0.4125,3.250416666667055,24.94,8.303209437230773
19165.0,3.245,0.412,3.2500000000004547,24.94,8.281617389703644
19170.0,3.245,0.414,3.249895833333843,24.94,8.259986060100966
19175.0,3.245,0.412,3.249895833333843,24.94,8.238354730498287
19180.0,3.2425,0.411,3.249062500000491,24.94,8.216801965046706
19185.0,3.2425,0.41,3.2482291666671395,24.94,8.195301575695868
19190.0,3.2425,0.412,3.2473958333337882,24.94,8.17377499829467
19195.0,3.2425,0.412,3.2465625000004366,24.94,8.152196044792737
19200.0,3.2425,0.414,3.245729166667085,24.94,8.130564715190058
19205.0,3.2425,0.412,3.2448958333337337,24.94,8.108933385587381
19210.0,3.2425,0.412,3.244062500000382,24.94,8.087354432085448
19215.0,3.23625,0.4125,3.2429166666670426,24.94,8.065762384558317
19220.0,3.23625,0.4115,3.242083333333691,24.94,8.044183431056384
19225.0,3.2350000000000003,0.409,3.2412500000003397,24.94,8.022696135730722
19230.0,3.2350000000000003,0.411,3.240416666666988,24.94,8.001221934430259
19235.0,3.23625,0.411,3.2396875000002487,24.94,7.9796953570290485
19240.0,3.2375000000000003,0.412,3.239270833333497,24.94,7.958142591577477
19245.0,3.2350000000000003,0.41,3.2386458333335213,24.94,7.936616014176268
19250.0,3.2325000000000004,0.409,3.2378125000001696,24.94,7.915168000926154
19255.0,3.2325000000000004,0.412,3.2369791666668184,24.94,7.893667611575317
19260.0,3.2325000000000004,0.4105,3.2361458333334667,24.94,7.872127940148932
19265.0,3.2325000000000004,0.412,3.235312500000115,24.94,7.850588268722547
19270.0,3.2325000000000004,0.411,3.234479166666764,24.94,7.829035503270965
19275.0,3.2325000000000004,0.41,3.2341666666667757,24.94,7.807535113920128
19280.0,3.2325000000000004,0.41,3.233854166666788,24.94,7.786060912619663
19285.0,3.2325000000000004,0.411,3.233645833333412,24.94,7.764560523268827
19290.0,3.2325000000000004,0.4115,3.2334375000000364,25.0,7.7430208518424415
19295.0,3.2325000000000004,0.409,3.2331250000000487,25.0,7.72153355651678
19300.0,3.2325000000000004,0.411,3.2327083333334485,25.0,7.7000593552163155
19305.0,3.2325000000000004,0.411,3.2325000000000728,25.0,7.678532777815117
19310.0,3.2325000000000004,0.41,3.2325000000000728,24.97,7.65703238846428
19315.0,3.225,0.411,3.231875000000097,25.0,7.635531999113443
19320.0,3.2275000000000005,0.411,3.231458333333497,25.0,7.614005421712234
19325.0,3.2237500000000003,0.408,3.2307291666667575,25.0,7.5925574084621195
19330.0,3.22,0.409,3.2296875000000305,25.0,7.571161771312751
19335.0,3.2225,0.412,3.228854166666679,25.0,7.549661381961914
19340.0,3.2225,0.409,3.228020833333327,25.0,7.5281609926110775
19345.0,3.2225,0.409,3.227187499999976,25.0,7.506739167411336
19350.0,3.2225,0.409,3.2263541666666242,25.0,7.485317342211594
19355.0,3.2225,0.409,3.2255208333332726,25.0,7.463895517011854
19360.0,3.2225,0.414,3.2246874999999213,25.0,7.4423427515602825
19365.0,3.2225,0.409,3.2238541666665697,25.0,7.4207899861087
19370.0,3.2225,0.409,3.223020833333218,25.0,7.399368160908959
19375.0,3.2225,0.411,3.222812499999842,25.0,7.377893959608494
19380.0,3.2225,0.411,3.2223958333330907,25.0,7.356367382207285
19385.0,3.2225,0.4095,3.2222916666664787,25.0,7.334880086881624
19390.0,3.2225,0.409,3.2224999999998545,25.06,7.313445167656707
19395.0,3.2225,0.412,3.2224999999998545,25.06,7.29194477830587
19400.0,3.2225,0.4085,3.2224999999998545,25.06,7.270457482980208
19405.0,3.2225,0.408,3.2224999999998545,25.06,7.2490749398560155
19410.0,3.2225,0.408,3.2224999999998545,25.06,7.227705490757009
19415.0,3.2225,0.41,3.2224999999998545,25.06,7.206283665557267
19420.0,3.22,0.411,3.2222916666664787,25.0,7.18478327620643
19425.0,3.2175000000000002,0.411,3.2218749999998786,25.06,7.16325669880522
19430.0,3.2175000000000002,0.412,3.221458333333279,25.06,7.141703933353638
19435.0,3.2175000000000002,0.411,3.221041666666679,25.06,7.120151167902056
19440.0,3.2150000000000003,0.409,3.220416666666703,25.06,7.098676966601591
19445.0,3.2125000000000004,0.41,3.2195833333333517,25.06,7.077228953351478
19450.0,3.2125000000000004,0.409,3.21875,25.06,7.055780940101375
19455.0,3.2125000000000004,0.409,3.2179166666666483,25.06,7.034359114901633
19460.0,3.2125000000000004,0.4085,3.217083333333297,25.06,7.012950383727068
19465.0,3.2075000000000005,0.409,3.2158333333333453,25.06,6.9915416525525025
19470.0,3.205,0.409,3.214375000000018,25.06,6.970119827352761
19475.0,3.2062500000000003,0.4075,3.213020833333303,25.06,6.948737284228567
19480.0,3.2075000000000005,0.409,3.2119791666667274,25.06,6.9273547411043745
19485.0,3.21,0.409,3.2113541666666,25.06,6.905932915904634
19490.0,3.21,0.40700000000000003,3.210729166666473,25.06,6.884563466805627
19495.0,3.21,0.403,3.2101041666663455,25.06,6.863351146008823
19500.0,3.21,0.409,3.209687499999594,25.06,6.842086449111273
19505.0,3.20875,0.409,3.2093749999996057,25.06,6.820664623911532
19510.0,3.2075000000000005,0.409,3.208958333333006,25.06,6.799242798711791
19515.0,3.205,0.411,3.20833333333303,25.06,6.777768597411327
19520.0,3.2037500000000003,0.4085,3.2076041666664423,25.12,6.756307490136038
19525.0,3.2025000000000006,0.406,3.2071874999996908,25.12,6.73497732311259
19530.0,3.2025000000000006,0.406,3.206979166666315,25.12,6.71371262621504
19535.0,3.2025000000000006,0.4085,3.2066666666663273,25.09,6.692382459191593
19540.0,3.2025000000000006,0.409,3.2062499999995757,25.09,6.670973728017026
19545.0,3.2025000000000006,0.408,3.2056249999996,25.06,6.649578090867658
19550.0,3.2025000000000006,0.409,3.204999999999624,25.06,6.62818245371829
19555.0,3.2025000000000006,0.4085,3.2043749999996485,25.12,6.606773722543724
19560.0,3.2025000000000006,0.408,3.2037499999996726,25.06,6.585391179419531
19565.0,3.2025000000000006,0.408,3.203229166666309,25.09,6.564021730320524
19570.0,3.19625,0.4055,3.2022916666663455,25.12,6.542717751347427
19575.0,3.1925,0.405,3.201249999999618,25.12,6.521492336525425
19580.0,3.1925,0.408,3.200312499999503,25.12,6.500201451577525
19585.0,3.1975,0.40700000000000003,3.199895833332903,25.12,6.4788581905288805
19590.0,3.1975,0.408,3.1994791666663027,25.12,6.457514929480235
19595.0,3.1975,0.40700000000000003,3.199062499999703,25.12,6.436171668431589
19600.0,3.1950000000000003,0.40700000000000003,3.198437499999727,25.12,6.414854595433317
19605.0,3.1925,0.409,3.1976041666663755,25.12,6.393485146334299
19610.0,3.1925,0.4075,3.1967708333330243,25.12,6.3721026032101165
19615.0,3.1925,0.40700000000000003,3.1959374999996726,25.12,6.350772436186669
19620.0,3.1925,0.408,3.195104166666321,25.12,6.329429175138024
19625.0,3.1925,0.40700000000000003,3.1942708333329697,25.12,6.308085914089379
19630.0,3.1925,0.406,3.19395833333283,25.12,6.286795029141478
19635.0,3.1925,0.406,3.19395833333283,25.12,6.265530332243929
19640.0,3.1925,0.40700000000000003,3.19395833333283,25.12,6.24423944729603
19645.0,3.1925,0.40700000000000003,3.1935416666660785,25.12,6.222922374297757
19650.0,3.1925,0.406,3.193124999999327,25.12,6.201631489349857
19655.0,3.1925,0.4055,3.1927083333325754,25.12,6.180379886477505
19660.0,3.1925,0.40700000000000003,3.1924999999991996,25.12,6.159102095554781
19665.0,3.1925,0.408,3.1924999999991996,25.12,6.137758834506135
19670.0,3.1925,0.4065,3.1924999999991996,25.12,6.116428667482687
19675.0,3.1925,0.4065,3.1924999999991996,25.12,6.095137782534787
19680.0,3.1925,0.411,3.1924999999991996,25.12,6.073729051360221
19685.0,3.1874999999999996,0.406,3.1920833333325995,25.12,6.052333414210853
19690.0,3.18625,0.4055,3.1915624999993875,25.12,6.031081811338501
19695.0,3.185,0.408,3.190937499999412,25.12,6.009777832365404
19700.0,3.1774999999999998,0.406,3.18968749999946,25.12,5.988460759367131
19705.0,3.17875,0.405,3.188541666666121,25.12,5.967222250519955
19710.0,3.1774999999999998,0.409,3.1872916666661695,25.12,5.9459051775216825
19715.0,3.1799999999999997,0.406,3.186249999999594,25.12,5.924561916473037
19720.0,3.1812499999999995,0.40549999999999997,3.1853124999996303,25.12,5.903310313600684
19725.0,3.1824999999999997,0.405,3.18447916666643,25.12,5.882084898778695
19730.0,3.1824999999999997,0.405,3.1836458333332303,25.19,5.86087257798188
19735.0,3.1799999999999997,0.40700000000000003,3.1826041666666547,25.19,5.839607881084341
19740.0,3.1799999999999997,0.405,3.1815625000000787,25.19,5.818343184186792
19745.0,3.1799999999999997,0.405,3.1809375000001032,25.19,5.797130863389988
19750.0,3.1799999999999997,0.40700000000000003,3.1804166666667393,25.19,5.775866166492438
19755.0,3.1799999999999997,0.402,3.1800000000001396,25.19,5.754680033746007
19760.0,3.1799999999999997,0.405,3.1802083333335154,25.19,5.733546277100299
19765.0,3.1799999999999997,0.4025,3.1803125000002788,25.19,5.712399426429416
19770.0,3.1799999999999997,0.403,3.1805208333336545,25.19,5.691304951859255
19775.0,3.1774999999999998,0.405,3.1803125000002788,25.19,5.670145007163175
19780.0,3.17375,0.4055,3.1796875000003033,25.19,5.648919592341173
19785.0,3.1725,0.403,3.1788541666669516,25.19,5.627746553619916
19790.0,3.1725,0.403,3.1780208333336,25.19,5.606638985024581
19795.0,3.1725,0.404,3.1773958333336245,25.19,5.585505228378873
19800.0,3.1725,0.405,3.1767708333336486,25.19,5.564319095632442
19805.0,3.1725,0.406,3.1761458333336727,25.19,5.5430805867852655
19810.0,3.1725,0.404,3.1755208333336973,25.19,5.521868265988461
19815.0,3.1725,0.406,3.1748958333337214,25.19,5.500655945191657
19820.0,3.1725,0.403,3.1742708333337455,25.19,5.479469812445226
19825.0,3.1725,0.4035,3.17364583333377,25.19,5.458349149824693
19830.0,3.1725,0.406,3.173020833333794,25.19,5.437149923053064
19835.0,3.17,0.405,3.1723958333338182,25.19,5.415911414205887
19840.0,3.17,0.404,3.1720833333338305,25.19,5.394725281459456
19845.0,3.17,0.405,3.1718750000004547,25.19,5.373539148713025
19850.0,3.17,0.406,3.171666666667079,25.19,5.352300639865848
19855.0,3.17,0.404,3.171458333333703,25.19,5.331088319069044
19860.0,3.17,0.402,3.1712500000003274,25.19,5.309980750473708
19865.0,3.17,0.406,3.1710416666669516,25.19,5.288820805777627
19870.0,3.16625,0.4055,3.170520833333588,25.19,5.267569202905276
19875.0,3.1625,0.403,3.1696875000002365,25.19,5.24639616418402
19880.0,3.1625,0.403,3.168854166666885,25.19,5.225288595588684
19885.0,3.1625,0.4035,3.1680208333335336,25.19,5.204167932968151
19890.0,3.1625,0.405,3.167187500000182,25.19,5.182994894246895
19895.0,3.1625,0.406,3.166562500000206,25.19,5.161756385399718
19900.0,3.1625,0.4045,3.1659375000002306,25.19,5.140530970577717
19905.0,3.1625,0.406,3.1653125000002547,25.19,5.1193055557557265
19910.0,3.1625,0.406,3.1646875000002788,25.19,5.098040858858177
19915.0,3.1625,0.403,3.1640625000003033,25.19,5.076854726111746
19920.0,3.1625,0.403,3.1634375000003274,25.25,5.055747157516411
19925.0,3.1625,0.403,3.1628125000003515,25.25,5.034639588921063
19930.0,3.16125,0.404,3.1623958333336,25.22,5.013505832275356
19935.0,3.16,0.4045,3.162187500000224,25.25,4.9923327935541
19940.0,3.16,0.403,3.1619791666668484,25.25,4.971185942883216
19945.0,3.16,0.405,3.1617708333334726,25.25,4.950025998187135
19950.0,3.16,0.405,3.161562500000097,25.25,4.928813677390331
19955.0,3.16,0.402,3.161354166666721,25.25,4.907679920744634
19960.0,3.1575,0.404,3.1609374999999695,25.25,4.886572352149288
19965.0,3.1550000000000002,0.4025,3.160312499999994,25.25,4.865451689528766
19970.0,3.1525,0.402,3.1594791666666424,25.25,4.844383403008978
19975.0,3.1525,0.404,3.1586458333332907,25.25,4.823275834413632
19980.0,3.1525,0.4035,3.1578124999999395,25.25,4.802128983742748
19985.0,3.1525,0.403,3.156979166666588,25.25,4.781008321122215
19990.0,3.1525,0.4035,3.15625,25.25,4.759887658501693
19995.0,3.1525,0.4035,3.155625000000024,25.25,4.738753901855985
20000.0,3.1525,0.403,3.1550000000000487,25.25,4.717633239235452
20005.0,3.1525,0.4025,3.1543750000000728,25.25,4.696538764665292
20010.0,3.1525,0.4025,3.153750000000097,25.25,4.675457384120307
20015.0,3.15,0.402,3.1529166666667456,25.25,4.65438909760052
20020.0,3.1525,0.4035,3.1525000000001455,25.25,4.633294623030359
20025.0,3.15125,0.4055,3.152187500000158,25.25,4.612108490283928
20030.0,3.15,0.402,3.151979166666782,25.25,4.590961639613045
20035.0,3.15,0.4015,3.1517708333334062,25.25,4.569919541143608
20040.0,3.15,0.404,3.1515625000000305,25.25,4.548825066573448
20045.0,3.15,0.4,3.1513541666666547,25.25,4.527769874078835
20050.0,3.1475,0.4005,3.150937499999903,25.25,4.506806339760516
20055.0,3.14625,0.401,3.150416666666539,25.25,4.485816617391825
20060.0,3.1425,0.402,3.149583333333188,25.25,4.464787612947585
20065.0,3.1425,0.4015,3.1487499999998363,25.25,4.443745514478148
20070.0,3.1425,0.4025,3.1479166666664846,25.25,4.422690321983536
20075.0,3.1425,0.403,3.147291666666509,25.25,4.401595847413375
20080.0,3.1425,0.403,3.1464583333331575,25.25,4.38048827881804
20085.0,3.1425,0.402,3.145729166666418,25.25,4.359406898273055
20090.0,3.1425,0.403,3.1451041666664423,25.25,4.3383255177280695
20095.0,3.1425,0.402,3.1444791666664664,25.25,4.317244137183085
20100.0,3.1425,0.4025,3.143854166666491,25.25,4.296175850663298
20105.0,3.1425,0.402,3.143229166666515,25.25,4.27510756414351
20110.0,3.14,0.402,3.142604166666539,25.25,4.254052371648898
20115.0,3.14,0.4005,3.1420833333331757,25.25,4.233036461229833
20120.0,3.14,0.4,3.1418749999998,25.25,4.212072926911514
20125.0,3.14,0.402,3.141666666666424,25.25,4.191070110517647
20130.0,3.1350000000000002,0.4035,3.1410416666664482,25.25,4.1699756359474875
20135.0,3.1375,0.4,3.1406249999998486,25.25,4.14893353747805
20140.0,3.1350000000000002,0.405,3.1399999999998727,25.25,4.127852156933076
20145.0,3.1350000000000002,0.402,3.1393749999998968,25.25,4.1067184002873685
20150.0,3.1325000000000003,0.403,3.1385416666665455,25.25,4.085637019742383
20155.0,3.1325000000000003,0.402,3.137708333333194,25.25,4.064555639197398
20160.0,3.1325000000000003,0.3995,3.136874999999842,25.25,4.043565916828706
20165.0,3.1325000000000003,0.4,3.136041666666491,25.25,4.022628570560737
20170.0,3.1325000000000003,0.402,3.135416666666515,25.25,4.001625754166871
20175.0,3.13,0.401,3.1345833333331634,25.25,3.9805967497226313
20180.0,3.1325000000000003,0.402,3.133958333333188,25.25,3.9595677452783917
20185.0,3.1325000000000003,0.403,3.133333333333212,25.25,3.9384863647334067
20190.0,3.13125,0.401,3.1330208333332243,25.25,3.9174311722387944
20195.0,3.1325000000000003,0.402,3.132604166666473,25.25,3.896402167794555
20200.0,3.13,0.403,3.1321874999997212,25.25,3.87532078724957
20205.0,3.13,0.401,3.1317708333329697,25.25,3.8542655947549576
20210.0,3.13,0.402,3.131562499999594,25.25,3.833236590310718
20215.0,3.13,0.399,3.131354166666218,25.25,3.8122599619672015
20220.0,3.13,0.398,3.1311458333328424,25.25,3.7913880858251536
20225.0,3.13,0.4,3.1309374999994666,25.25,3.770490021632733
20230.0,3.1274999999999995,0.4,3.1305208333328665,25.25,3.7495395813395893
20235.0,3.12625,0.401,3.1302083333328787,25.25,3.728562952996073
20240.0,3.125,0.402,3.129583333332903,25.25,3.7075339485518333
20245.0,3.1224999999999996,0.399,3.128749999999551,25.25,3.686557320208328
20250.0,3.1224999999999996,0.401,3.128020833332812,25.25,3.665606879915184
20255.0,3.1224999999999996,0.4,3.12718749999946,25.25,3.6446302515716678
20260.0,3.1224999999999996,0.4,3.1265624999994848,25.25,3.623679811278524
20265.0,3.1224999999999996,0.401,3.125937499999509,25.25,3.6027031829350076
20270.0,3.1224999999999996,0.399,3.125312499999533,25.25,3.581752742641864
20275.0,3.1224999999999996,0.4,3.1246874999995575,25.25,3.5608284903990928
20280.0,3.12,0.4,3.1238541666663573,25.25,3.539878050105949
20285.0,3.12,0.397,3.1230208333331575,25.25,3.519006173963901
20290.0,3.1125,0.4,3.1217708333330543,25.25,3.4981342978218533
20295.0,3.12,0.399,3.121249999999842,25.25,3.477210045579082
20300.0,3.1175000000000006,0.4,3.1206249999998668,25.31,3.456285793336311
20305.0,3.1175000000000006,0.399,3.1202083333332666,25.31,3.43536154109354
20310.0,3.1175000000000006,0.399,3.1197916666666665,25.31,3.4144634769011195
20315.0,3.1175000000000006,0.399,3.119375000000067,25.31,3.393565412708699
20320.0,3.1175000000000006,0.399,3.1189583333334667,25.31,3.3726673485162784
20325.0,3.115,0.398,3.118333333333491,25.31,3.3517954723742305
20330.0,3.115,0.401,3.1177083333335154,25.31,3.3308712201314594
20335.0,3.1125,0.402,3.1168750000001637,25.31,3.30984221568722
20340.0,3.1125,0.399,3.1162500000000364,25.31,3.2888655873437034
20345.0,3.1125,0.4025,3.115624999999909,25.31,3.2678758649750117
20350.0,3.1125,0.399,3.115624999999909,25.31,3.24688614260632
20355.0,3.1125,0.4,3.1149999999997817,25.31,3.225961890363549
20360.0,3.11125,0.3995,3.114479166666418,25.31,3.2050245440955805
20365.0,3.11,0.397,3.1138541666664423,25.31,3.18416576197873
20370.0,3.11,0.4,3.1132291666664664,25.31,3.163293885836682
20375.0,3.11,0.3995,3.112604166666491,25.31,3.1423565395687136
20380.0,3.11,0.399,3.111979166666515,25.31,3.121445381351118
20385.0,3.11,0.4025,3.111562499999915,25.31,3.100455658982426
20390.0,3.11,0.3975,3.1111458333333153,25.31,3.0795052186892824
20395.0,3.11,0.4,3.110937500000091,25.31,3.0586202485220593
20400.0,3.11,0.3965,3.1107291666668666,25.31,3.037761466405209
20405.0,3.11,0.398,3.1105208333336427,25.31,3.0169550603890816
20410.0,3.11,0.399,3.1103125000004184,25.31,2.9960831842470337
20415.0,3.1062499999999997,0.402,3.1097916666672063,25.31,2.9751065559035172
20420.0,3.1049999999999995,0.398,3.109270833333843,25.31,2.9541561156103735
20425.0,3.1049999999999995,0.4,3.1088541666670912,25.31,2.933258051417953
20430.0,3.1024999999999996,0.3995,3.1082291666671154,25.31,2.9123207051499844
20435.0,3.1024999999999996,0.398,3.1076041666671395,25.31,2.8914357349827613
20440.0,3.1024999999999996,0.399,3.106979166667164,25.31,2.8705638588407134
20445.0,3.1024999999999996,0.397,3.106354166667188,25.31,2.849718170749038
20450.0,3.1024999999999996,0.3975,3.105729166667212,25.31,2.828911764732911
20455.0,3.1024999999999996,0.399,3.1051041666672368,25.31,2.8080529826160605
20460.0,3.1024999999999996,0.397,3.104479166667261,25.31,2.7872072945243853
20465.0,3.0999999999999996,0.399,3.103645833333909,25.31,2.76636160643271
20470.0,3.0999999999999996,0.397,3.102812500000558,25.31,2.745515918341035
20475.0,3.0999999999999996,0.397,3.102291666667194,25.37,2.724722606350083
20480.0,3.0999999999999996,0.3975,3.1018750000005944,25.34,2.7039162003339556
20485.0,3.0999999999999996,0.399,3.1014583333339942,25.37,2.683057418217105
20490.0,3.0999999999999996,0.399,3.1012500000006185,25.37,2.6621593540246846
20495.0,3.0999999999999996,0.3985,3.1010416666672427,25.37,2.6412743838574615
20500.0,3.0999999999999996,0.397,3.100833333333867,25.37,2.6204417897909615
20505.0,3.0974999999999997,0.397,3.1004166666671154,25.37,2.5996484778000095
20510.0,3.0974999999999997,0.398,3.100000000000364,25.37,2.578828977758707
20515.0,3.0949999999999998,0.396,3.0993750000002365,25.37,2.558035665767755
20520.0,3.0925,0.399,3.098541666666885,25.37,2.5372161657264525
20525.0,3.0925,0.3965,3.0979166666669093,25.37,2.5163835716599525
20530.0,3.0925,0.397,3.0972916666669335,25.37,2.495603353694198
20535.0,3.0925,0.397,3.0966666666669576,25.37,2.474810041703246
20540.0,3.0925,0.4,3.096041666666982,25.37,2.453938165561198
20545.0,3.0925,0.4,3.095416666667006,25.37,2.4329877252680543
20550.0,3.09,0.399,3.0945833333336545,25.37,2.4120634730252832
20555.0,3.09,0.3965,3.0937500000003033,25.37,2.3912308789587833
20560.0,3.09,0.397,3.0929166666669516,25.37,2.3704506609930287
20565.0,3.09,0.397,3.0922916666669757,25.37,2.3496573490020767
20570.0,3.09,0.398,3.0916666666670003,25.37,2.328837848960763
20575.0,3.09,0.397,3.0912500000004,25.37,2.3080183489194606
20580.0,3.09,0.397,3.0910416666670244,25.37,2.2872250369285085
20585.0,3.09,0.3975,3.0908333333336486,25.37,2.2664186309123813
20590.0,3.0875,0.399,3.090416666666897,25.37,2.245559848795531
20595.0,3.085,0.397,3.0897916666667697,25.37,2.2247141607038556
20600.0,3.085,0.3965,3.0891666666666424,25.44,2.203933942738101
20605.0,3.085,0.396,3.088541666666515,25.44,2.183179912822697
20610.0,3.0825,0.393,3.087916666666539,25.44,2.162517541083586
20615.0,3.0825,0.3955,3.0872916666665637,25.44,2.1418682633696506
20620.0,3.0825,0.399,3.086666666666588,25.37,2.1210618573535234
20625.0,3.0825,0.396,3.086041666666612,25.44,2.100242357312221
20630.0,3.0825,0.3965,3.0854166666666365,25.44,2.0794883273968168
20635.0,3.0825,0.397,3.0847916666666606,25.44,2.058708109431062
20640.0,3.0825,0.393,3.0841666666666847,25.44,2.0380195496415787
20645.0,3.08,0.398,3.0833333333333335,25.44,2.0173048018017226
20650.0,3.08,0.396,3.0827083333333576,25.44,1.9965114898107705
20655.0,3.08,0.393,3.0822916666667575,25.44,1.9758491180716597
20660.0,3.0737500000000004,0.3945,3.081354166666794,25.44,1.955226028408097
20665.0,3.0775,0.397,3.0807291666668184,25.44,1.9344981865430655
20670.0,3.0775,0.396,3.080312500000067,25.44,1.9137310626024862
20675.0,3.07625,0.3965,3.079791666666703,25.44,1.892977032687082
20680.0,3.075,0.394,3.0791666666667274,25.44,1.8722753788724233
20685.0,3.075,0.396,3.0785416666667516,25.44,1.8515868190829399
20690.0,3.075,0.395,3.0779166666667757,25.44,1.8308720712430837
20695.0,3.075,0.394,3.0772916666668,25.44,1.810209699503973
20700.0,3.0725000000000002,0.394,3.0764583333334485,25.44,1.7895735158152348
20705.0,3.0725000000000002,0.3965,3.0758333333334726,25.44,1.7688718620005761
20710.0,3.0725000000000002,0.396,3.075208333333497,25.44,1.748117832085172
20715.0,3.0725000000000002,0.396,3.0745833333335213,25.44,1.7273768961949654
20720.0,3.0725000000000002,0.395,3.0744791666669093,25.44,1.7066621483551092
20725.0,3.07125,0.395,3.0739583333336973,25.44,1.6859735885656257
20730.0,3.0700000000000003,0.393,3.0733333333337214,25.44,1.6653374048768876
20735.0,3.06625,0.3945,3.0725000000003697,25.44,1.6447143152133248
20740.0,3.0700000000000003,0.395,3.072083333333618,25.44,1.6240388494490388
20745.0,3.0700000000000003,0.396,3.0716666666668666,25.44,1.6033241016091826
20750.0,3.0700000000000003,0.395,3.071250000000115,25.44,1.5826093537693264
20755.0,3.0700000000000003,0.396,3.0708333333333635,25.44,1.5618946059294703
20760.0,3.0675,0.396,3.070416666666612,25.44,1.5411536700392636
20765.0,3.0675,0.395,3.0699999999998604,25.44,1.5204389221994075
20770.0,3.0675,0.395,3.069583333333109,25.44,1.499750362409924
20775.0,3.0675,0.394,3.0691666666663573,25.44,1.4790879906708132
20780.0,3.065,0.393,3.068541666666382,25.47,1.4584779950324256
20785.0,3.05875,0.3965,3.0674999999996544,25.47,1.4378025292681396
20790.0,3.0625,0.397,3.0668749999996785,25.44,1.417022311302385
20795.0,3.0625,0.394,3.0665624999996908,25.47,1.3963075634625288
20800.0,3.06,0.395,3.065729166666339,25.44,1.375645191723418
20805.0,3.06,0.397,3.064895833332988,25.5,1.3549042558332114
20810.0,3.06,0.394,3.064062499999636,25.44,1.3341895079933552
20815.0,3.06,0.395,3.0632291666662845,25.5,1.3135271362542444
20820.0,3.06,0.396,3.062604166666309,25.5,1.2928123884143883
20825.0,3.06,0.3935,3.061979166666333,25.47,1.2721369226501023
20830.0,3.06,0.393,3.0613541666663573,25.5,1.251540021036912
20835.0,3.0549999999999997,0.397,3.0603124999997817,25.5,1.2308514612474286
20840.0,3.05125,0.393,3.0591666666664423,25.5,1.2101629014579451
20845.0,3.05125,0.393,3.0585416666664664,25.5,1.1895790938699302
20850.0,3.0525,0.394,3.057708333333115,25.5,1.1689690982315426
20855.0,3.0525,0.3945,3.0568749999997635,25.5,1.148319820517607
20860.0,3.0525,0.393,3.0562499999997876,25.5,1.1276967308540442
20865.0,3.0525,0.394,3.055624999999812,25.5,1.1070867352156566
20870.0,3.0525,0.394,3.0549999999998363,25.5,1.0864505515269185
20875.0,3.0525,0.3945,3.0543749999998604,25.5,1.065801273812983
20880.0,3.0525,0.393,3.053749999999885,25.5,1.04517818414942
20885.0,3.05,0.394,3.0529166666665333,25.5,1.0245681885110325
20890.0,3.05,0.3935,3.0520833333331816,25.5,1.0039450988474696
20895.0,3.05,0.394,3.05166666666643,25.5,0.9833220091839068
20900.0,3.0475000000000003,0.393,3.0513541666664423,25.5,0.9627120135455192
20905.0,3.0412500000000002,0.392,3.0505208333330907,25.5,0.9421543940078769
20910.0,3.0475000000000003,0.391,3.050104166666491,25.5,0.9216491505709579
20915.0,3.045,0.394,3.049479166666515,25.5,0.9010915310333045
20920.0,3.045,0.392,3.048854166666539,25.5,0.8805077234452896
20925.0,3.045,0.391,3.0482291666665637,25.5,0.8600024800083705
20930.0,3.045,0.39,3.047604166666588,25.5,0.8395496126721969
20935.0,3.04375,0.3925,3.046875,25.5,0.8190574632604752
20940.0,3.0425000000000004,0.391,3.0460416666666483,25.5,0.7985391257983809
20945.0,3.0425000000000004,0.394,3.045416666666673,25.5,0.7779815062607387
20950.0,3.0425000000000004,0.393,3.044791666666697,25.5,0.7573715106223511
20955.0,3.0425000000000004,0.393,3.044166666666721,25.56,0.7367877030343362
20960.0,3.0425000000000004,0.393,3.0437499999999695,25.5,0.7162038954463212
20965.0,3.04,0.3915,3.0436458333333576,25.5,0.6956593699338542
20970.0,3.0375,0.388,3.042812500000006,25.5,0.6752457846732285
20975.0,3.04,0.388,3.0423958333334062,25.5,0.6549238575888738
20980.0,3.04,0.39,3.041979166666806,25.5,0.634549554403796
20985.0,3.0374999999999996,0.393,3.0413541666668302,25.5,0.614044310966877
20990.0,3.0374999999999996,0.393,3.0407291666668548,25.56,0.593460503378862
20995.0,3.0374999999999996,0.392,3.040208333333491,25.56,0.5729028838412198
21000.0,3.035,0.39,3.0395833333335154,25.5,0.5524238284546623
21005.0,3.035,0.393,3.0389583333335395,25.5,0.5319185850177433
21010.0,3.035,0.3915,3.0383333333335636,25.53,0.5113740595052763
21015.0,3.035,0.393,3.037708333333588,25.56,0.49082953399280926
21020.0,3.0324999999999998,0.393,3.0368750000002365,25.56,0.47024572640479434
21025.0,3.0324999999999998,0.3905,3.036250000000109,25.53,0.44972738894270003
21030.0,3.0324999999999998,0.391,3.0358333333333576,25.5,0.4292614275813289
21035.0,3.0249999999999995,0.391,3.0345833333332544,25.56,0.40878237219478253
21040.0,3.0249999999999995,0.3905,3.0333333333331516,25.56,0.3883164108334114
21045.0,3.0275,0.388,3.0324999999998,25.56,0.3679290136231361
21050.0,3.03,0.39,3.031874999999824,25.56,0.3475547104380583
21055.0,3.0287499999999996,0.392,3.0311458333330847,25.56,0.3270756550515119
21060.0,3.0274999999999994,0.391,3.030520833333109,25.56,0.30657041161459286
21065.0,3.0274999999999994,0.393,3.0298958333331334,25.56,0.2860389801273233
21070.0,3.026249999999999,0.392,3.0291666666665455,25.53,0.2654813605896811
21075.0,3.0274999999999994,0.391,3.0285416666665697,25.56,0.24497611715276202
21080.0,3.0249999999999995,0.388,3.0279166666665938,25.56,0.2245756259173115
21085.0,3.0249999999999995,0.391,3.0272916666666183,25.56,0.204175134681861
21090.0,3.0224999999999995,0.387,3.0264583333332666,25.56,0.18380083149678317
21095.0,3.0224999999999995,0.387,3.026249999999891,25.56,0.1635312805131739
21100.0,3.0224999999999995,0.389,3.026041666666515,25.56,0.14320935342881924
21105.0,3.0162499999999994,0.3905,3.0251041666665515,25.56,0.12279576816818238
21110.0,3.0199999999999996,0.391,3.0242708333332,25.56,0.10232980680681125
21115.0,3.0199999999999996,0.39,3.023541666666612,25.56,0.08187693947063757
21120.0,3.0199999999999996,0.3905,3.0229166666666365,25.56,0.06143716615963912
21125.0,3.0174999999999996,0.391,3.022083333333285,25.56,0.04097120479826799
21130.0,3.01375,0.3915,3.0210416666665574,25.56,0.020479055386546374
21135.0,3.00875,0.3905,3.0194791666666183,25.56,0.0
