time_s,V,I,V_smooth,temperature_c,soc_true
0.0,3.1525000000000003,-1.004,3.1525000000000003,25.06,0.0
5.0,3.1625,-1.004,3.1575,25.06,0.047078054147733604
10.0,3.16875,-1.0074999999999998,3.1612500000000003,25.06,0.09423816665678048
15.0,3.17,-1.006,3.1634375,25.06,0.14144516965800638
20.0,3.1825,-1.004,3.16725,25.06,0.188570114297919
25.0,3.18375,-1.0070000000000001,3.17,25.06,0.23571850418392112
30.0,3.1925,-1.006,3.1732142857142853,25.06,0.28291378456210226
35.0,3.1975000000000002,-1.006,3.17625,25.06,0.3300856196941939
40.0,3.2037500000000003,-1.008,3.1793055555555556,25.06,0.37730434531846463
45.0,3.21,-1.0070000000000001,3.182375,25.0,0.4245465161888248
50.0,3.2175000000000002,-1.011,3.185568181818182,25.0,0.4718590227974535
55.0,3.21875,-1.004,3.188333333333333,25.0,0.5191011936678137
60.0,3.2262500000000003,-1.008,3.194479166666666,25.0,0.5662730287999054
65.0,3.2275000000000005,-1.006,3.199895833333333,25.0,0.6134917544241759
70.0,3.2325000000000004,-1.011,3.205208333333333,25.0,0.6607808157867152
75.0,3.2375000000000003,-1.004,3.210833333333333,25.0,0.7080229866570753
80.0,3.245,-1.006,3.216041666666666,25.0,0.755147931296988
85.0,3.24625,-1.008,3.22125,24.94,0.8023666569212585
90.0,3.2487500000000002,-1.008,3.2259375,24.97,0.8496322730377084
95.0,3.255,-1.011,3.2307291666666664,24.94,0.8969682248924264
100.0,3.2575,-1.012,3.2352083333333326,24.94,0.9443979577315027
105.0,3.2649999999999997,-1.013,3.2397916666666653,24.94,0.991874581062758
110.0,3.2674999999999996,-1.017,3.243958333333332,24.94,1.0394684306244608
115.0,3.2674999999999996,-1.0070000000000001,3.248020833333332,24.94,1.0869216087096267
120.0,3.275,-1.0114999999999998,3.2520833333333328,24.94,1.1342458379413
125.0,3.2775,-1.013,3.2562499999999996,24.94,1.1817107386495107
130.0,3.2787499999999996,-1.0095,3.2601041666666664,24.94,1.2291287488655422
135.0,3.2849999999999997,-1.013,3.2640624999999996,24.905,1.2765467590815738
140.0,3.2824999999999998,-1.017,3.2671875,24.87,1.3241406086432765
145.0,3.2875,-1.013,3.270624999999999,24.87,1.371734458204979
150.0,3.295,-1.013,3.2744791666666657,24.87,1.4192345267823239
155.0,3.295,-1.015,3.2778124999999996,24.87,1.4667814858518475
160.0,3.2975000000000003,-1.015,3.2811458333333334,24.87,1.51437533541355
165.0,3.30375,-1.011,3.2843749999999994,24.87,1.561875403990895
170.0,3.3049999999999997,-1.017,3.2875,24.87,1.6094223630604187
175.0,3.305,-1.015,3.290625000000001,24.87,1.6570631031143006
180.0,3.31,-1.012,3.2935416666666675,24.84,1.7045866169377348
185.0,3.315,-1.013,3.296666666666667,24.81,1.75206324026899
190.0,3.3175000000000003,-1.017,3.299895833333333,24.87,1.799657089830693
195.0,3.3175000000000003,-1.013,3.3026041666666663,24.81,1.8472509393923955
200.0,3.3200000000000003,-1.015,3.3057291666666657,24.81,1.8947978984619192
205.0,3.325,-1.017,3.308854166666665,24.81,1.9424386385158012
210.0,3.32625,-1.015,3.3114583333333307,24.81,1.990079378569683
215.0,3.3275,-1.015,3.314166666666663,24.81,2.037673228131386
220.0,3.3275,-1.017,3.3166666666666615,24.75,2.0853139681852677
225.0,3.33375,-1.017,3.319166666666663,24.78,2.1330015987313287
230.0,3.335,-1.019,3.321666666666663,24.75,2.1807361197695685
235.0,3.34,-1.019,3.3245833333333294,24.75,2.228517531299987
240.0,3.34,-1.0179999999999998,3.3270833333333294,24.75,2.2762754975843165
245.0,3.3425,-1.017,3.3293749999999966,24.75,2.3239865733764673
250.0,3.3449999999999998,-1.021,3.3316666666666634,24.75,2.371767984906886
255.0,3.3474999999999997,-1.017,3.3341666666666634,24.75,2.4195493964373047
260.0,3.3499999999999996,-1.015,3.336666666666664,24.75,2.4671901364911863
265.0,3.3499999999999996,-1.017,3.3387499999999974,24.75,2.5148308765450684
270.0,3.35375,-1.015,3.3410416666666642,24.72,2.56247161659895
275.0,3.355,-1.019,3.3433333333333315,24.75,2.6101592471450106
280.0,3.3524999999999996,-1.019,3.345416666666665,24.75,2.6579406586754293
285.0,3.36,-1.019,3.3476041666666654,24.72,2.705722070205849
290.0,3.36,-1.017,3.3496874999999995,24.69,2.7534565912440883
295.0,3.3625,-1.019,3.3515625,24.69,2.801191112282328
300.0,3.365,-1.019,3.3536458333333337,24.69,2.848972523812747
305.0,3.3674999999999997,-1.015,3.3557291666666678,24.69,2.8966601543588077
310.0,3.37,-1.017,3.3578125000000014,24.69,2.9443008944126894
315.0,3.37,-1.02,3.359687500000002,24.69,2.992058860697018
320.0,3.3725000000000005,-1.017,3.361562500000003,24.69,3.0398168269813475
325.0,3.375,-1.019,3.3636458333333366,24.69,3.0875513480195873
330.0,3.375,-1.0179999999999998,3.3654166666666705,24.655,3.135309314303916
335.0,3.38,-1.019,3.3675000000000046,24.62,3.1830672805882454
340.0,3.38,-1.021,3.3697916666666714,24.69,3.2308955826108434
345.0,3.38,-1.0179999999999998,3.3714583333333366,24.655,3.278700439387352
350.0,3.3825000000000003,-1.017,3.373333333333335,24.69,3.3264115151795024
355.0,3.38,-1.019,3.374791666666667,24.69,3.3741460362177422
360.0,3.38625,-1.0179999999999998,3.3765624999999986,24.655,3.4219040025020706
365.0,3.39,-1.015,3.378437499999997,24.69,3.469568187802042
370.0,3.39,-1.023,3.380104166666662,24.62,3.5173495993324617
375.0,3.39,-1.02,3.381770833333327,24.62,3.5652482370933276
380.0,3.3875,-1.026,3.383020833333326,24.62,3.6132172105924627
385.0,3.3925,-1.019,3.384479166666658,24.62,3.6611627388455084
390.0,3.39375,-1.021,3.386041666666659,24.62,3.7089910408681064
395.0,3.395,-1.021,3.3872916666666577,24.62,3.7568662333828837
400.0,3.4,-1.015,3.388958333333323,24.62,3.804600754421123
405.0,3.4,-1.0225,3.390624999999988,24.62,3.8523704433284975
410.0,3.4,-1.023,3.39208333333332,24.62,3.9003276942045875
415.0,3.4,-1.023,3.393749999999985,24.62,3.9482966677037226
420.0,3.40125,-1.023,3.3949999999999867,24.62,3.996265641202857
425.0,3.4025000000000003,-1.0219999999999998,3.3960416666666524,24.62,4.044211169455903
430.0,3.4075,-1.026,3.397499999999989,24.62,4.092227033447217
435.0,3.4087500000000004,-1.0245,3.39906249999999,24.62,4.140301510553755
440.0,3.41,-1.02,3.400937499999993,24.62,4.188235316183755
445.0,3.41,-1.021,3.4023958333333297,24.62,4.236087063452443
450.0,3.41,-1.0219999999999998,3.4037499999999974,24.62,4.283985701213309
455.0,3.41,-1.02,3.405000000000001,24.62,4.331860893728087
460.0,3.41,-1.021,3.4058333333333386,24.62,4.3797126409967735
465.0,3.4125,-1.0219999999999998,3.4068750000000088,24.62,4.427611278757641
470.0,3.4125,-1.0255,3.4079166666666794,24.62,4.4756154201259095
475.0,3.4175,-1.019,3.4093750000000163,24.62,4.52354922575591
480.0,3.41875,-1.02,3.4108333333333483,24.62,4.571354082532419
485.0,3.42,-1.0234999999999999,3.4122916666666847,24.69,4.61926444291633
490.0,3.42,-1.019,3.4133333333333504,24.69,4.667151358054151
495.0,3.42,-1.0234999999999999,3.4142708333333522,24.69,4.715038273191973
500.0,3.42,-1.0234999999999999,3.415104166666685,24.69,4.763030691937198
505.0,3.42,-1.023,3.4159375000000174,24.69,4.811011388059376
510.0,3.42,-1.0219999999999998,3.41677083333335,24.69,4.858956916312422
515.0,3.4225,-1.021,3.4178125000000157,24.69,4.906855554073288
520.0,3.4225,-1.021,3.4188541666666814,24.69,4.954730746588066
525.0,3.4225,-1.023,3.419687500000014,24.69,5.002652829595021
530.0,3.42375,-1.0245,3.4206250000000105,24.69,5.05065697096329
535.0,3.4274999999999998,-1.023,3.421458333333343,24.69,5.098661112331559
540.0,3.4299999999999997,-1.021,3.422395833333345,24.69,5.146583195338515
545.0,3.4299999999999997,-1.0234999999999999,3.4232291666666774,24.72,5.194517000968516
550.0,3.4299999999999997,-1.026,3.42406250000001,24.69,5.242568032828964
555.0,3.4299999999999997,-1.026,3.4248958333333426,24.69,5.290677677804636
560.0,3.4299999999999997,-1.0219999999999998,3.425729166666675,24.75,5.3386935417959505
565.0,3.4299999999999997,-1.021,3.4265625000000077,24.75,5.386592179556817
570.0,3.43125,-1.0255,3.427500000000004,24.75,5.434572875678996
575.0,3.4325,-1.0245,3.428333333333337,24.75,5.4826356301624894
580.0,3.435,-1.026,3.4293750000000025,24.75,5.5307101072690275
585.0,3.435,-1.028,3.4304166666666682,24.75,5.578866642736878
590.0,3.4387499999999998,-1.0234999999999999,3.431666666666672,24.75,5.626964565089505
595.0,3.44,-1.028,3.4327083333333377,24.75,5.675062487442132
600.0,3.44,-1.021,3.4335416666666703,24.75,5.723101796679535
605.0,3.44,-1.0219999999999998,3.434375000000003,24.75,5.771000434440401
610.0,3.44,-1.023,3.4352083333333354,24.75,5.818945962693446
615.0,3.44,-1.026,3.436041666666668,24.81,5.866985271930849
620.0,3.44,-1.026,3.4368750000000006,24.81,5.91509491690652
625.0,3.44,-1.026,3.437708333333333,24.81,5.9632045618821925
630.0,3.44,-1.026,3.4384375000000014,24.81,6.011314206857865
635.0,3.4425,-1.0245,3.439270833333334,24.81,6.059388683964403
640.0,3.4425,-1.023,3.4398958333333334,24.81,6.107392825332672
645.0,3.4425,-1.026,3.440520833333333,24.81,6.155432134570074
650.0,3.4450000000000003,-1.0245,3.4410416666666634,24.81,6.203506611676612
655.0,3.45,-1.026,3.441874999999996,24.81,6.25158108878315
660.0,3.45,-1.023,3.4427083333333286,24.87,6.299620398020554
665.0,3.45,-1.0270000000000001,3.443541666666661,24.87,6.347683152504047
670.0,3.45,-1.03,3.4443749999999937,24.87,6.395910023710166
675.0,3.45,-1.028,3.4452083333333263,24.87,6.444160340162375
680.0,3.45,-1.026,3.446041666666659,24.87,6.492316875630226
685.0,3.45,-1.028,3.4468749999999915,24.87,6.540473411098077
690.0,3.45,-1.028,3.447708333333324,24.87,6.588676837058108
695.0,3.45,-1.026,3.4483333333333235,24.94,6.636833372525958
700.0,3.45,-1.023,3.448958333333323,24.94,6.684872681763361
705.0,3.455,-1.026,3.4499999999999886,24.94,6.732911991000765
710.0,3.455,-1.0270000000000001,3.450833333333321,24.94,6.781045081222525
715.0,3.455,-1.026,3.4512499999999875,24.94,6.829178171444288
720.0,3.4575000000000005,-1.028,3.451874999999987,24.94,6.877334706912139
725.0,3.4575000000000005,-1.029,3.4524999999999864,24.94,6.925561578118258
730.0,3.46,-1.021,3.453333333333319,24.94,6.973624332601752
735.0,3.46,-1.026,3.4541666666666515,24.94,7.0216167513469765
740.0,3.46,-1.0270000000000001,3.454999999999984,25.0,7.069749841568737
745.0,3.46,-1.03,3.4558333333333167,25.0,7.117976712774858
750.0,3.46,-1.03,3.4566666666666492,25.0,7.166273919719246
755.0,3.46,-1.0270000000000001,3.457499999999982,25.0,7.214500790925365
760.0,3.46,-1.028,3.4583333333333193,25.0,7.262680771639306
765.0,3.46,-1.03,3.45874999999999,25.0,7.3109310880915155
770.0,3.46,-1.0270000000000001,3.459166666666661,25.0,7.359157959297635
775.0,3.46,-1.03,3.4595833333333323,25.0,7.407384830503755
780.0,3.4625000000000004,-1.026,3.4599999999999986,25.06,7.455588256463786
785.0,3.4625000000000004,-1.0310000000000001,3.460416666666665,25.06,7.503815127669905
790.0,3.4625000000000004,-1.03,3.460624999999998,25.06,7.552135779860383
795.0,3.4650000000000003,-1.03,3.461041666666669,25.06,7.600432986804771
800.0,3.4650000000000003,-1.0270000000000001,3.46145833333334,25.06,7.648659858010891
805.0,3.4650000000000003,-1.03,3.461875000000011,25.06,7.6968867292170104
810.0,3.4675000000000002,-1.03,3.4625000000000106,25.06,7.745183936161398
815.0,3.47,-1.0265,3.4633333333333476,25.06,7.793399084744474
820.0,3.47,-1.0310000000000001,3.46416666666668,25.09,7.841637678573638
825.0,3.47,-1.03,3.4650000000000127,25.12,7.889958330764115
830.0,3.47,-1.0310000000000001,3.4658333333333453,25.12,7.938278982954593
835.0,3.47,-1.029,3.466666666666678,25.12,7.98657618989898
840.0,3.47,-1.032,3.467291666666682,25.12,8.03489684208946
845.0,3.47,-1.03,3.4679166666666865,25.12,8.083240939526025
850.0,3.47,-1.028,3.4685416666666904,25.12,8.131491255978235
855.0,3.47,-1.032,3.4689583333333567,25.19,8.179788462922621
860.0,3.47,-1.032,3.469375000000023,25.12,8.228179450851368
865.0,3.47,-1.0310000000000001,3.4697916666666893,25.12,8.276546993534025
870.0,3.47,-1.026,3.4700000000000273,25.19,8.324773864740145
875.0,3.47,-1.0310000000000001,3.4700000000000273,25.19,8.373000735946265
880.0,3.4725,-1.028,3.4702083333333555,25.19,8.421274497644564
885.0,3.475,-1.032,3.470625000000022,25.19,8.469571704588951
890.0,3.475,-1.033,3.471041666666688,25.19,8.517986137763787
895.0,3.475,-1.029,3.4714583333333544,25.19,8.566330235200354
900.0,3.475,-1.034,3.4718750000000207,25.19,8.614697777883011
905.0,3.475,-1.03,3.472291666666687,25.22,8.663088765811757
910.0,3.475,-1.0310000000000001,3.4727083333333533,25.19,8.711409418002235
915.0,3.475,-1.034,3.4731250000000196,25.25,8.759823851177071
920.0,3.475,-1.034,3.473541666666686,25.25,8.808308620090175
925.0,3.4762500000000003,-1.032,3.4740625000000214,25.25,8.856746498511098
930.0,3.475,-1.032,3.4744791666666877,25.25,8.905137486439845
935.0,3.4775,-1.032,3.475104166666682,25.25,8.95352847436859
940.0,3.4800000000000004,-1.03,3.4757291666666865,25.25,9.001872571805157
945.0,3.4800000000000004,-1.034,3.476145833333353,25.25,9.050263559733903
950.0,3.4800000000000004,-1.0310000000000001,3.476562500000019,25.25,9.098677992908739
955.0,3.4800000000000004,-1.0310000000000001,3.4769791666666854,25.25,9.147022090345306
960.0,3.4800000000000004,-1.03,3.4773958333333517,25.31,9.195342742535784
965.0,3.4800000000000004,-1.033,3.477812500000018,25.31,9.24371028521844
970.0,3.4800000000000004,-1.03,3.4782291666666842,25.31,9.292077827901098
975.0,3.4800000000000004,-1.028,3.4786458333333505,25.31,9.340328144353306
980.0,3.4800000000000004,-1.03,3.479062500000017,25.31,9.388578460805515
985.0,3.4800000000000004,-1.03,3.479375000000014,25.31,9.436875667749902
990.0,3.4800000000000004,-1.028,3.47979166666668,25.31,9.485125984202112
995.0,3.4800000000000004,-1.03,3.480000000000018,25.31,9.53337630065432
1000.0,3.4800000000000004,-1.032,3.480000000000018,25.31,9.581720398090887
1005.0,3.4800000000000004,-1.03,3.480000000000018,25.31,9.630064495527455
1010.0,3.4825000000000004,-1.034,3.4802083333333464,25.31,9.6784554834562
1015.0,3.485,-1.0310000000000001,3.4806250000000127,25.31,9.726869916631035
1020.0,3.485,-1.032,3.481041666666679,25.31,9.775237459313693
1025.0,3.485,-1.026,3.4814583333333453,25.31,9.823487775765901
1030.0,3.485,-1.033,3.4818750000000116,25.31,9.8717615374642
1035.0,3.485,-1.034,3.482291666666678,25.37,9.920222861131215
1040.0,3.485,-1.032,3.482708333333344,25.37,9.96866073955214
1045.0,3.485,-1.0310000000000001,3.4831250000000105,25.31,10.017028282234797
1050.0,3.485,-1.032,3.4835416666666768,25.37,10.065395824917452
1055.0,3.485,-1.03,3.483958333333343,25.31,10.11373992235402
1060.0,3.485,-1.034,3.4843750000000093,25.31,10.162130910282768
1065.0,3.4875000000000003,-1.03,3.4850000000000043,25.31,10.210521898211514
1070.0,3.4875000000000003,-1.03,3.4854166666666706,25.31,10.258819105155903
1075.0,3.49,-1.0310000000000001,3.485833333333337,25.31,10.30713975734638
1080.0,3.49,-1.03,3.486250000000003,25.37,10.355460409536857
1085.0,3.49,-1.03,3.4866666666666695,25.31,10.403757616481247
1090.0,3.49,-1.03,3.4870833333333358,25.34,10.452054823425634
1095.0,3.49,-1.032,3.487500000000002,25.31,10.500398920862201
1100.0,3.49,-1.032,3.4879166666666683,25.37,10.548789908790948
1105.0,3.49,-1.0310000000000001,3.4883333333333346,25.34,10.597157451473604
1110.0,3.49,-1.036,3.488750000000001,25.31,10.645618775140619
1115.0,3.49,-1.032,3.489166666666667,25.31,10.694103544053725
1120.0,3.49,-1.032,3.4895833333333335,25.31,10.742494531982471
1125.0,3.49,-1.03,3.489791666666671,25.31,10.790838629419039
1130.0,3.49,-1.032,3.490000000000009,25.31,10.839182726855604
1135.0,3.49,-1.0310000000000001,3.490000000000009,25.31,10.887550269538263
1140.0,3.49,-1.032,3.490000000000009,25.31,10.935917812220918
1145.0,3.49,-1.032,3.490000000000009,25.31,10.984308800149666
1150.0,3.495,-1.03,3.4904166666666754,25.31,11.032652897586233
1155.0,3.495,-1.028,3.4908333333333417,25.31,11.080903214038441
1160.0,3.495,-1.032,3.491250000000008,25.31,11.12920042098283
1165.0,3.495,-1.03,3.4916666666666742,25.31,11.177544518419397
1170.0,3.495,-1.036,3.4920833333333405,25.31,11.22598239684032
1175.0,3.495,-1.028,3.492500000000007,25.31,11.274373384769069
1180.0,3.495,-1.032,3.492916666666673,25.31,11.322670591713457
1185.0,3.495,-1.032,3.4933333333333394,25.31,11.371061579642204
1190.0,3.495,-1.03,3.4937500000000057,25.31,11.419405677078771
1195.0,3.49625,-1.03,3.4942708333333408,25.31,11.467702884023161
1200.0,3.4975,-1.03,3.4948958333333358,25.31,11.516000090967548
1205.0,3.4975,-1.03,3.4955208333333303,25.31,11.564297297911939
1210.0,3.4987500000000002,-1.03,3.495833333333328,25.31,11.612594504856327
1215.0,3.5,-1.03,3.496249999999994,25.31,11.660891711800717
1220.0,3.5,-1.028,3.4966666666666604,25.31,11.709142028252925
1225.0,3.5,-1.03,3.4970833333333267,25.31,11.757392344705133
1230.0,3.5,-1.03,3.497499999999993,25.31,11.805689551649523
1235.0,3.5,-1.032,3.4979166666666592,25.31,11.85403364908609
1240.0,3.5,-1.0310000000000001,3.4983333333333255,25.31,11.902401191768746
1245.0,3.5,-1.033,3.498749999999992,25.31,11.950792179697494
1250.0,3.5,-1.034,3.499166666666658,25.31,11.999253503364509
1255.0,3.5,-1.033,3.499479166666655,25.31,12.047714827031523
1260.0,3.5012499999999998,-1.03,3.499791666666662,25.31,12.09608236971418
1265.0,3.5025,-1.03,3.500208333333338,25.31,12.144379576658569
1270.0,3.5025,-1.0310000000000001,3.500520833333345,25.25,12.192700228849047
1275.0,3.5025,-1.032,3.5007291666666824,25.25,12.241067771531702
1280.0,3.505,-1.032,3.5011458333333487,25.25,12.28945875946045
1285.0,3.505,-1.0270000000000001,3.501562500000015,25.31,12.337732521158747
1290.0,3.505,-1.032,3.5019791666666813,25.25,12.386006282857046
1295.0,3.505,-1.026,3.5023958333333476,25.25,12.434256599309256
1300.0,3.505,-1.029,3.502812500000014,25.25,12.482436580023197
1305.0,3.505,-1.029,3.50322916666668,25.25,12.530686896475403
1310.0,3.505,-1.028,3.5036458333333464,25.25,12.578913767681524
1315.0,3.505,-1.0310000000000001,3.5040625000000127,25.25,12.627187529379825
1320.0,3.505,-1.0310000000000001,3.5043750000000102,25.25,12.675531626816392
1325.0,3.5075,-1.028,3.5047916666666765,25.25,12.72380538851469
1330.0,3.5075,-1.029,3.505208333333343,25.25,12.772032259720808
1335.0,3.51,-1.028,3.5058333333333374,25.25,12.820259130926924
1340.0,3.51,-1.032,3.5062500000000036,25.25,12.868556337871315
1345.0,3.51,-1.03,3.50666666666667,25.25,12.916900435307882
1350.0,3.51,-1.03,3.507083333333336,25.25,12.96519764225227
1355.0,3.51,-1.028,3.5075000000000025,25.25,13.01344795870448
1360.0,3.51,-1.028,3.507916666666669,25.25,13.061651384664511
1365.0,3.51,-1.0310000000000001,3.508333333333335,25.25,13.10992514636281
1370.0,3.51,-1.028,3.5087500000000014,25.25,13.158198908061108
1375.0,3.51,-1.03,3.5091666666666677,25.25,13.206449224513317
1380.0,3.51,-1.033,3.509583333333334,25.25,13.254816767195976
1385.0,3.51,-1.03,3.5097916666666626,25.25,13.303184309878633
1390.0,3.5124999999999997,-1.03,3.510208333333329,25.25,13.351481516823021
1395.0,3.5124999999999997,-1.029,3.5104166666666665,25.25,13.399755278521319
1400.0,3.5124999999999997,-1.03,3.5106250000000045,25.25,13.44802904021962
1405.0,3.5124999999999997,-1.026,3.5108333333333426,25.25,13.49623246617965
1410.0,3.5149999999999997,-1.03,3.511250000000009,25.25,13.544435892139681
1415.0,3.5149999999999997,-1.028,3.511666666666675,25.25,13.59268620859189
1420.0,3.5149999999999997,-1.03,3.5120833333333414,25.25,13.640936525044097
1425.0,3.5149999999999997,-1.028,3.5125000000000077,25.25,13.689186841496307
1430.0,3.5149999999999997,-1.032,3.512916666666674,25.25,13.737484048440695
1435.0,3.5149999999999997,-1.026,3.5133333333333403,25.25,13.785734364892905
1440.0,3.5174999999999996,-1.029,3.513958333333344,25.25,13.833914345606846
1445.0,3.5174999999999996,-1.028,3.5145833333333485,25.25,13.882141216812965
1450.0,3.5174999999999996,-1.028,3.515000000000015,25.25,13.930344642772996
1455.0,3.51875,-1.0265,3.5155208333333405,25.25,13.97851290086389
1460.0,3.5199999999999996,-1.028,3.516145833333335,25.25,14.026681158954787
1465.0,3.5199999999999996,-1.028,3.51677083333333,25.25,14.074884584914818
1470.0,3.5199999999999996,-1.0310000000000001,3.5171874999999964,25.25,14.123158346613119
1475.0,3.5199999999999996,-1.028,3.5176041666666626,25.25,14.171432108311416
1480.0,3.5199999999999996,-1.028,3.518020833333329,25.25,14.219635534271447
1485.0,3.5199999999999996,-1.028,3.518437499999995,25.25,14.267838960231478
1490.0,3.5199999999999996,-1.026,3.5188541666666615,25.25,14.31599549569933
1495.0,3.5199999999999996,-1.026,3.519270833333328,25.25,14.364105140675
1500.0,3.5199999999999996,-1.028,3.519479166666656,25.25,14.412261676142855
1505.0,3.5199999999999996,-1.03,3.5196874999999843,25.25,14.460511992595062
1510.0,3.5199999999999996,-1.028,3.519895833333313,25.25,14.50876230904727
1515.0,3.5199999999999996,-1.032,3.519999999999982,25.25,14.55705951599166
1520.0,3.5224999999999995,-1.028,3.52020833333332,25.25,14.605356722936047
1525.0,3.5224999999999995,-1.028,3.5204166666666574,25.25,14.65356014889608
1530.0,3.5237499999999997,-1.03,3.5207291666666642,25.25,14.70181046534829
1535.0,3.525,-1.028,3.5211458333333403,25.25,14.750060781800498
1540.0,3.525,-1.026,3.521562500000016,25.25,14.798217317268348
1545.0,3.525,-1.03,3.5219791666666915,25.25,14.846420743228379
1550.0,3.525,-1.028,3.5223958333333676,25.25,14.894671059680586
1555.0,3.525,-1.023,3.522812500000043,25.25,14.942757259410172
1560.0,3.5275,-1.03,3.5234375000000377,25.25,14.990890349631933
1565.0,3.5275,-1.03,3.5240625000000327,25.25,15.03918755657632
1570.0,3.5275,-1.028,3.5246875000000273,25.25,15.08743787302853
1575.0,3.5249999999999995,-1.028,3.525104166666703,25.25,15.135641298988562
1580.0,3.5275,-1.023,3.52552083333336,25.25,15.183727498718143
1585.0,3.53,-1.026,3.5261458333333544,25.25,15.231766807955546
1590.0,3.53,-1.028,3.52666666666668,25.25,15.279923343423397
1595.0,3.53,-1.028,3.527083333333337,25.25,15.328126769383429
1600.0,3.53,-1.03,3.527499999999994,25.25,15.376377085835639
1605.0,3.53,-1.028,3.5279166666666506,25.19,15.424627402287847
1610.0,3.53,-1.028,3.5283333333333076,25.19,15.472830828247877
1615.0,3.53,-1.026,3.5287499999999645,25.19,15.520987363715728
1620.0,3.5324999999999998,-1.03,3.52916666666664,25.19,15.569190789675758
1625.0,3.5324999999999998,-1.0245,3.5295833333333158,25.19,15.617359047766655
1630.0,3.5324999999999998,-1.026,3.529999999999992,25.19,15.665433524873192
1635.0,3.5324999999999998,-1.028,3.5306249999999864,25.19,15.713590060341042
1640.0,3.53125,-1.0270000000000001,3.530937499999993,25.19,15.761770041054984
1645.0,3.5324999999999998,-1.028,3.531145833333331,25.19,15.809950021768927
1650.0,3.5324999999999998,-1.028,3.531354166666669,25.19,15.858153447728956
1655.0,3.535,-1.029,3.531770833333345,25.25,15.906380318935076
1660.0,3.535,-1.028,3.5321875000000205,25.25,15.954607190141196
1665.0,3.5325,-1.029,3.5323958333333585,25.25,16.00283406134731
1670.0,3.5374999999999996,-1.026,3.533020833333353,25.25,16.051014042061254
1675.0,3.535,-1.028,3.5334375000000287,25.25,16.099170577529105
1680.0,3.53375,-1.0245,3.533541666666698,25.25,16.14729194512782
1685.0,3.5374999999999996,-1.0270000000000001,3.5339583333333544,25.25,16.19538986748045
1690.0,3.5374999999999996,-1.03,3.5343750000000114,25.25,16.243616738686566
1695.0,3.54,-1.0270000000000001,3.535000000000006,25.25,16.291843609892688
1700.0,3.54,-1.0245,3.5357291666666697,25.25,16.339941532245312
1705.0,3.535,-1.026,3.5359375000000077,25.25,16.38801600935185
1710.0,3.54,-1.028,3.5365625000000023,25.25,16.436172544819705
1715.0,3.54,-1.0270000000000001,3.5369791666666592,25.25,16.484352525533644
1720.0,3.54,-1.03,3.5373958333333158,25.25,16.532579396739763
1725.0,3.54,-1.03,3.5380208333333107,25.25,16.580876603684153
1730.0,3.54,-1.028,3.5382291666666483,25.28,16.62912692013636
1735.0,3.5425000000000004,-1.026,3.5388541666666433,25.25,16.67728345560421
1740.0,3.5412500000000002,-1.0270000000000001,3.539479166666638,25.31,16.725416545825972
1745.0,3.5425000000000004,-1.028,3.5398958333333135,25.31,16.77359652653991
1750.0,3.5425000000000004,-1.028,3.5403124999999895,25.31,16.821799952499944
1755.0,3.5425000000000004,-1.028,3.540520833333327,25.31,16.870003378459973
1760.0,3.54375,-1.0245,3.540833333333334,25.31,16.91812474605869
1765.0,3.54,-1.026,3.541249999999991,25.31,16.96619922316523
1770.0,3.5475000000000003,-1.026,3.5418749999999855,25.31,17.014308868140905
1775.0,3.5475000000000003,-1.029,3.5424999999999804,25.31,17.062488848854844
1780.0,3.5475000000000003,-1.028,3.543124999999975,25.31,17.110715720060963
1785.0,3.5475000000000003,-1.03,3.5437499999999695,25.31,17.15896603651317
1790.0,3.54875,-1.03,3.5444791666666333,25.31,17.20726324345756
1795.0,3.55,-1.028,3.545104166666628,25.31,17.25551355990977
1800.0,3.55,-1.028,3.5458333333332916,25.37,17.303716985869798
1805.0,3.55,-1.028,3.546458333333286,25.31,17.35192041182983
1810.0,3.55,-1.026,3.547083333333281,25.31,17.400076947297684
1815.0,3.55,-1.028,3.5477083333332757,25.37,17.44823348276553
1820.0,3.55,-1.0270000000000001,3.5482291666666015,25.34,17.496413463479474
1825.0,3.55,-1.028,3.549062499999934,25.31,17.544593444193417
1830.0,3.5525,-1.03,3.5494791666666097,25.37,17.592843760645625
1835.0,3.5525,-1.0245,3.5498958333332857,25.37,17.64101201873652
1840.0,3.5525,-1.026,3.5503124999999613,25.37,17.689086495843057
1845.0,3.5500000000000003,-1.028,3.5505208333332994,25.37,17.73724303131091
1850.0,3.5525,-1.029,3.550833333333306,25.37,17.78546990251703
1855.0,3.5525,-1.03,3.551041666666644,25.37,17.833743664215326
1860.0,3.5525,-1.03,3.551249999999982,25.37,17.882040871159717
1865.0,3.5562500000000004,-1.0310000000000001,3.5517708333333267,25.37,17.930361523350193
1870.0,3.5500000000000003,-1.032,3.5517708333333267,25.37,17.978729066032848
1875.0,3.5575,-1.026,3.552395833333321,25.37,18.02697938248506
1880.0,3.5575,-1.029,3.5530208333333158,25.37,18.075159363199
1885.0,3.5575,-1.028,3.5536458333333107,25.37,18.123386234405118
1890.0,3.56,-1.026,3.5542708333333053,25.37,18.17154276987297
1895.0,3.56,-1.03,3.5548958333333,25.37,18.219746195833
1900.0,3.56,-1.028,3.555520833333295,25.44,18.267996512285208
1905.0,3.555,-1.028,3.5559374999999704,25.44,18.31619993824524
1910.0,3.56,-1.0270000000000001,3.556562499999965,25.44,18.36437991895918
1915.0,3.56,-1.03,3.55718749999996,25.44,18.4126067901653
1920.0,3.56,-1.026,3.5578124999999545,25.44,18.46081021612533
1925.0,3.5625,-1.029,3.5583333333332803,25.44,18.50899019683927
1930.0,3.5625,-1.028,3.559374999999951,25.44,18.55721706804539
1935.0,3.5625,-1.028,3.5597916666666265,25.44,18.605420494005422
1940.0,3.5625,-1.028,3.560208333333302,25.44,18.65362391996545
1945.0,3.5625,-1.028,3.560624999999978,25.44,18.70182734592548
1950.0,3.5625,-1.028,3.5608333333333158,25.44,18.750030771885516
1955.0,3.5637499999999998,-1.03,3.5611458333333226,25.44,18.798281088337724
1960.0,3.565,-1.028,3.5615624999999986,25.44,18.846531404789932
1965.0,3.5675,-1.028,3.562604166666669,25.44,18.89473483074996
1970.0,3.5675,-1.026,3.5632291666666824,25.44,18.94289136621781
1975.0,3.5675,-1.023,3.563854166666696,25.44,18.990930675455218
1980.0,3.5700000000000003,-1.03,3.5646875000000287,25.44,19.03906376567698
1985.0,3.5700000000000003,-1.03,3.5653125000000236,25.44,19.08736097262137
1990.0,3.5700000000000003,-1.03,3.565937500000018,25.44,19.135658179565755
1995.0,3.5700000000000003,-1.026,3.5665625000000127,25.44,19.183861605525788
2000.0,3.5675,-1.028,3.566979166666689,25.47,19.232018140993638
2005.0,3.5700000000000003,-1.0245,3.5676041666666833,25.5,19.280139508592356
2010.0,3.5700000000000003,-1.028,3.568229166666678,25.5,19.32826087619107
2015.0,3.57125,-1.033,3.568854166666673,25.5,19.37658152838155
2020.0,3.5725000000000002,-1.03,3.5694791666666674,25.5,19.424949071064205
2025.0,3.5725000000000002,-1.032,3.5698958333333244,25.5,19.473293168500774
2030.0,3.5725000000000002,-1.028,3.570312499999981,25.5,19.521590375445165
2035.0,3.5725000000000002,-1.0310000000000001,3.570729166666638,25.5,19.569864137143462
2040.0,3.5725000000000002,-1.028,3.570937499999976,25.5,19.61813789884176
2045.0,3.5725,-1.029,3.5711458333333135,25.5,19.666364770047878
2050.0,3.57375,-1.03,3.5714583333333203,25.5,19.71463853174618
2055.0,3.5775,-1.032,3.572083333333334,25.5,19.762982629182744
2060.0,3.57375,-1.029,3.5726041666666597,25.5,19.811303281373227
2065.0,3.5787500000000003,-1.028,3.5733333333333235,25.5,19.859530152579342
2070.0,3.575,-1.032,3.573749999999999,25.56,19.907827359523733
2075.0,3.58,-1.029,3.574479166666663,25.5,19.956148011714212
2080.0,3.58,-1.029,3.5751041666666574,25.53,20.00439832816642
2085.0,3.58,-1.03,3.5757291666666524,25.5,20.05267208986472
2090.0,3.58,-1.03,3.576354166666647,25.53,20.100969296809108
2095.0,3.5825,-1.028,3.5771874999999795,25.56,20.14921961326132
2100.0,3.58,-1.032,3.577812499999974,25.56,20.197516820205706
2105.0,3.5825,-1.034,3.5786458333333067,25.56,20.24595469862663
2110.0,3.5825,-1.0310000000000001,3.5793749999999704,25.56,20.294369131801464
2115.0,3.5825,-1.032,3.5797916666666274,25.56,20.342736674484122
2120.0,3.5825,-1.03,3.5805208333332907,25.56,20.391080771920688
2125.0,3.5825,-1.0310000000000001,3.5808333333332976,25.56,20.43940142411117
2130.0,3.5825,-1.034,3.5814583333332926,25.56,20.487815857286005
2135.0,3.5825,-1.033,3.58166666666663,25.56,20.536277180953018
2140.0,3.5825,-1.03,3.581874999999968,25.56,20.584644723635673
2145.0,3.5875,-1.03,3.582499999999982,25.56,20.632941930580063
2150.0,3.5875,-1.03,3.5831249999999955,25.56,20.68123913752445
2155.0,3.585,-1.029,3.5833333333333335,25.56,20.729512899222748
2160.0,3.59,-1.028,3.584166666666666,25.56,20.77773977042887
2165.0,3.59,-1.032,3.5847916666666606,25.56,20.826036977373256
2170.0,3.59,-1.03,3.585416666666655,25.56,20.87438107480983
2175.0,3.59,-1.032,3.58604166666665,25.56,20.922725172246395
2180.0,3.59,-1.03,3.5866666666666447,25.56,20.971069269682964
2185.0,3.59,-1.0310000000000001,3.5872916666666392,25.56,21.019389921873444
2190.0,3.59,-1.028,3.5879166666666342,25.62,21.06766368357174
2195.0,3.5925,-1.028,3.588749999999967,25.56,21.11586710953177
2200.0,3.5925,-1.03,3.5895833333332994,25.59,21.16411742598398
2205.0,3.5925,-1.03,3.589999999999956,25.62,21.21241463292837
2210.0,3.5925,-1.032,3.590416666666613,25.62,21.260758730364937
2215.0,3.5925,-1.0310000000000001,3.5910416666666074,25.62,21.309126273047593
2220.0,3.59,-1.032,3.5910416666666074,25.62,21.357493815730248
2225.0,3.5925,-1.032,3.5912499999999454,25.62,21.405884803658992
2230.0,3.5925,-1.03,3.5914583333332835,25.62,21.45422890109556
2235.0,3.5925,-1.03,3.591666666666621,25.62,21.502526108039948
2240.0,3.5949999999999998,-1.032,3.592083333333297,25.62,21.550870205476517
2245.0,3.5974999999999997,-1.029,3.5927083333333107,25.62,21.599190857666997
2250.0,3.5925,-1.03,3.5929166666666483,25.62,21.647464619365298
2255.0,3.5999999999999996,-1.026,3.5935416666666433,25.62,21.695668045325327
2260.0,3.5999999999999996,-1.0350000000000001,3.594166666666638,25.59,21.743988697515803
2265.0,3.5999999999999996,-1.03,3.5947916666666324,25.62,21.79240313069064
2270.0,3.5999999999999996,-1.034,3.5954166666666274,25.62,21.84079411861938
2275.0,3.5999999999999996,-1.032,3.596041666666622,25.62,21.88923199704031
2280.0,3.5999999999999996,-1.032,3.5968749999999545,25.62,21.937622984969053
2285.0,3.5999999999999996,-1.03,3.597499999999949,25.62,21.985967082405622
2290.0,3.6024999999999996,-1.0310000000000001,3.5983333333332816,25.59,22.0342877345961
2295.0,3.6024999999999996,-1.03,3.5991666666666142,25.56,22.082608386786582
2300.0,3.6024999999999996,-1.034,3.599791666666609,25.56,22.130999374715323
2305.0,3.6024999999999996,-1.0310000000000001,3.6002083333332657,25.56,22.17941380789016
2310.0,3.6024999999999996,-1.03,3.6010416666665983,25.56,22.22773446008064
2315.0,3.6024999999999996,-1.034,3.6012499999999363,25.56,22.276125448009385
2320.0,3.6024999999999996,-1.0310000000000001,3.6014583333332744,25.56,22.32453988118422
2325.0,3.6024999999999996,-1.028,3.601666666666612,25.56,22.372813642882516
2330.0,3.6024999999999996,-1.032,3.60187499999995,25.56,22.421110849826906
2335.0,3.6024999999999996,-1.03,3.602083333333288,25.56,22.469454947263475
2340.0,3.6075,-1.032,3.6027083333333016,25.56,22.517799044700045
2345.0,3.6075,-1.03,3.6033333333333153,25.56,22.566143142136614
2350.0,3.6075,-1.029,3.603749999999991,25.56,22.61441690383491
2355.0,3.6075,-1.032,3.6041666666666665,25.56,22.66273755602539
2360.0,3.61,-1.03,3.6047916666666615,25.56,22.71108165346196
2365.0,3.6125,-1.028,3.605624999999994,25.56,22.759331969914168
2370.0,3.6125,-1.032,3.6064583333333267,25.56,22.80762917685856
2375.0,3.6125,-1.03,3.6072916666666592,25.56,22.855973274295128
2380.0,3.6125,-1.028,3.608124999999992,25.5,22.904223590747335
2385.0,3.6125,-1.03,3.6089583333333244,25.5,22.952473907199543
2390.0,3.6125,-1.03,3.609791666666657,25.5,23.000771114143934
2395.0,3.6125,-1.03,3.6106249999999895,25.5,23.049068321088324
2400.0,3.6125,-1.034,3.611041666666646,25.5,23.09745930901707
2405.0,3.6125,-1.03,3.611458333333303,25.5,23.14585029694581
2410.0,3.6125,-1.03,3.61187499999996,25.5,23.1941475038902
2415.0,3.6125,-1.0310000000000001,3.6122916666666165,25.5,23.24246815608068
2420.0,3.6125,-1.034,3.6124999999999545,25.5,23.290882589255517
2425.0,3.6125,-1.03,3.6124999999999545,25.5,23.339273577184258
2430.0,3.61375,-1.029,3.6126041666666233,25.5,23.38754733888256
2435.0,3.615,-1.028,3.6128124999999613,25.5,23.435774210088677
2440.0,3.6174999999999997,-1.029,3.613229166666637,25.47,23.484001081294796
2445.0,3.6174999999999997,-1.03,3.613645833333313,25.47,23.532274842993097
2450.0,3.62,-1.032,3.6142708333333076,25.44,23.580618940429662
2455.0,3.61875,-1.028,3.6147916666666524,25.44,23.628916147374053
2460.0,3.62125,-1.03,3.6155208333333158,25.44,23.67716646382626
2465.0,3.6224999999999996,-1.03,3.6163541666666483,25.44,23.72546367077065
2470.0,3.6224999999999996,-1.028,3.617187499999981,25.44,23.77371398722286
2475.0,3.6224999999999996,-1.0310000000000001,3.6180208333333135,25.44,23.82198774892116
2480.0,3.6224999999999996,-1.032,3.618854166666646,25.44,23.87035529160381
2485.0,3.6224999999999996,-1.028,3.6196874999999786,25.44,23.9186524985482
2490.0,3.6224999999999996,-1.0310000000000001,3.6204166666666424,25.44,23.966926260246503
2495.0,3.6224999999999996,-1.03,3.621041666666637,25.44,24.01524691243698
2500.0,3.6224999999999996,-1.028,3.621458333333294,25.44,24.06349722888919
2505.0,3.6224999999999996,-1.029,3.621874999999951,25.405,24.11172410009531
2510.0,3.6224999999999996,-1.03,3.6220833333332885,25.37,24.159997861793606
2515.0,3.6224999999999996,-1.0270000000000001,3.6223958333332766,25.405,24.208224732999724
2520.0,3.6224999999999996,-1.028,3.6224999999999454,25.37,24.256404713713664
2525.0,3.625,-1.026,3.6227083333332835,25.37,24.304561249181518
2530.0,3.6275000000000004,-1.028,3.623124999999959,25.37,24.352717784649368
2535.0,3.6275000000000004,-1.028,3.6235416666666347,25.37,24.4009212106094
2540.0,3.6275000000000004,-1.028,3.6239583333333107,25.37,24.449124636569426
2545.0,3.6300000000000003,-1.034,3.6245833333333244,25.37,24.497468734006
2550.0,3.63125,-1.032,3.6253124999999877,25.37,24.545906612426922
2555.0,3.6325000000000003,-1.023,3.6261458333333203,25.37,24.594086593140858
2560.0,3.6325000000000003,-1.032,3.626979166666653,25.37,24.642266573854798
2565.0,3.6325000000000003,-1.028,3.6278124999999855,25.37,24.690563780799188
2570.0,3.6325000000000003,-1.03,3.628645833333318,25.37,24.738814097251396
2575.0,3.6325000000000003,-1.03,3.6294791666666506,25.37,24.787111304195786
2580.0,3.6325000000000003,-1.028,3.630312499999983,25.34,24.835361620647994
2585.0,3.6325000000000003,-1.026,3.630937499999978,25.37,24.883518156115848
2590.0,3.6325000000000003,-1.028,3.6313541666666347,25.31,24.931674691583698
2595.0,3.6325000000000003,-1.03,3.6317708333332916,25.31,24.97992500803591
2600.0,3.6325000000000003,-1.028,3.6321874999999486,25.31,25.028175324488117
2605.0,3.6325000000000003,-1.028,3.6323958333332675,25.31,25.076378750448146
2610.0,3.6325000000000003,-1.03,3.6324999999999363,25.31,25.124629066900354
2615.0,3.6325000000000003,-1.032,3.6324999999999363,25.31,25.172973164336927
2620.0,3.6325000000000003,-1.028,3.6324999999999363,25.31,25.221270371281314
2625.0,3.6325000000000003,-1.033,3.6324999999999363,25.31,25.269591023471794
2630.0,3.6350000000000002,-1.032,3.6327083333332744,25.31,25.318005456646624
2635.0,3.6375,-1.028,3.63312499999995,25.31,25.366302663591018
2640.0,3.6375,-1.029,3.6335416666666256,25.31,25.414529534797136
2645.0,3.6375,-1.028,3.6339583333333016,25.31,25.462756406003255
2650.0,3.64,-1.028,3.6345833333333153,25.31,25.51095983196328
2655.0,3.64,-1.026,3.635208333333329,25.31,25.559116367431134
2660.0,3.6425,-1.032,3.6360416666666615,25.31,25.607366683883342
2665.0,3.6425,-1.03,3.636874999999994,25.31,25.65571078131991
2670.0,3.6425,-1.028,3.6377083333333267,25.31,25.703961097772122
2675.0,3.6425,-1.028,3.6385416666666592,25.31,25.75216452373215
2680.0,3.6425,-1.03,3.639374999999992,25.31,25.80041484018436
2685.0,3.6425,-1.0245,3.6402083333333244,25.31,25.848583098275256
2690.0,3.6425,-1.028,3.640833333333319,25.31,25.89670446587397
2695.0,3.6425,-1.026,3.641249999999976,25.25,25.944861001341824
2700.0,3.6425,-1.0270000000000001,3.6416666666666324,25.28,25.992994091563588
2705.0,3.6425,-1.026,3.6420833333332894,25.25,26.04112718178535
2710.0,3.6425,-1.03,3.6422916666666083,25.25,26.08933060774538
2715.0,3.6425,-1.0255,3.6424999999999272,25.25,26.137522311082368
2720.0,3.6425,-1.026,3.6424999999999272,25.25,26.185620233434992
2725.0,3.6425,-1.03,3.6424999999999272,25.25,26.23382365939502
2730.0,3.6425,-1.0245,3.6424999999999272,25.25,26.281991917485914
2735.0,3.6425,-1.028,3.6424999999999272,25.25,26.330113285084632
2740.0,3.645,-1.028,3.6427083333332653,25.25,26.378316711044665
2745.0,3.645,-1.0255,3.642916666666603,25.25,26.426461523889465
2750.0,3.6475000000000004,-1.026,3.643333333333279,25.25,26.47455944624209
2755.0,3.6475000000000004,-1.021,3.6437499999999545,25.25,26.522551864987314
2760.0,3.6487500000000006,-1.0255,3.6442708333332994,25.25,26.570532561109495
2765.0,3.6500000000000004,-1.0270000000000001,3.644895833333313,25.25,26.618653928708213
2770.0,3.65,-1.023,3.6455208333333267,25.25,26.666716683191705
2775.0,3.65125,-1.0255,3.64624999999999,25.25,26.71474426980607
2780.0,3.6525,-1.026,3.6470833333333226,25.19,26.762842192158693
2785.0,3.6525,-1.03,3.647916666666655,25.19,26.81104561811872
2790.0,3.6525,-1.0245,3.6487499999999877,25.19,26.859213876209616
2795.0,3.6525,-1.026,3.6495833333333203,25.22,26.90728835331615
2800.0,3.6525,-1.026,3.6502083333333153,25.19,26.955397998291826
2805.0,3.6525,-1.0245,3.65083333333331,25.22,27.00347247539836
2810.0,3.6525,-1.0270000000000001,3.651249999999967,25.19,27.051570397750986
2815.0,3.6525,-1.026,3.6516666666666233,25.19,27.099703487972747
2820.0,3.6525,-1.0255,3.6519791666666115,25.19,27.14780141032537
2825.0,3.6525,-1.023,3.6521874999999304,25.19,27.195828996939735
2830.0,3.6525,-1.023,3.6523958333332494,25.19,27.243797970438866
2835.0,3.6525,-1.0255,3.652499999999918,25.19,27.29182555705323
2840.0,3.6525,-1.0245,3.652499999999918,25.19,27.33988831153672
2845.0,3.6525,-1.026,3.652499999999918,25.19,27.387962788643254
2850.0,3.6525,-1.0270000000000001,3.652499999999918,25.19,27.436095878865018
2855.0,3.6525,-1.0245,3.652499999999918,25.19,27.484193801217643
2860.0,3.6550000000000002,-1.026,3.652708333333256,25.19,27.532268278324185
2865.0,3.6550000000000002,-1.023,3.6529166666665938,25.19,27.580307587561588
2870.0,3.6550000000000002,-1.0245,3.653124999999932,25.19,27.628311728929855
2875.0,3.6550000000000002,-1.026,3.65333333333327,25.19,27.67638620603639
2880.0,3.65625,-1.028,3.6536458333332766,25.19,27.724542741504244
2885.0,3.6574999999999998,-1.023,3.6540624999999523,25.19,27.77262894123383
2890.0,3.6574999999999998,-1.023,3.654479166666628,25.19,27.820597914732957
2895.0,3.6599999999999997,-1.0245,3.6551041666666415,25.19,27.868602056101228
2900.0,3.66125,-1.026,3.6558333333333244,25.155,27.916676533207767
2905.0,3.66,-1.028,3.656458333333338,25.19,27.96483306867562
2910.0,3.66125,-1.0245,3.6571875000000205,25.12,28.012954436274335
2915.0,3.6625,-1.028,3.658020833333353,25.12,28.06107580387305
2920.0,3.6625,-1.023,3.6586458333333476,25.19,28.109162003602634
2925.0,3.6625,-1.026,3.6592708333333426,25.12,28.157201312840037
2930.0,3.6625,-1.023,3.659895833333337,25.19,28.205240622077437
2935.0,3.6625,-1.026,3.6605208333333317,25.19,28.25327993131484
2940.0,3.6625,-1.026,3.6610416666666574,25.19,28.301389576290514
2945.0,3.6625,-1.0219999999999998,3.6614583333333144,25.19,28.349405440281828
2950.0,3.6625,-1.026,3.6618749999999713,25.19,28.39742130427314
2955.0,3.6625,-1.023,3.6620833333332903,25.19,28.44546061351054
2960.0,3.6625,-1.0270000000000001,3.66218749999994,25.19,28.49352336799404
2965.0,3.6625,-1.026,3.662395833333259,25.19,28.541656458215805
2970.0,3.6625,-1.026,3.662499999999909,25.19,28.589766103191472
2975.0,3.6625,-1.0245,3.662499999999909,25.19,28.637840580298008
2980.0,3.6625,-1.023,3.662499999999909,25.19,28.68584472166628
2985.0,3.6625,-1.026,3.662499999999909,25.19,28.733884030903685
2990.0,3.6625,-1.0270000000000001,3.662499999999909,25.19,28.78201712112545
2995.0,3.6625,-1.028,3.662499999999909,25.19,28.83019710183938
3000.0,3.665,-1.028,3.662708333333247,25.19,28.878400527799414
3005.0,3.66625,-1.023,3.6630208333332726,25.19,28.926486727528992
3010.0,3.665,-1.023,3.6632291666666106,25.19,28.97445570102813
3015.0,3.665,-1.03,3.6634374999999486,25.19,29.02258879124989
3020.0,3.665,-1.026,3.663645833333286,25.19,29.070792217209924
3025.0,3.665,-1.019,3.6638541666666242,25.25,29.11873774546297
3030.0,3.6675,-1.026,3.6642708333333,25.19,29.166683273716014
3035.0,3.6675,-1.0234999999999999,3.664687499999976,25.25,29.214734305576467
3040.0,3.6675,-1.026,3.6651041666666515,25.25,29.262785337436913
3045.0,3.6675,-1.023,3.665520833333327,25.25,29.310824646674316
3050.0,3.6675,-1.0270000000000001,3.665937500000003,25.22,29.358887401157812
3055.0,3.6725,-1.03,3.6667708333333544,25.25,29.407114272363934
3060.0,3.6725,-1.028,3.667395833333368,25.25,29.455364588816142
3065.0,3.6725,-1.0245,3.667916666666694,25.25,29.503485956414856
3070.0,3.67,-1.023,3.66833333333337,25.25,29.551490097783123
3075.0,3.6725,-1.021,3.6689583333333835,25.25,29.59941218079008
3080.0,3.6725,-1.0234999999999999,3.669583333333397,25.25,29.64734598642008
3085.0,3.6725,-1.023,3.670208333333411,25.25,29.695326682542262
3090.0,3.6725,-1.023,3.6706250000000864,25.25,29.743295656041397
3095.0,3.6725,-1.0219999999999998,3.671041666666762,25.25,29.791241184294442
3100.0,3.6725,-1.028,3.671458333333438,25.25,29.839303938777935
3105.0,3.6725,-1.026,3.6718750000001137,25.25,29.887460474245785
3110.0,3.6725,-1.0245,3.6722916666667893,25.25,29.93553495135232
3115.0,3.6725,-1.026,3.6722916666667893,25.25,29.983609428458855
3120.0,3.6725,-1.028,3.6722916666667893,25.25,30.03176596392671
3125.0,3.6725,-1.0245,3.6722916666667893,25.25,30.07988733152543
3130.0,3.6725,-1.026,3.6725000000001273,25.25,30.127961808631966
3135.0,3.6725,-1.021,3.6725000000001273,25.31,30.17595422737719
3140.0,3.6725,-1.0234999999999999,3.6725000000001273,25.25,30.223888033007185
3145.0,3.6725,-1.023,3.6725000000001273,25.31,30.27186872912937
3150.0,3.6725,-1.034,3.6725000000001273,25.31,30.320095600335485
3155.0,3.6725,-1.0270000000000001,3.6725000000001273,25.31,30.368416252525964
3160.0,3.67375,-1.026,3.6726041666667775,25.31,30.41654934274773
3165.0,3.675,-1.026,3.672812500000115,25.31,30.464658987723404
3170.0,3.675,-1.026,3.673020833333453,25.31,30.51276863269907
3175.0,3.6762499999999996,-1.0270000000000001,3.673333333333441,25.31,30.560901722920836
3180.0,3.675,-1.026,3.673541666666779,25.31,30.6090348131426
3185.0,3.6762499999999996,-1.0270000000000001,3.6738541666667666,25.31,30.657167903364364
3190.0,3.6774999999999998,-1.0234999999999999,3.6742708333334044,25.31,30.7052423804709
3195.0,3.6799999999999997,-1.023,3.6748958333333803,25.31,30.753223076593077
3200.0,3.6774999999999998,-1.0234999999999999,3.675312500000018,25.31,30.801203772715258
3205.0,3.6799999999999997,-1.028,3.675937499999994,25.34,30.849301695067883
3210.0,3.6799999999999997,-1.023,3.6765624999999695,25.31,30.89738789479747
3215.0,3.6774999999999998,-1.0245,3.6769791666666074,25.31,30.945392036165735
3220.0,3.6799999999999997,-1.0245,3.677499999999933,25.34,30.99343134540314
3225.0,3.6824999999999997,-1.028,3.678124999999909,25.37,31.041552713001856
3230.0,3.6812499999999995,-1.0270000000000001,3.678645833333235,25.37,31.089732693715792
3235.0,3.6824999999999997,-1.028,3.6791666666665606,25.37,31.137912674429735
3240.0,3.6824999999999997,-1.026,3.6797916666665365,25.37,31.18606920989759
3245.0,3.6824999999999997,-1.0265,3.680312499999862,25.37,31.2341905774963
3250.0,3.6824999999999997,-1.0270000000000001,3.680729166666538,25.37,31.28233539034111
3255.0,3.6824999999999997,-1.026,3.680937499999876,25.37,31.330468480562875
3260.0,3.6824999999999997,-1.028,3.6813541666665515,25.37,31.378625016030725
3265.0,3.6824999999999997,-1.0270000000000001,3.6815624999998895,25.37,31.42680499674466
3270.0,3.6824999999999997,-1.023,3.681770833333227,25.37,31.474867751228157
3275.0,3.6824999999999997,-1.028,3.682187499999903,25.37,31.52295395095774
3280.0,3.6824999999999997,-1.0245,3.6823958333332407,25.37,31.571075318556456
3285.0,3.6824999999999997,-1.026,3.6823958333332407,25.37,31.61914979566299
3290.0,3.6824999999999997,-1.03,3.682499999999891,25.37,31.667353221623017
3295.0,3.6824999999999997,-1.028,3.682499999999891,25.37,31.715603538075232
3300.0,3.6824999999999997,-1.032,3.682499999999891,25.44,31.76390074501962
3305.0,3.6824999999999997,-1.029,3.682499999999891,25.44,31.8122213972101
3310.0,3.6824999999999997,-1.0265,3.682499999999891,25.405,31.860413100547085
3315.0,3.6824999999999997,-1.026,3.682499999999891,25.44,31.9085344681458
3320.0,3.6824999999999997,-1.026,3.682499999999891,25.44,31.956644113121474
3325.0,3.6824999999999997,-1.028,3.682499999999891,25.44,32.004800648589324
3330.0,3.685,-1.028,3.682708333333229,25.44,32.05300407454935
3335.0,3.685,-1.026,3.6829166666665665,25.44,32.10116061001721
3340.0,3.6875,-1.028,3.6833333333332425,25.44,32.149317145485064
3345.0,3.6875,-1.026,3.683749999999918,25.44,32.19747368095292
3350.0,3.685,-1.03,3.683958333333256,25.44,32.24567710691294
3355.0,3.6875,-1.0270000000000001,3.684374999999932,25.44,32.29390397811906
3360.0,3.6900000000000004,-1.028,3.6849999999999454,25.44,32.342083958833
3365.0,3.6875,-1.03,3.685416666666621,25.44,32.39033427528521
3370.0,3.6900000000000004,-1.028,3.6860416666666347,25.44,32.43858459173742
3375.0,3.6875,-1.03,3.6864583333333107,25.5,32.48683490818963
3380.0,3.6875,-1.032,3.6868749999999864,25.5,32.5351790056262
3385.0,3.69,-1.03,3.6875,25.47,32.58352310306277
3390.0,3.69,-1.026,3.6879166666666756,25.5,32.63172652902279
3395.0,3.69,-1.023,3.6883333333333517,25.5,32.679765838260195
3400.0,3.6925,-1.026,3.6887500000000273,25.47,32.727805147497605
3405.0,3.6925,-1.028,3.689166666666703,25.5,32.77596168296545
3410.0,3.6925,-1.03,3.6897916666667165,25.5,32.82421199941766
3415.0,3.6925,-1.029,3.6902083333333926,25.5,32.87248576111596
3420.0,3.6925,-1.026,3.69041666666673,25.5,32.92066574182989
3425.0,3.6925,-1.03,3.6908333333334062,25.5,32.968869167789926
3430.0,3.6925,-1.029,3.691041666666744,25.5,33.01714292948822
3435.0,3.6925,-1.028,3.69145833333342,25.5,33.06536980069434
3440.0,3.6925,-1.028,3.6918750000000955,25.5,33.113573226654374
3445.0,3.6925,-1.03,3.6920833333334335,25.56,33.161823543106586
3450.0,3.6925,-1.032,3.692291666666771,25.56,33.210167640543155
3455.0,3.6925,-1.03,3.692500000000109,25.5,33.258511737979724
3460.0,3.6925,-1.023,3.692500000000109,25.53,33.306644828201485
3465.0,3.6925,-1.032,3.692500000000109,25.56,33.354824808915424
3470.0,3.6925,-1.028,3.692500000000109,25.5,33.40312201585981
3475.0,3.6925,-1.0310000000000001,3.692500000000109,25.5,33.45139577755811
3480.0,3.6925,-1.028,3.692500000000109,25.5,33.49966953925641
3485.0,3.6925,-1.03,3.692500000000109,25.56,33.54791985570862
3490.0,3.6925,-1.028,3.692500000000109,25.56,33.596170172160825
3495.0,3.6950000000000003,-1.034,3.692708333333447,25.56,33.644514269597394
3500.0,3.6950000000000003,-1.026,3.6929166666667848,25.5,33.692811476541785
3505.0,3.69625,-1.028,3.693229166666773,25.5,33.74096801200964
3510.0,3.6950000000000003,-1.028,3.6934375000001105,25.5,33.78917143796967
3515.0,3.6950000000000003,-1.03,3.6936458333334485,25.5,33.837421754421875
3520.0,3.69625,-1.029,3.6939583333334363,25.5,33.88569551612017
3525.0,3.6975,-1.028,3.6943750000001123,25.5,33.93392238732629
3530.0,3.6975,-1.028,3.694791666666788,25.5,33.98212581328632
3535.0,3.6975,-1.028,3.6952083333334635,25.5,34.03032923924635
3540.0,3.7,-1.028,3.6958333333334394,25.5,34.07853266520638
3545.0,3.7025000000000006,-1.028,3.696666666666753,25.5,34.12673609116641
3550.0,3.7025000000000006,-1.029,3.697500000000067,25.5,34.17496296237253
3555.0,3.7025000000000006,-1.0270000000000001,3.6981250000000423,25.5,34.22316638833255
3560.0,3.7025000000000006,-1.026,3.698750000000018,25.5,34.27129947855432
3565.0,3.7025000000000006,-1.029,3.699270833333344,25.5,34.31947945926826
3570.0,3.7025000000000006,-1.0265,3.69989583333332,25.5,34.36767116260525
3575.0,3.7025000000000006,-1.028,3.7005208333332953,25.5,34.415839420696145
3580.0,3.7025000000000006,-1.028,3.701041666666621,25.5,34.46404284665617
3585.0,3.7025000000000006,-1.032,3.701458333333259,25.5,34.51234005360056
3590.0,3.7025000000000006,-1.026,3.7018749999998968,25.5,34.560590370052765
3595.0,3.7025000000000006,-1.0310000000000001,3.7022916666665346,25.5,34.60881724125889
3600.0,3.7025000000000006,-1.029,3.7024999999998727,25.5,34.657114448203274
3605.0,3.7025000000000006,-1.03,3.7024999999998727,25.5,34.70538820990157
3610.0,3.7025000000000006,-1.029,3.7024999999998727,25.5,34.753661971599875
3615.0,3.7025000000000006,-1.029,3.7024999999998727,25.5,34.80191228805209
3620.0,3.7025000000000006,-1.026,3.7024999999998727,25.5,34.85009226876602
3625.0,3.7025000000000006,-1.028,3.7024999999998727,25.5,34.89824880423387
3630.0,3.7025000000000006,-1.0270000000000001,3.7024999999998727,25.5,34.94642878494781
3635.0,3.7025000000000006,-1.026,3.7024999999998727,25.5,34.99456187516958
3640.0,3.7025000000000006,-1.029,3.7024999999998727,25.5,35.04274185588351
3645.0,3.7025000000000006,-1.023,3.7024999999998727,25.5,35.09085150085919
3650.0,3.7025000000000006,-1.026,3.7024999999998727,25.5,35.13889081009659
3655.0,3.705,-1.0265,3.7027083333332107,25.5,35.1870121776953
3660.0,3.7075000000000005,-1.028,3.7031249999998863,25.5,35.2351804357862
3665.0,3.705,-1.028,3.7033333333332243,25.5,35.28338386174623
3670.0,3.7075000000000005,-1.0270000000000001,3.7037499999999,25.53,35.33156384246017
3675.0,3.7100000000000004,-1.0270000000000001,3.7043749999999136,25.53,35.37972037792802
3680.0,3.7100000000000004,-1.026,3.7049999999999272,25.56,35.427853468149785
3685.0,3.7100000000000004,-1.0270000000000001,3.705624999999941,25.56,35.475986558371545
3690.0,3.7100000000000004,-1.03,3.7062499999999545,25.56,35.524213429577664
3695.0,3.7125000000000004,-1.03,3.707083333333306,25.56,35.57251063652206
3700.0,3.7125000000000004,-1.023,3.7079166666666574,25.56,35.620643726743815
3705.0,3.7125000000000004,-1.0265,3.708750000000009,25.53,35.66869475860427
3710.0,3.7125000000000004,-1.03,3.7095833333333608,25.5,35.71690990718734
3715.0,3.7125000000000004,-1.028,3.7102083333333744,25.56,35.765160223639555
3720.0,3.7125000000000004,-1.0270000000000001,3.71062500000005,25.5,35.813340204353494
3725.0,3.7125000000000004,-1.026,3.7112500000000637,25.56,35.861473294575255
3730.0,3.7125000000000004,-1.026,3.7116666666667393,25.5,35.90958293955093
3735.0,3.7125000000000004,-1.0270000000000001,3.7118750000000773,25.5,35.95771602977269
3740.0,3.7125000000000004,-1.026,3.7120833333334153,25.5,36.00584911999445
3745.0,3.7125000000000004,-1.028,3.712291666666753,25.5,36.054005655462305
3750.0,3.7125000000000004,-1.028,3.712500000000091,25.5,36.10220908142234
3755.0,3.7125000000000004,-1.023,3.712500000000091,25.5,36.15029528115192
3760.0,3.7125000000000004,-1.023,3.712500000000091,25.5,36.19826425465105
3765.0,3.7125000000000004,-1.0270000000000001,3.712500000000091,25.5,36.246327009134546
3770.0,3.7125000000000004,-1.028,3.712500000000091,25.5,36.294506989848486
3775.0,3.7125000000000004,-1.028,3.712500000000091,25.5,36.34271041580852
3780.0,3.7125000000000004,-1.029,3.712500000000091,25.5,36.39093728701464
3785.0,3.7125000000000004,-1.03,3.712500000000091,25.5,36.439211048712934
3790.0,3.7125000000000004,-1.028,3.712500000000091,25.5,36.48746136516514
3795.0,3.7125000000000004,-1.029,3.712500000000091,25.5,36.535688236371264
3800.0,3.7175000000000002,-1.03,3.7129166666667666,25.5,36.58396199806956
3805.0,3.7175000000000002,-1.026,3.7133333333334426,25.5,36.63216542402959
3810.0,3.7150000000000003,-1.028,3.71354166666678,25.5,36.68032195949744
3815.0,3.7150000000000003,-1.028,3.7137500000001182,25.5,36.728525385457466
3820.0,3.7150000000000003,-1.026,3.7139583333334563,25.5,36.77668192092532
3825.0,3.7175000000000002,-1.029,3.714375000000132,25.5,36.82486190163926
3830.0,3.7175000000000002,-1.028,3.7147916666668075,25.5,36.87308877284538
3835.0,3.72,-1.026,3.7154166666667834,25.5,36.92124530831323
3840.0,3.7225,-1.0270000000000001,3.716250000000097,25.5,36.969378398535
3845.0,3.7225,-1.03,3.717083333333411,25.5,37.01760526974112
3850.0,3.7225,-1.03,3.7179166666667243,25.5,37.0659024766855
3855.0,3.7225,-1.029,3.7187500000000377,25.5,37.1141762383838
3860.0,3.7225,-1.028,3.7191666666666756,25.5,37.16240310958992
3865.0,3.7225,-1.026,3.7195833333333135,25.5,37.21055964505777
3870.0,3.7225,-1.029,3.7202083333332894,25.5,37.25873962577172
3875.0,3.7225,-1.026,3.7208333333332653,25.5,37.30691960648565
3880.0,3.7225,-1.026,3.7214583333332407,25.5,37.355029251461325
3885.0,3.7225,-1.028,3.7218749999998786,25.5,37.40318578692918
3890.0,3.7225,-1.028,3.7222916666665165,25.5,37.45138921288921
3895.0,3.7225,-1.028,3.7224999999998545,25.5,37.499592638849236
3900.0,3.7225,-1.026,3.7224999999998545,25.5,37.54774917431709
3905.0,3.7225,-1.023,3.7224999999998545,25.5,37.59578848355449
3910.0,3.7225,-1.026,3.7224999999998545,25.5,37.643827792791896
3915.0,3.7225,-1.0255,3.7224999999998545,25.5,37.69192571514452
3920.0,3.7225,-1.026,3.7224999999998545,25.5,37.740023637497146
3925.0,3.7225,-1.021,3.7224999999998545,25.5,37.78801605624237
3930.0,3.7225,-1.029,3.7224999999998545,25.5,37.83607881072586
3935.0,3.72375,-1.0245,3.7226041666665424,25.5,37.88422362357067
3940.0,3.7275,-1.023,3.723020833333218,25.5,37.932227764938936
3945.0,3.725,-1.0270000000000001,3.723229166666556,25.5,37.98029051942243
3950.0,3.725,-1.03,3.723437499999894,25.5,38.02851739062855
3955.0,3.7275,-1.028,3.7238541666665697,25.5,38.07676770708076
3960.0,3.7275,-1.0265,3.7242708333332453,25.5,38.12493596517165
3965.0,3.7275,-1.028,3.7246874999999213,25.5,38.17310422326255
3970.0,3.73,-1.026,3.725312499999935,25.5,38.2212607587304
3975.0,3.72875,-1.0245,3.7258333333332985,25.5,38.26933523583694
3980.0,3.7325000000000004,-1.0255,3.72666666666665,25.5,38.31739799032044
3985.0,3.7325000000000004,-1.023,3.7275000000000014,25.5,38.36542557693479
3990.0,3.7325000000000004,-1.0245,3.728333333333353,25.5,38.413429718303064
3995.0,3.7325000000000004,-1.026,3.729062500000017,25.5,38.461504195409596
4000.0,3.7325000000000004,-1.026,3.7294791666666924,25.5,38.50961384038527
4005.0,3.7325000000000004,-1.026,3.730104166666706,25.5,38.557723485360945
4010.0,3.7325000000000004,-1.0265,3.7307291666667197,25.5,38.60584485295966
4015.0,3.7325000000000004,-1.023,3.7311458333333953,25.5,38.65389588482011
4020.0,3.7325000000000004,-1.0245,3.7315625000000714,25.5,38.701900026188376
4025.0,3.7325000000000004,-1.0245,3.731979166666747,25.5,38.74993933542578
4030.0,3.7325000000000004,-1.026,3.732187500000085,25.5,38.798013812532325
4035.0,3.7325000000000004,-1.029,3.7325000000000728,25.5,38.846193793246265
4040.0,3.7325000000000004,-1.03,3.7325000000000728,25.5,38.89446755494456
4045.0,3.7325000000000004,-1.026,3.7325000000000728,25.5,38.942670980904595
4050.0,3.7325000000000004,-1.0245,3.7325000000000728,25.5,38.99074545801113
4055.0,3.7325000000000004,-1.026,3.7325000000000728,25.5,39.03881993511767
4060.0,3.7325000000000004,-1.03,3.7325000000000728,25.5,39.087023361077705
4065.0,3.73375,-1.029,3.732604166666723,25.5,39.13529712277601
4070.0,3.735,-1.0255,3.7328125000000605,25.5,39.1834653808669
4075.0,3.735,-1.03,3.7330208333333985,25.5,39.23165708420389
4080.0,3.73625,-1.0270000000000001,3.7333333333333862,25.5,39.27988395541001
4085.0,3.7375000000000003,-1.029,3.7337500000000623,25.5,39.32808738137004
4090.0,3.74,-1.021,3.7343750000000377,25.5,39.37615013585353
4095.0,3.74,-1.023,3.7350000000000136,25.5,39.42407221886049
4100.0,3.74,-1.028,3.7356249999999895,25.5,39.472158418590055
4105.0,3.74,-1.026,3.736249999999965,25.5,39.52031495405791
4110.0,3.7425,-1.023,3.737083333333279,25.5,39.56835426329532
4115.0,3.7425,-1.0234999999999999,3.7379166666665924,25.5,39.6163349594175
4120.0,3.7425,-1.026,3.738749999999906,25.5,39.664385991277946
4125.0,3.7425,-1.026,3.7394791666665697,25.5,39.71249563625362
4130.0,3.7425,-1.0245,3.7401041666665455,25.5,39.76057011336016
4135.0,3.7425,-1.026,3.740729166666521,25.5,39.8086445904667
4140.0,3.7425,-1.023,3.7412499999998468,25.5,39.85668389970411
4145.0,3.7425,-1.0245,3.7416666666664846,25.5,39.904688041072376
4150.0,3.7425,-1.023,3.7418749999998226,25.5,39.95269218244064
4155.0,3.7425,-1.026,3.7420833333331607,25.56,40.000731491678046
4160.0,3.7425,-1.0245,3.7422916666664983,25.56,40.048805968784585
4165.0,3.7425,-1.019,3.7424999999998363,25.56,40.0967163291685
4170.0,3.7425,-1.028,3.7424999999998363,25.56,40.144708747913725
4175.0,3.7425,-1.0219999999999998,3.7424999999998363,25.56,40.19277150239722
4180.0,3.7425,-1.026,3.7424999999998363,25.56,40.24078736638854
4185.0,3.7425,-1.021,3.7424999999998363,25.56,40.28877978513376
4190.0,3.745,-1.0219999999999998,3.7427083333331743,25.62,40.33667842289463
4195.0,3.7475,-1.028,3.74312499999985,25.62,40.38474117737812
4200.0,3.7475,-1.026,3.7435416666665255,25.62,40.43289771284597
4205.0,3.7475,-1.023,3.7439583333332016,25.62,40.48093702208338
4210.0,3.7475,-1.023,3.744374999999877,25.62,40.52890599558251
4215.0,3.75,-1.023,3.744999999999891,25.62,40.57687496908164
4220.0,3.7525,-1.026,3.7458333333332425,25.62,40.62491427831905
4225.0,3.7525,-1.023,3.7466666666665938,25.62,40.67295358755646
4230.0,3.75,-1.023,3.7472916666666074,25.69,40.720922561055595
4235.0,3.75,-1.028,3.747916666666621,25.69,40.76900876078518
4240.0,3.7525,-1.023,3.7487499999999727,25.69,40.81709496051475
4245.0,3.7525,-1.023,3.7495833333333244,25.69,40.86506393401388
4250.0,3.7525,-1.026,3.750208333333338,25.69,40.91310324325129
4255.0,3.7525,-1.028,3.7506250000000136,25.69,40.961259778719146
4260.0,3.7525,-1.026,3.7510416666666893,25.69,41.009416314187
4265.0,3.7525,-1.0219999999999998,3.7514583333333653,25.69,41.05743217817831
4270.0,3.7525,-1.023,3.751875000000041,25.69,41.105377706431355
4275.0,3.7525,-1.03,3.752083333333379,25.69,41.153510796653116
4280.0,3.7525,-1.0245,3.752083333333379,25.69,41.201679054744005
4285.0,3.7525,-1.03,3.752083333333379,25.75,41.249847312834895
4290.0,3.7525,-1.026,3.7522916666667165,25.75,41.298050738794934
4295.0,3.7525,-1.0255,3.7525000000000546,25.75,41.34614866114756
4300.0,3.7525,-1.023,3.7525000000000546,25.75,41.39417624776192
4305.0,3.7525,-1.026,3.7525000000000546,25.75,41.44221555699933
4310.0,3.7562499999999996,-1.028,3.7528125000000423,25.75,41.49037209246718
4315.0,3.7575,-1.023,3.7532291666667184,25.75,41.53845829219676
4320.0,3.7575,-1.026,3.753645833333394,25.75,41.58649760143416
4325.0,3.7575,-1.0255,3.7540625000000696,25.75,41.63459552378679
4330.0,3.7575,-1.0270000000000001,3.7544791666667456,25.78,41.68271689138551
4335.0,3.76,-1.028,3.7551041666667593,25.75,41.73089687209945
4340.0,3.7612499999999995,-1.0265,3.7558333333334226,25.81,41.77906513019034
4345.0,3.7624999999999997,-1.026,3.7566666666667365,25.81,41.82718649778906
4350.0,3.7624999999999997,-1.021,3.75750000000005,25.81,41.87517891653429
4355.0,3.7624999999999997,-1.0270000000000001,3.7583333333333635,25.81,41.923194780525606
4360.0,3.7624999999999997,-1.0255,3.7591666666666774,25.81,41.97131614812432
4365.0,3.7624999999999997,-1.026,3.759999999999991,25.81,42.01941407047695
4370.0,3.7624999999999997,-1.0270000000000001,3.7605208333333167,25.81,42.06754716069871
4375.0,3.7624999999999997,-1.0245,3.7609374999999545,25.81,42.115645083051334
4380.0,3.7624999999999997,-1.028,3.7613541666665924,25.81,42.16376645065005
4385.0,3.7624999999999997,-1.0270000000000001,3.7617708333332303,25.84,42.21194643136399
4390.0,3.7624999999999997,-1.0270000000000001,3.762187499999868,25.87,42.260102966831845
4395.0,3.7624999999999997,-1.026,3.762395833333168,25.87,42.308236057053605
4400.0,3.7624999999999997,-1.0245,3.762499999999818,25.87,42.356310534160144
4405.0,3.7624999999999997,-1.0270000000000001,3.762499999999818,25.87,42.40440845651277
4410.0,3.7624999999999997,-1.03,3.762499999999818,25.87,42.45263532771889
4415.0,3.7624999999999997,-1.0270000000000001,3.762499999999818,25.87,42.500862198925006
4420.0,3.7662499999999994,-1.0255,3.762812499999844,25.87,42.54898356652373
4425.0,3.7674999999999996,-1.023,3.7632291666665196,25.87,42.597011153138084
4430.0,3.7674999999999996,-1.0255,3.7636458333331952,25.87,42.64503873975245
4435.0,3.76875,-1.029,3.764166666666559,25.94,42.69320699784334
4440.0,3.7699999999999996,-1.026,3.764791666666573,25.94,42.74138697855728
4445.0,3.7712499999999993,-1.028,3.765520833333236,25.94,42.78954351402513
4450.0,3.7724999999999995,-1.029,3.766354166666588,25.94,42.83777038523125
4455.0,3.7724999999999995,-1.023,3.7671874999999395,25.94,42.88588003020693
4460.0,3.7724999999999995,-1.029,3.7680208333332907,25.94,42.933989675182595
4465.0,3.7724999999999995,-1.03,3.7688541666666424,25.94,42.9822634368809
4470.0,3.7724999999999995,-1.026,3.769687499999994,25.94,43.030466862840925
4475.0,3.7724999999999995,-1.0255,3.7705208333333453,25.94,43.07856478519355
4480.0,3.7724999999999995,-1.0270000000000001,3.771041666666671,25.94,43.126686152792274
4485.0,3.7724999999999995,-1.026,3.771458333333347,25.94,43.174819243014035
4490.0,3.7724999999999995,-1.028,3.7718750000000227,26.0,43.22297577848189
4495.0,3.7724999999999995,-1.0270000000000001,3.7721875000000105,26.0,43.27115575919582
4500.0,3.7724999999999995,-1.028,3.7723958333333485,26.0,43.31933573990977
4505.0,3.7724999999999995,-1.03,3.7725000000000364,26.0,43.36758605636198
4510.0,3.7724999999999995,-1.028,3.7725000000000364,26.0,43.415836372814184
4515.0,3.7724999999999995,-1.026,3.7725000000000364,26.0,43.463992908282044
4520.0,3.7724999999999995,-1.028,3.7725000000000364,26.0,43.5121494437499
4525.0,3.775,-1.03,3.7727083333333744,26.0,43.56039976020211
4530.0,3.7775,-1.028,3.77312500000005,26.0,43.60865007665432
4535.0,3.77,-1.03,3.772916666666712,26.0,43.65690039310653
4540.0,3.77625,-1.028,3.7732291666667,26.0,43.70515070955875
4545.0,3.7775,-1.026,3.7736458333333758,26.0,43.753307245026605
4550.0,3.7775,-1.026,3.7740625000000514,26.06,43.80141689000227
4555.0,3.78125,-1.028,3.774791666666715,26.06,43.849573425470126
4560.0,3.78,-1.03,3.775416666666729,26.06,43.897823741922345
4565.0,3.78,-1.028,3.7760416666667425,26.06,43.94607405837455
4570.0,3.7824999999999998,-1.0310000000000001,3.776875000000056,26.06,43.99434782007285
4575.0,3.7824999999999998,-1.032,3.77770833333337,26.06,44.042715362755516
4580.0,3.7824999999999998,-1.028,3.7785416666666833,26.06,44.09101256969989
4585.0,3.7824999999999998,-1.03,3.7791666666666592,26.09,44.13926288615211
4590.0,3.7824999999999998,-1.03,3.779583333333297,26.12,44.187560093096494
4595.0,3.7824999999999998,-1.03,3.7806249999999486,26.12,44.23585730004088
4600.0,3.7824999999999998,-1.0255,3.7811458333332744,26.12,44.28404900337786
4605.0,3.7824999999999998,-1.03,3.7815624999999122,26.12,44.33224070671485
4610.0,3.7824999999999998,-1.03,3.78197916666655,26.12,44.38053791365923
4615.0,3.7824999999999998,-1.03,3.7820833333332,26.12,44.42883512060362
4620.0,3.7824999999999998,-1.03,3.7822916666665,26.12,44.477132327548006
4625.0,3.7824999999999998,-1.03,3.7824999999998,26.12,44.52542953449239
4630.0,3.785,-1.029,3.782708333333138,26.12,44.573703296190686
4635.0,3.785,-1.028,3.7829166666664755,26.12,44.621930167396805
4640.0,3.785,-1.034,3.7831249999998136,26.12,44.670274264833374
4645.0,3.78625,-1.029,3.7834374999998395,26.12,44.71864180751603
4650.0,3.7874999999999996,-1.028,3.783854166666515,26.12,44.76686867872215
4655.0,3.7874999999999996,-1.032,3.7842708333331907,26.12,44.81516588566654
4660.0,3.7912500000000002,-1.029,3.7849999999998922,26.12,44.863486537857014
4665.0,3.79,-1.026,3.785624999999906,26.12,44.911666518570954
4670.0,3.7925000000000004,-1.03,3.7864583333332575,26.12,44.959869944530986
4675.0,3.7925000000000004,-1.0310000000000001,3.787291666666609,26.12,45.00819059672146
4680.0,3.7925000000000004,-1.028,3.7881249999999604,26.12,45.05646435841976
4685.0,3.7925000000000004,-1.026,3.788958333333312,26.12,45.10462089388761
4690.0,3.7925000000000004,-1.032,3.7895833333333258,26.09,45.15287121033983
4695.0,3.7925000000000004,-1.028,3.7902083333333394,26.12,45.201168417284215
4700.0,3.7925000000000004,-1.026,3.790833333333353,26.06,45.24932495275207
4705.0,3.7925000000000004,-1.0310000000000001,3.791354166666679,26.09,45.29755182395819
4710.0,3.7925000000000004,-1.032,3.7917708333333544,26.06,45.34591936664085
4715.0,3.7925000000000004,-1.028,3.7921875000000305,26.06,45.394216573585226
4720.0,3.7925000000000004,-1.0265,3.79229166666668,26.06,45.44238483167612
4725.0,3.7925000000000004,-1.028,3.792500000000018,26.06,45.49055308976701
4730.0,3.7925000000000004,-1.028,3.792500000000018,26.06,45.538756515727044
4735.0,3.795,-1.03,3.792708333333356,26.06,45.58700683217926
4740.0,3.795,-1.029,3.792916666666694,26.06,45.63528059387756
4745.0,3.7975000000000003,-1.026,3.79333333333337,26.06,45.68346057459149
4750.0,3.7975000000000003,-1.029,3.7937500000000455,26.06,45.73164055530544
4755.0,3.7975000000000003,-1.03,3.794166666666721,26.06,45.77991431700374
4760.0,3.8000000000000003,-1.028,3.7947916666667347,26.06,45.82816463345595
4765.0,3.8025,-1.0270000000000001,3.7956250000000487,26.06,45.87634461416988
4770.0,3.8025,-1.0265,3.796458333333362,26.06,45.92448942701469
4775.0,3.8025,-1.028,3.7972916666666756,26.06,45.97265768510558
4780.0,3.8025,-1.029,3.7981249999999895,26.06,46.0208845563117
4785.0,3.8025,-1.029,3.798958333333303,26.06,46.06913487276392
4790.0,3.8025,-1.032,3.7997916666666165,26.06,46.117455524954394
4795.0,3.8025,-1.03,3.8004166666665924,26.06,46.165799622390956
4800.0,3.8025,-1.028,3.8010416666665683,26.06,46.214049938843175
4805.0,3.8025,-1.03,3.801458333333206,26.06,46.262300255295386
4810.0,3.8025,-1.0255,3.801874999999844,26.06,46.31049195863237
4815.0,3.8025,-1.029,3.802291666666482,26.06,46.358660216723266
4820.0,3.8025,-1.028,3.8024999999997817,26.06,46.406887087929384
4825.0,3.8025,-1.028,3.8024999999997817,26.06,46.45509051388942
4830.0,3.8025,-1.028,3.8024999999997817,26.06,46.50329393984945
4835.0,3.805,-1.026,3.8027083333331198,26.06,46.5514504753173
4840.0,3.805,-1.0265,3.8029166666664573,26.06,46.59957184291602
4845.0,3.8062500000000004,-1.032,3.8032291666664833,26.09,46.647833881991275
4850.0,3.8075,-1.026,3.803645833333159,26.06,46.69608419844349
4855.0,3.8075,-1.029,3.804062499999835,26.06,46.744264179157426
4860.0,3.81,-1.028,3.8046874999998486,26.09,46.792491050363545
4865.0,3.81,-1.028,3.805312499999862,26.06,46.84069447632358
4870.0,3.8125,-1.026,3.8061458333332134,26.06,46.88885101179143
4875.0,3.8125,-1.028,3.806979166666565,26.09,46.937007547259284
4880.0,3.8125,-1.028,3.8078124999999168,26.06,46.98521097321932
4885.0,3.8125,-1.032,3.808645833333268,26.06,47.0335081801637
4890.0,3.8125,-1.0255,3.8094791666666197,26.06,47.08174677399287
4895.0,3.8125,-1.028,3.8101041666666333,26.12,47.12989158683767
4900.0,3.8125,-1.03,3.810729166666647,26.12,47.17814190328989
4905.0,3.8125,-1.028,3.8112499999999727,26.12,47.226392219742095
4910.0,3.8125,-1.028,3.8116666666666483,26.12,47.274595645702135
4915.0,3.8125,-1.028,3.8120833333333244,26.12,47.32279907166216
4920.0,3.8125,-1.029,3.812291666666662,26.12,47.371025942868286
4925.0,3.8125,-1.028,3.8125,26.12,47.419252814074405
4930.0,3.8125,-1.03,3.8125,26.12,47.467503130526616
4935.0,3.8125,-1.0270000000000001,3.8125,26.12,47.515730001732734
4940.0,3.815,-1.03,3.812708333333338,26.12,47.56395687293885
4945.0,3.8175,-1.03,3.8131250000000136,26.12,47.612254079883236
4950.0,3.8187499999999996,-1.028,3.8136458333333394,26.12,47.660504396335455
4955.0,3.82,-1.026,3.814270833333353,26.12,47.7086609318033
4960.0,3.82,-1.026,3.8148958333333667,26.12,47.756770576778976
4965.0,3.82125,-1.0270000000000001,3.8156250000000305,26.09,47.80490366700074
4970.0,3.8225000000000002,-1.028,3.8164583333333817,26.12,47.853083647714676
4975.0,3.8225000000000002,-1.023,3.8172916666667334,26.06,47.90116984744425
4980.0,3.8225000000000002,-1.021,3.818125000000085,26.12,47.94909193045121
4985.0,3.8225000000000002,-1.03,3.8189583333334363,26.06,47.997178130180785
4990.0,3.8225000000000002,-1.026,3.819791666666788,26.06,48.04538155614082
4995.0,3.8225000000000002,-1.03,3.8206250000001396,26.09,48.09358498210085
5000.0,3.8225000000000002,-1.026,3.8212500000001532,26.12,48.14178840806089
5005.0,3.8225000000000002,-1.03,3.821666666666829,26.12,48.189991834020915
5010.0,3.8225000000000002,-1.026,3.8219791666668548,26.09,48.238195259980955
5015.0,3.8225000000000002,-1.028,3.8221875000001924,26.06,48.28635179544881
5020.0,3.8225000000000002,-1.028,3.8223958333335304,26.06,48.334555221408834
5025.0,3.8225000000000002,-1.0270000000000001,3.8225000000002183,26.06,48.38273520212278
5030.0,3.8225000000000002,-1.026,3.8225000000002183,26.06,48.430868292344535
5035.0,3.8225000000000002,-1.028,3.8225000000002183,26.12,48.47902482781239
5040.0,3.825,-1.0270000000000001,3.822708333333518,26.06,48.52720480852633
5045.0,3.8275,-1.03,3.823125000000156,26.12,48.575431679732446
5050.0,3.8274999999999997,-1.026,3.823541666666794,26.06,48.62363510569248
5055.0,3.8275,-1.029,3.8239583333334317,26.12,48.67181508640642
5060.0,3.8275,-1.028,3.8243750000000696,26.06,48.72004195761254
5065.0,3.8275,-1.028,3.8247916666667074,26.06,48.76824538357257
5070.0,3.83,-1.0270000000000001,3.8254166666666833,26.09,48.81642536428651
5075.0,3.8325,-1.023,3.826249999999997,26.12,48.86448811877
5080.0,3.8325,-1.021,3.8270833333333107,26.12,48.91241020177696
5085.0,3.8325,-1.026,3.8279166666666242,26.09,48.96040262052218
5090.0,3.8325,-1.028,3.8287499999999377,26.06,49.008559155990035
5095.0,3.8325,-1.03,3.8295833333332516,26.12,49.05680947244225
5100.0,3.8325,-1.026,3.8302083333332653,26.12,49.10501289840228
5105.0,3.8325,-1.0234999999999999,3.830624999999941,26.09,49.153063930262725
5110.0,3.8325,-1.026,3.8310416666666165,26.06,49.20111496212317
5115.0,3.8325,-1.0255,3.8314583333332926,26.09,49.249212884475796
5120.0,3.8325,-1.028,3.831874999999968,26.06,49.29735769732061
5125.0,3.8325,-1.028,3.832291666666644,26.06,49.34556112328063
5130.0,3.8325,-1.0270000000000001,3.832499999999982,26.06,49.39374110399458
5135.0,3.8325,-1.0270000000000001,3.832499999999982,26.06,49.441897639462425
5140.0,3.8325,-1.03,3.832499999999982,26.06,49.49012451066855
5145.0,3.8362499999999997,-1.0270000000000001,3.8328124999999695,26.06,49.53835138187467
5150.0,3.8375,-1.026,3.8332291666666456,26.06,49.58648447209642
5155.0,3.8375,-1.026,3.833645833333321,26.06,49.6345941170721
5160.0,3.84,-1.0245,3.834270833333335,26.06,49.68266859417864
5165.0,3.84,-1.026,3.8348958333333485,26.06,49.730743071285175
5170.0,3.84,-1.026,3.835520833333362,26.06,49.77885271626085
5175.0,3.84,-1.0255,3.8361458333333758,26.06,49.826950638613475
5180.0,3.8412499999999996,-1.0255,3.8368750000000396,26.06,49.87503683834306
5185.0,3.8425,-1.023,3.837708333333391,26.06,49.92306442495742
5190.0,3.8425,-1.023,3.8385416666667425,26.06,49.97103339845655
5195.0,3.8425,-1.0245,3.839375000000094,26.06,50.019037539824815
5200.0,3.8425,-1.023,3.8402083333334454,26.06,50.06704168119308
5205.0,3.8425,-1.026,3.8407291666668093,26.06,50.115080990430485
5210.0,3.8425,-1.0255,3.841145833333485,26.06,50.16317891278311
5215.0,3.8425,-1.023,3.8415625000001605,26.06,50.21120649939748
5220.0,3.8425,-1.028,3.8417708333334986,26.06,50.25929269912706
5225.0,3.8425,-1.0255,3.8419791666668366,26.06,50.30743751197186
5230.0,3.8425,-1.026,3.842187500000174,26.06,50.35553543432448
5235.0,3.8425,-1.0245,3.842395833333512,26.06,50.403609911431026
5240.0,3.8425,-1.028,3.8425000000002,26.06,50.451731279029744
5245.0,3.8425,-1.021,3.8425000000002,26.06,50.499770588267154
5250.0,3.84375,-1.026,3.8426041666668502,26.06,50.54776300701238
5255.0,3.8474999999999997,-1.028,3.843020833333488,26.06,50.595919542480225
5260.0,3.8474999999999997,-1.023,3.843437500000126,26.06,50.644005742209806
5265.0,3.8474999999999997,-1.026,3.843854166666764,26.06,50.692045051447224
5270.0,3.8499999999999996,-1.021,3.8444791666667393,26.06,50.74003747019245
5275.0,3.8499999999999996,-1.023,3.845104166666715,26.06,50.7879595531994
5280.0,3.8499999999999996,-1.023,3.845729166666691,26.06,50.835928526698524
5285.0,3.8524999999999996,-1.023,3.8465625000000045,26.06,50.88389750019766
5290.0,3.8524999999999996,-1.03,3.847395833333318,26.06,50.932030590419416
5295.0,3.8524999999999996,-1.023,3.848229166666632,26.06,50.980163680641176
5300.0,3.8474999999999997,-1.0219999999999998,3.84864583333327,26.06,51.02810920889422
5305.0,3.8524999999999996,-1.023,3.8494791666665833,26.06,51.07605473714728
5310.0,3.8524999999999996,-1.026,3.850208333333247,26.06,51.124094046384684
5315.0,3.8524999999999996,-1.0234999999999999,3.8506249999999227,26.09,51.17214507824512
5320.0,3.8524999999999996,-1.026,3.8510416666665983,26.06,51.220196110105576
5325.0,3.8524999999999996,-1.023,3.8514583333332744,26.06,51.26823541934298
5330.0,3.8524999999999996,-1.0234999999999999,3.851666666666612,26.09,51.31621611546516
5335.0,3.8524999999999996,-1.023,3.85187499999995,26.12,51.364196811587334
5340.0,3.8524999999999996,-1.026,3.852083333333288,26.12,51.41223612082475
5345.0,3.8524999999999996,-1.0219999999999998,3.852083333333288,26.09,51.46025198481606
5350.0,3.8524999999999996,-1.023,3.852083333333288,26.06,51.508197513069106
5355.0,3.8524999999999996,-1.026,3.852083333333288,26.12,51.55623682230651
5360.0,3.85625,-1.0234999999999999,3.8528124999999513,26.06,51.60428785416696
5365.0,3.8575,-1.026,3.8532291666666274,26.06,51.65233888602741
5370.0,3.8600000000000003,-1.021,3.853854166666641,26.12,51.70033130477264
5375.0,3.8600000000000003,-1.0245,3.8544791666666547,26.09,51.74828855564873
5380.0,3.8600000000000003,-1.019,3.8551041666666683,26.06,51.796198916032644
5385.0,3.8600000000000003,-1.023,3.855729166666682,26.06,51.844074108547424
5390.0,3.8600000000000003,-1.0245,3.8563541666666956,26.12,51.892078249915684
5395.0,3.8625,-1.021,3.857187500000047,26.12,51.94003550079178
5400.0,3.8625,-1.023,3.8580208333333985,26.06,51.987957583798725
5405.0,3.8625,-1.0255,3.85885416666675,26.12,52.03598517041309
5410.0,3.8625,-1.019,3.8596875000001014,26.12,52.08391897604309
5415.0,3.8625,-1.019,3.860520833333453,26.12,52.13170038757351
5420.0,3.8625,-1.0234999999999999,3.8610416666668166,26.12,52.179587302711326
5425.0,3.8625,-1.026,3.8614583333334926,26.12,52.22763833457178
5430.0,3.8625,-1.023,3.8616666666668302,26.12,52.27567764380918
5435.0,3.8625,-1.0245,3.8618750000001683,26.06,52.32368178517744
5440.0,3.8625,-1.023,3.8620833333335063,26.06,52.371685926545716
5445.0,3.8625,-1.023,3.862291666666844,26.06,52.41965490004484
5450.0,3.86375,-1.0234999999999999,3.862604166666832,26.06,52.46763559616703
5455.0,3.865,-1.023,3.862812500000132,26.06,52.51561629228922
5460.0,3.865,-1.023,3.8630208333334317,26.06,52.56358526578834
5465.0,3.8675,-1.0219999999999998,3.8634375000000696,26.06,52.611530794041386
5470.0,3.87,-1.021,3.8640625000000455,26.06,52.65942943180225
5475.0,3.87,-1.026,3.8646875000000214,26.06,52.70742185054749
5480.0,3.87,-1.021,3.865312499999997,26.06,52.755414269292714
5485.0,3.87,-1.019,3.8659374999999727,26.06,52.80324257131531
5490.0,3.87,-1.019,3.8665624999999486,26.06,52.85102398284573
5495.0,3.87125,-1.023,3.867291666666612,26.06,52.898899175360505
5500.0,3.87125,-1.0219999999999998,3.8680208333332757,26.06,52.94684470361355
5505.0,3.8724999999999996,-1.021,3.868854166666589,26.06,52.994743341374416
5510.0,3.8724999999999996,-1.0245,3.869583333333253,26.06,53.04270059225051
5515.0,3.8724999999999996,-1.021,3.8702083333332666,26.06,53.09065784312661
5520.0,3.8724999999999996,-1.021,3.8708333333332803,26.06,53.13853303564138
5525.0,3.8724999999999996,-1.0219999999999998,3.871249999999956,26.06,53.18643167340225
5530.0,3.8712500000000003,-1.0245,3.871354166666644,26.06,53.23441236952443
5535.0,3.87,-1.023,3.871354166666644,26.06,53.282416510892695
5540.0,3.87,-1.021,3.871354166666644,26.03,53.330338593899654
5545.0,3.87,-1.0219999999999998,3.871354166666644,26.06,53.37823723166052
5550.0,3.8724999999999996,-1.028,3.871562499999982,26.06,53.42629998614401
5555.0,3.8724999999999996,-1.0255,3.871666666666632,26.06,53.47444479898882
5560.0,3.8724999999999996,-1.0234999999999999,3.8717708333332816,26.06,53.52248410822622
5565.0,3.8724999999999996,-1.026,3.8717708333332816,26.06,53.57053514008666
5570.0,3.8724999999999996,-1.021,3.8717708333332816,26.06,53.6185275588319
5575.0,3.8724999999999996,-1.023,3.8717708333332816,26.06,53.666449641838845
5580.0,3.875,-1.021,3.8719791666666197,26.06,53.7143717248458
5585.0,3.8775000000000004,-1.0219999999999998,3.8723958333332953,26.06,53.76227036260667
5590.0,3.87875,-1.0245,3.873020833333271,26.06,53.810251058728845
5595.0,3.8775000000000004,-1.021,3.873645833333285,26.06,53.85820830960494
5600.0,3.8800000000000003,-1.02,3.8744791666666365,26.06,53.90606005687363
5605.0,3.8812500000000005,-1.0219999999999998,3.875416666666638,26.09,53.953935249388394
5610.0,3.875,-1.021,3.875624999999976,26.12,54.00183388714927
5615.0,3.87625,-1.0234999999999999,3.8759374999999636,26.12,54.04976769277927
5620.0,3.8800000000000003,-1.023,3.8765624999999773,26.12,54.097748388901444
5625.0,3.8825000000000003,-1.019,3.877395833333329,26.12,54.145623581416224
5630.0,3.8825000000000003,-1.021,3.87822916666668,26.12,54.193451883438826
5635.0,3.8825000000000003,-1.023,3.879062500000032,26.12,54.24137396644577
5640.0,3.8825000000000003,-1.023,3.8796875000000077,26.12,54.28934293994491
5645.0,3.8825000000000003,-1.019,3.8801041666666456,26.12,54.337218132459675
5650.0,3.8825000000000003,-1.02,3.8804166666666333,26.12,54.385022989236184
5655.0,3.8825000000000003,-1.021,3.880833333333271,26.12,54.43287473650488
5660.0,3.8825000000000003,-1.023,3.881041666666571,26.12,54.48079681951182
5665.0,3.8825000000000003,-1.0255,3.881145833333221,26.155,54.52882440612618
5670.0,3.8825000000000003,-1.023,3.881770833333197,26.12,54.57685199274055
5675.0,3.88,-1.023,3.8820833333332225,26.12,54.62482096623968
5680.0,3.88125,-1.0219999999999998,3.8821874999999104,26.12,54.672766494492734
5685.0,3.8825000000000003,-1.021,3.8821874999998727,26.19,54.7206651322536
5690.0,3.8850000000000002,-1.021,3.8823958333332107,26.19,54.76854032476837
5695.0,3.8875,-1.0245,3.8828124999998486,26.155,54.81649757564446
5700.0,3.8875,-1.026,3.883229166666524,26.19,54.864572052751
5705.0,3.8875,-1.023,3.8836458333332,26.19,54.912611361988404
5710.0,3.89,-1.0219999999999998,3.8842708333332516,26.19,54.96055689024145
5715.0,3.89,-1.023,3.884895833333303,26.19,55.0085024184945
5720.0,3.89,-1.028,3.8855208333333544,26.19,55.056588618224076
5725.0,3.8912500000000003,-1.021,3.886250000000018,26.19,55.10462792746149
5730.0,3.8925,-1.023,3.88708333333337,26.19,55.15255001046844
5735.0,3.8925,-1.021,3.8881250000000214,26.19,55.2004720934754
5740.0,3.8925,-1.0234999999999999,3.889062499999985,26.19,55.24840589910539
5745.0,3.8925,-1.021,3.889895833333336,26.19,55.296339704735395
5750.0,3.8925,-1.021,3.890520833333312,26.19,55.34421489725017
5755.0,3.8925,-1.021,3.8909374999999877,26.19,55.39209008976494
5760.0,3.8925,-1.021,3.891354166666664,26.19,55.439965282279715
5765.0,3.89,-1.023,3.8915625000000396,26.19,55.48788736528667
5770.0,3.8899999999999997,-1.0255,3.8915625000000396,26.22,55.53591495190102
5775.0,3.8925,-1.019,3.8917708333333394,26.25,55.58384875753103
5780.0,3.8925,-1.03,3.8919791666666392,26.25,55.63188806676843
5785.0,3.8925,-1.0245,3.892083333333327,26.25,55.68005632485933
5790.0,3.8925,-1.019,3.892083333333327,26.25,55.72796668524324
5795.0,3.8925,-1.023,3.892083333333327,26.25,55.77584187775801
5800.0,3.89625,-1.0234999999999999,3.8923958333333153,26.25,55.823822573880186
5805.0,3.8975,-1.021,3.892812499999991,26.25,55.871756379510195
5810.0,3.9000000000000004,-1.023,3.893437499999967,26.25,55.91967846251714
5815.0,3.9000000000000004,-1.0219999999999998,3.8940624999999423,26.25,55.967623990770186
5820.0,3.9000000000000004,-1.021,3.894687499999918,26.25,56.01552262853106
5825.0,3.9000000000000004,-1.026,3.895520833333194,26.25,56.06351504727629
5830.0,3.9000000000000004,-1.0234999999999999,3.8963541666664696,26.25,56.11156607913673
5835.0,3.9000000000000004,-1.023,3.8969791666664455,26.25,56.15954677525892
5840.0,3.9000000000000004,-1.023,3.897604166666421,26.25,56.20751574875804
5845.0,3.90125,-1.0219999999999998,3.8983333333330847,26.25,56.25546127701109
5850.0,3.9025,-1.026,3.8991666666664364,26.25,56.3034771410024
5855.0,3.9025,-1.023,3.8999999999997876,26.25,56.351516450239814
5860.0,3.9025,-1.021,3.9005208333331516,26.28,56.39943853324676
5865.0,3.9025,-1.021,3.900937499999827,26.31,56.44731372576154
5870.0,3.9025,-1.021,3.901145833333203,26.31,56.495188918276305
5875.0,3.9025,-1.026,3.9013541666665787,26.31,56.543181337021544
5880.0,3.9025,-1.021,3.9015624999999545,26.31,56.59117375576677
5885.0,3.9,-1.03,3.9015624999999545,26.31,56.63925995549634
5890.0,3.90125,-1.0245,3.9016666666666424,26.31,56.68742821358723
5895.0,3.90125,-1.023,3.9017708333333303,26.31,56.735432354955506
5900.0,3.9,-1.026,3.9017708333333303,26.31,56.78347166419291
5905.0,3.90125,-1.0245,3.9017708333333303,26.31,56.83154614129945
5910.0,3.9025,-1.0225,3.9017708333333303,26.31,56.87953856004467
5915.0,3.9025,-1.021,3.9017708333333303,26.31,56.92744892042859
5920.0,3.9025,-1.026,3.9017708333333303,26.31,56.97544133917381
5925.0,3.9025,-1.0270000000000001,3.9017708333333303,26.31,57.02357442939557
5930.0,3.9050000000000002,-1.023,3.90197916666663,26.31,57.07163718387906
5935.0,3.9087499999999995,-1.0270000000000001,3.902499999999918,26.31,57.119699938362565
5940.0,3.9099999999999997,-1.026,3.903124999999894,26.31,57.167833028584326
5945.0,3.9099999999999997,-1.026,3.9039583333332453,26.37,57.215942673559994
5950.0,3.9099999999999997,-1.023,3.904687499999909,26.31,57.2639819827974
5955.0,3.9099999999999997,-1.0255,3.905416666666573,26.34,57.31200956941176
5960.0,3.9099999999999997,-1.026,3.906249999999924,26.37,57.36010749176439
5965.0,3.9125,-1.026,3.9071874999999636,26.37,57.408217136740056
5970.0,3.9125,-1.023,3.9080208333333153,26.37,57.45625644597747
5975.0,3.9125,-1.026,3.9088541666666665,26.37,57.504295755214876
5980.0,3.9125,-1.0255,3.909687500000018,26.37,57.5523936775675
5985.0,3.9125,-1.0245,3.91052083333337,26.37,57.600456432051
5990.0,3.9125,-1.023,3.9111458333334213,26.37,57.64846057341926
5995.0,3.91125,-1.0270000000000001,3.911354166666797,26.37,57.696523327902746
6000.0,3.91,-1.0270000000000001,3.911354166666797,26.37,57.74467986337061
6005.0,3.91,-1.023,3.911354166666797,26.37,57.792742617854095
6010.0,3.9125,-1.0245,3.911562500000173,26.37,57.84074675922236
6015.0,3.9125,-1.026,3.9117708333335486,26.37,57.8888212363289
6020.0,3.9125,-1.026,3.9119791666669244,26.37,57.93693088130457
6025.0,3.9125,-1.0234999999999999,3.9119791666669244,26.37,57.98498191316502
6030.0,3.9125,-1.0265,3.9119791666669244,26.37,58.03304466764851
6035.0,3.9125,-1.026,3.9119791666669244,26.37,58.081166035247236
6040.0,3.9125,-1.028,3.9119791666669244,26.37,58.12932257071509
6045.0,3.9125,-1.0270000000000001,3.9119791666669244,26.37,58.17750255142903
6050.0,3.9125,-1.026,3.9119791666669244,26.37,58.22563564165078
6055.0,3.92,-1.023,3.912708333333588,26.37,58.273674950888186
6060.0,3.92,-1.026,3.9135416666669394,26.37,58.3217142601256
6065.0,3.92,-1.026,3.914375000000291,26.37,58.36982390510127
6070.0,3.92,-1.028,3.915000000000267,26.37,58.41798044056913
6075.0,3.92,-1.0234999999999999,3.9156250000002424,26.37,58.46607836292175
6080.0,3.92,-1.028,3.9162500000002183,26.37,58.514176285274374
6085.0,3.9175,-1.026,3.9166666666668184,26.37,58.562332820742235
6090.0,3.91625,-1.028,3.916979166666806,26.37,58.61048935621008
6095.0,3.915,-1.026,3.917187500000106,26.37,58.65864589167794
6100.0,3.9175,-1.023,3.917604166666706,26.37,58.706685200915345
6105.0,3.9225,-1.023,3.918437499999982,26.37,58.754654174414476
6110.0,3.9225,-1.03,3.9192708333332575,26.37,58.80278726463624
6115.0,3.9225,-1.03,3.9194791666665574,26.37,58.85108447158062
6120.0,3.9225,-1.026,3.9196874999998577,26.31,58.89928789754065
6125.0,3.9225,-1.023,3.9198958333331575,26.31,58.94732720677807
6130.0,3.9225,-1.028,3.9201041666664573,26.31,58.99541340650764
6135.0,3.9212499999999997,-1.0245,3.9202083333331452,26.31,59.04353477410636
6140.0,3.9225,-1.028,3.9204166666664455,26.31,59.09165614170509
6145.0,3.9225,-1.03,3.920833333333121,26.31,59.1399064581573
6150.0,3.9225,-1.0245,3.921354166666409,26.31,59.18807471624818
6155.0,3.9225,-1.03,3.9219791666663846,26.31,59.236242974339085
6160.0,3.925,-1.023,3.9226041666664364,26.31,59.28437606456084
6165.0,3.9225,-1.028,3.9226041666664364,26.31,59.33246226429042
6170.0,3.925,-1.026,3.922812499999812,26.31,59.38061879975827
6175.0,3.9225,-1.021,3.922812499999812,26.25,59.42861121850349
6180.0,3.9212499999999997,-1.028,3.9227083333332,26.28,59.4766505277409
6185.0,3.92,-1.023,3.9224999999999,26.25,59.52473672747048
6190.0,3.925,-1.023,3.9227083333332757,26.25,59.57270570096961
6195.0,3.9262499999999996,-1.0245,3.9231249999999513,26.25,59.62070984233788
6200.0,3.925,-1.028,3.923333333333327,26.25,59.6688312099366
6205.0,3.9274999999999998,-1.023,3.923750000000003,26.25,59.71691740966618
6210.0,3.9299999999999997,-1.026,3.9243750000000546,26.25,59.76495671890358
6215.0,3.9299999999999997,-1.021,3.925000000000106,26.25,59.81294913764881
6220.0,3.9299999999999997,-1.028,3.925416666666782,26.25,59.86098844688622
6225.0,3.9299999999999997,-1.0245,3.9260416666668334,26.25,59.90910981448494
6230.0,3.9299999999999997,-1.028,3.926458333333509,26.25,59.95723118208366
6235.0,3.9324999999999997,-1.026,3.9272916666668607,26.25,60.005387717551514
6240.0,3.9324999999999997,-1.026,3.9282291666668243,26.25,60.05349736252719
6245.0,3.9324999999999997,-1.023,3.929270833333476,26.25,60.10153667176459
6250.0,3.9324999999999997,-1.021,3.9298958333334517,26.19,60.149458754771544
6255.0,3.9324999999999997,-1.026,3.9304166666667393,26.22,60.19745117351677
6260.0,3.9324999999999997,-1.026,3.931041666666715,26.19,60.24556081849245
6265.0,3.9324999999999997,-1.026,3.931458333333391,26.19,60.29367046346812
6270.0,3.9324999999999997,-1.0265,3.931666666666691,26.19,60.341791831066836
6275.0,3.9312500000000004,-1.023,3.931770833333303,26.22,60.38984286292729
6280.0,3.93,-1.028,3.931770833333303,26.19,60.437929062656856
6285.0,3.9324999999999997,-1.029,3.931979166666603,26.19,60.48615593386298
6290.0,3.9324999999999997,-1.0245,3.932187499999903,26.19,60.53430074670779
6295.0,3.9324999999999997,-1.026,3.932187499999903,26.19,60.58237522381433
6300.0,3.9312500000000004,-1.0219999999999998,3.9320833333332152,26.19,60.63039108780565
6305.0,3.9324999999999997,-1.028,3.9320833333332152,26.19,60.67845384228914
6310.0,3.9325,-1.023,3.9320833333332152,26.19,60.72654004201872
6315.0,3.9349999999999996,-1.023,3.932291666666591,26.12,60.77450901551784
6320.0,3.9324999999999997,-1.02,3.932291666666591,26.155,60.82240765327871
6325.0,3.9324999999999997,-1.026,3.932291666666591,26.12,60.87037662677785
6330.0,3.9349999999999996,-1.0219999999999998,3.932499999999967,26.12,60.91839249076916
6335.0,3.93875,-1.0270000000000001,3.933125000000018,26.12,60.96643180000657
6340.0,3.9400000000000004,-1.028,3.933958333333294,26.12,61.01461178072051
6345.0,3.9325,-1.023,3.933958333333294,26.12,61.06269798045009
6350.0,3.9400000000000004,-1.0270000000000001,3.93458333333327,26.12,61.11076073493358
6355.0,3.9400000000000004,-1.026,3.9352083333332453,26.12,61.15889382515534
6360.0,3.9400000000000004,-1.026,3.935937499999909,26.12,61.207003470131006
6365.0,3.9400000000000004,-1.0245,3.936562499999885,26.12,61.255077947237545
6370.0,3.9400000000000004,-1.023,3.9371874999998604,26.12,61.30308208860582
6375.0,3.9400000000000004,-1.0255,3.9376041666664605,26.12,61.35110967522017
6380.0,3.93875,-1.029,3.938124999999824,26.12,61.39927793331107
6385.0,3.9375,-1.026,3.9385416666665,26.12,61.44745791402501
6390.0,3.9425,-1.0255,3.9391666666664755,26.12,61.49555583637763
6395.0,3.9425,-1.0255,3.9394791666664637,26.09,61.543642036107215
6400.0,3.9425,-1.021,3.9396874999998395,26.12,61.59162273222939
6405.0,3.94,-1.0255,3.940312499999815,26.09,61.63960342835158
6410.0,3.9425,-1.0245,3.9405208333331907,26.06,61.687666182835066
6415.0,3.9425,-1.023,3.9407291666665665,26.06,61.735670324203326
6420.0,3.9425,-1.026,3.9409374999999423,26.06,61.78370963344073
6425.0,3.9425,-1.0245,3.941145833333318,26.06,61.831784110547275
6430.0,3.9425,-1.021,3.941354166666694,26.06,61.87974136142337
6435.0,3.9425,-1.026,3.9415625000000696,26.06,61.927733780168595
6440.0,3.9425,-1.0245,3.9418750000000577,26.06,61.97580825727513
6445.0,3.9425,-1.021,3.9422916666667334,26.06,62.02376550815123
6450.0,3.9425,-1.028,3.9422916666667334,26.06,62.071804817388646
6455.0,3.9425,-1.0255,3.9422916666667334,26.06,62.11994963023344
6460.0,3.9450000000000003,-1.023,3.942500000000033,26.0,62.1679772168478
6465.0,3.9400000000000004,-1.026,3.942500000000033,26.06,62.21601652608521
6470.0,3.9425,-1.023,3.942500000000033,26.06,62.264055835322615
6475.0,3.9425,-1.021,3.942500000000033,26.06,62.311977918329575
6480.0,3.9425,-1.023,3.942500000000033,26.0,62.35990000133652
6485.0,3.9450000000000003,-1.023,3.9427083333333335,26.06,62.40786897483566
6490.0,3.9475,-1.021,3.943125000000009,26.0,62.45579105784261
6495.0,3.945,-1.026,3.943333333333309,26.0,62.503783476587834
6500.0,3.9475,-1.0270000000000001,3.943749999999985,26.0,62.551916566809595
6505.0,3.95,-1.023,3.9443749999999604,26.0,62.599979321293084
6510.0,3.95,-1.026,3.9449999999999363,26.0,62.6480186305305
6515.0,3.95,-1.023,3.9456249999999122,26.0,62.696057939767904
6520.0,3.95,-1.021,3.946041666666588,26.0,62.743980022774856
6525.0,3.9525000000000006,-1.03,3.9470833333333153,26.0,62.79206622250444
6530.0,3.95,-1.0245,3.9477083333332907,26.0,62.84023448059533
6535.0,3.9525000000000006,-1.021,3.9485416666666424,26.0,62.88819173147142
6540.0,3.9525000000000006,-1.023,3.949374999999994,26.0,62.936113814478375
6545.0,3.9512500000000004,-1.0219999999999998,3.9498958333333576,26.0,62.98405934273143
6550.0,3.9475000000000002,-1.021,3.9498958333333576,26.0,63.031957980492294
6555.0,3.9450000000000003,-1.026,3.9498958333333576,26.0,63.07995039923752
6560.0,3.9525000000000006,-1.0219999999999998,3.950312500000033,26.0,63.12796626322883
6565.0,3.9525000000000006,-1.023,3.950520833333409,26.0,63.17591179148187
6570.0,3.9525000000000006,-1.021,3.9507291666667848,26.0,63.22383387448883
6575.0,3.9525000000000006,-1.0215,3.9509375000001605,26.0,63.27172078962665
6580.0,3.95,-1.026,3.9509375000001605,26.0,63.319724930994916
6585.0,3.9525000000000006,-1.023,3.9509375000001605,26.0,63.367764240232326
6590.0,3.9525000000000006,-1.0255,3.9511458333335363,26.0,63.41579182684668
6595.0,3.9525000000000006,-1.021,3.9511458333335363,26.0,63.46377252296887
6600.0,3.9524999999999997,-1.023,3.9511458333335363,26.0,63.51169460597581
6605.0,3.9525000000000006,-1.02,3.951250000000224,26.0,63.55959324373668
6610.0,3.9525000000000006,-1.026,3.9516666666669003,26.0,63.60756221723582
6615.0,3.9525000000000006,-1.026,3.9522916666669516,26.0,63.65567186221149
6620.0,3.9525000000000006,-1.026,3.9522916666669516,26.0,63.70378150718716
6625.0,3.9525000000000006,-1.023,3.9522916666669516,26.0,63.75182081642456
6630.0,3.9525000000000006,-1.023,3.9522916666669516,26.0,63.7997897899237
6635.0,3.9525000000000006,-1.023,3.9522916666669516,26.0,63.84775876342283
6640.0,3.9575,-1.023,3.952916666667003,26.0,63.89572773692197
6645.0,3.9575,-1.026,3.953333333333679,26.0,63.94376704615937
6650.0,3.95875,-1.0219999999999998,3.9538541666669667,25.97,63.99178291015068
6655.0,3.9575,-1.023,3.9542708333336427,25.94,64.03972843840373
6660.0,3.9600000000000004,-1.023,3.954895833333618,25.94,64.08769741190287
6665.0,3.9600000000000004,-1.02,3.955520833333594,25.94,64.13559604966373
6670.0,3.9600000000000004,-1.0245,3.95614583333357,25.94,64.18352985529373
6675.0,3.9600000000000004,-1.021,3.9567708333335454,25.94,64.23148710616982
6680.0,3.9600000000000004,-1.023,3.9573958333335213,25.94,64.27940918917679
6685.0,3.9612500000000006,-1.0225,3.958125000000185,25.94,64.32736644005288
6690.0,3.9625000000000004,-1.021,3.958958333333461,25.94,64.3752768004368
6695.0,3.9562500000000003,-1.02,3.9592708333334485,25.94,64.42312854770547
6700.0,3.95875,-1.0219999999999998,3.9593750000000605,25.94,64.47100374022024
6705.0,3.9625000000000004,-1.028,3.9597916666666606,25.94,64.51906649470375
6710.0,3.9625000000000004,-1.0245,3.9601041666666483,25.905,64.56718786230246
6715.0,3.9625000000000004,-1.0255,3.9605208333332484,25.905,64.61525061678596
6720.0,3.9625000000000004,-1.017,3.9607291666665483,25.94,64.66313753192378
6725.0,3.9625000000000004,-1.021,3.9609374999998486,25.87,64.7109189434542
6730.0,3.9625000000000004,-1.0245,3.9611458333331484,25.87,64.7588761943303
6735.0,3.9625000000000004,-1.023,3.9613541666664482,25.87,64.80688033569855
6740.0,3.9625000000000004,-1.0245,3.9615624999997485,25.87,64.85488447706682
6745.0,3.9625000000000004,-1.0219999999999998,3.9616666666663605,25.87,64.902865173189
6750.0,3.9625000000000004,-1.026,3.9616666666663605,25.87,64.95088103718032
6755.0,3.9625000000000004,-1.0245,3.9621874999996485,25.87,64.99895551428686
6760.0,3.9625000000000004,-1.023,3.962499999999636,25.87,65.04695965565513
6765.0,3.9625000000000004,-1.023,3.962499999999636,25.87,65.09492862915425
6770.0,3.96375,-1.0225,3.962604166666324,25.87,65.14288588003035
6775.0,3.9625000000000004,-1.0234999999999999,3.962604166666324,25.87,65.19085485352947
6780.0,3.9625000000000004,-1.026,3.962604166666324,25.87,65.23890588538993
6785.0,3.96375,-1.026,3.962708333333012,25.87,65.2870155303656
6790.0,3.9662500000000005,-1.02,3.9630208333330756,25.84,65.33498450386473
6795.0,3.9675000000000002,-1.023,3.9634374999997513,25.87,65.3828831416256
6800.0,3.96875,-1.0219999999999998,3.963958333333115,25.84,65.43082866987865
6805.0,3.97,-1.0234999999999999,3.9645833333331666,25.81,65.47878592075475
6810.0,3.97,-1.026,3.965208333333218,25.81,65.52683695261518
6815.0,3.97,-1.0234999999999999,3.96583333333327,25.81,65.57488798447564
6820.0,3.97,-1.0219999999999998,3.966458333333321,25.81,65.62284523535172
6825.0,3.97,-1.023,3.9670833333333726,25.81,65.67079076360478
6830.0,3.97,-1.023,3.9676041666667365,25.81,65.71875973710391
6835.0,3.9712500000000004,-1.023,3.9683333333334,25.81,65.76672871060303
6840.0,3.97,-1.023,3.9689583333334517,25.81,65.81469768410217
6845.0,3.9675000000000002,-1.019,3.9692708333334394,25.81,65.86257287661694
6850.0,3.9725,-1.0245,3.9697916666667274,25.81,65.91048323700086
6855.0,3.9725,-1.021,3.970208333333403,25.81,65.95844048787696
6860.0,3.9725,-1.023,3.970520833333391,25.81,66.00636257088391
6865.0,3.9725,-1.023,3.970729166666691,25.81,66.05433154438303
6870.0,3.9725,-1.019,3.970937499999991,25.81,66.10220673689781
6875.0,3.9725,-1.023,3.9711458333332907,25.81,66.15008192941258
6880.0,3.9725,-1.0225,3.971354166666591,25.81,66.19803918028867
6885.0,3.9725,-1.019,3.971562499999891,25.81,66.24590265018041
6890.0,3.9725,-1.021,3.9717708333331907,25.75,66.293730952203
6895.0,3.9725,-1.0234999999999999,3.9718749999998786,25.75,66.34166475783302
6900.0,3.9725,-1.023,3.972083333333179,25.75,66.3896454539552
6905.0,3.9725,-1.021,3.9724999999998545,25.75,66.43756753696215
6910.0,3.9725,-1.021,3.9724999999998545,25.75,66.48544272947692
6915.0,3.9725,-1.021,3.9724999999998545,25.81,66.5333179219917
6920.0,3.975,-1.023,3.9727083333332303,25.75,66.58124000499865
6925.0,3.9725,-1.019,3.9727083333332303,25.75,66.62911519751343
6930.0,3.9725,-1.019,3.9727083333332303,25.75,66.67689660904385
6935.0,3.975,-1.023,3.972916666666606,25.75,66.72477180155862
6940.0,3.9762500000000003,-1.0245,3.9732291666665938,25.75,66.77277594292687
6945.0,3.9775,-1.023,3.97364583333327,25.75,66.82078008429515
6950.0,3.9775,-1.021,3.9740624999999454,25.75,66.8687021673021
6955.0,3.97875,-1.021,3.974583333333309,25.75,66.91657735981687
6960.0,3.98,-1.023,3.975208333333285,25.75,66.96449944282382
6965.0,3.98,-1.026,3.9758333333332607,25.75,67.01253875206123
6970.0,3.98,-1.0219999999999998,3.976458333333236,25.75,67.06055461605254
6975.0,3.98,-1.017,3.977083333333212,25.75,67.10835947282905
6980.0,3.9825000000000004,-1.019,3.977708333333188,25.75,67.15609399386729
6985.0,3.9825000000000004,-1.021,3.978541666666539,25.75,67.2039222958899
6990.0,3.9825000000000004,-1.023,3.979374999999891,25.75,67.25184437889685
6995.0,3.9825000000000004,-1.023,3.9799999999998668,25.75,67.29981335239597
7000.0,3.9825000000000004,-1.0245,3.9805208333332303,25.75,67.34781749376425
7005.0,3.9825000000000004,-1.021,3.980937499999906,25.75,67.39577474464033
7010.0,3.9825000000000004,-1.021,3.981354166666582,25.75,67.44364993715512
7015.0,3.9825000000000004,-1.02,3.9816666666665697,25.75,67.49150168442381
7020.0,3.9825000000000004,-1.021,3.9818749999999454,25.69,67.53935343169249
7025.0,3.9825000000000004,-1.021,3.982083333333321,25.69,67.58722862420726
7030.0,3.9825000000000004,-1.023,3.982291666666697,25.69,67.63515070721421
7035.0,3.9825000000000004,-1.021,3.9825000000000728,25.75,67.68307279022116
7040.0,3.9825000000000004,-1.017,3.9825000000000728,25.75,67.73085420175158
7045.0,3.9825000000000004,-1.0219999999999998,3.9825000000000728,25.69,67.77865905852809
7050.0,3.9825000000000004,-1.023,3.9825000000000728,25.69,67.82660458678113
7055.0,3.9825000000000004,-1.021,3.9825000000000728,25.69,67.8745266697881
7060.0,3.9825000000000004,-1.02,3.9825000000000728,25.72,67.92237841705678
7065.0,3.985,-1.0219999999999998,3.9827083333333726,25.69,67.97025360957156
7070.0,3.985,-1.023,3.982916666666673,25.69,68.0181991378246
7075.0,3.98625,-1.021,3.9832291666666606,25.69,68.06612122083155
7080.0,3.98625,-1.021,3.9835416666666483,25.69,68.11399641334633
7085.0,3.9875,-1.023,3.9839583333333244,25.69,68.16191849635328
7090.0,3.98875,-1.02,3.984479166666688,25.69,68.20981713411415
7095.0,3.9887500000000005,-1.023,3.9850000000000514,25.69,68.25771577187501
7100.0,3.9925,-1.019,3.985833333333403,25.69,68.30559096438978
7105.0,3.9925,-1.0219999999999998,3.9866666666667547,25.69,68.35344271165847
7110.0,3.9925,-1.019,3.987500000000106,25.655,68.40129445892717
7115.0,3.9925,-1.021,3.9883333333334576,25.62,68.44912276094976
7120.0,3.9925,-1.0219999999999998,3.9891666666668093,25.655,68.49702139871063
7125.0,3.9925,-1.021,3.9897916666668607,25.655,68.5449200364715
7130.0,3.9925,-1.019,3.990416666666912,25.69,68.5927483384941
7135.0,3.9925,-1.0219999999999998,3.990937500000276,25.62,68.64060008576278
7140.0,3.9925,-1.02,3.9914583333336395,25.62,68.68847527827756
7145.0,3.9925,-1.023,3.991875000000315,25.62,68.73637391603843
7150.0,3.9925,-1.021,3.9921875000003033,25.62,68.78429599904537
7155.0,3.9925,-1.017,3.992500000000291,25.62,68.83207741057579
7160.0,3.9925,-1.019,3.992500000000291,25.62,68.87981193161404
7165.0,3.9925,-1.021,3.992500000000291,25.62,68.92764023363665
7170.0,3.9925,-1.0219999999999998,3.992500000000291,25.62,68.97553887139752
7175.0,3.9925,-1.019,3.992500000000291,25.62,69.0233906186662
7180.0,3.9937500000000004,-1.021,3.992604166666903,25.62,69.07121892068879
7185.0,3.9925,-1.02,3.992604166666903,25.62,69.11907066795749
7190.0,3.995,-1.021,3.9928125000002033,25.62,69.16692241522617
7195.0,3.99625,-1.019,3.993125000000191,25.62,69.21475071724878
7200.0,3.99625,-1.0219999999999998,3.9934375000001787,25.62,69.26260246451747
7205.0,3.9975,-1.019,3.9938541666668548,25.62,69.31045421178614
7210.0,4.0,-1.019,3.9944791666668302,25.62,69.35823562331656
7215.0,4.0024999999999995,-1.021,3.995312500000106,25.62,69.40606392533917
7220.0,4.0024999999999995,-1.017,3.9961458333333817,25.62,69.45384533686959
7225.0,4.0024999999999995,-1.019,3.9969791666666574,25.62,69.50157985790784
7230.0,4.0024999999999995,-1.0219999999999998,3.997812499999933,25.62,69.54943160517651
7235.0,4.0024999999999995,-1.023,3.998645833333209,25.62,69.59737713342956
7240.0,4.0024999999999995,-1.021,3.9993749999998727,25.62,69.64529921643651
7245.0,4.0024999999999995,-1.021,4.000208333333148,25.62,69.69317440895128
7250.0,4.0024999999999995,-1.023,4.000833333333124,25.69,69.74109649195825
7255.0,4.0024999999999995,-1.017,4.001354166666412,25.62,69.78892479398084
7260.0,4.0024999999999995,-1.019,4.0018749999997,25.62,69.83665931501909
7265.0,4.0024999999999995,-1.021,4.0022916666662995,25.62,69.88448761704169
7270.0,4.0024999999999995,-1.019,4.0024999999996,25.62,69.9323159190643
7275.0,4.0024999999999995,-1.02,4.0024999999996,25.62,69.98012077584079
7280.0,4.0024999999999995,-1.021,4.0024999999996,25.62,70.02797252310948
7285.0,4.0024999999999995,-1.026,4.0024999999996,25.62,70.0759649418547
7290.0,4.0024999999999995,-1.0215,4.0024999999996,25.62,70.12396908322299
7295.0,4.0024999999999995,-1.019,4.0024999999996,25.62,70.17180910786861
7300.0,4.005,-1.017,4.002708333332976,25.62,70.21954362890685
7305.0,4.0075,-1.02,4.003124999999652,25.62,70.26730159519119
7310.0,4.0075,-1.017,4.003541666666327,25.62,70.31505956147551
7315.0,4.0075,-1.019,4.003958333333003,25.62,70.36279408251374
7320.0,4.00875,-1.019,4.004479166666367,25.62,70.41057549404417
7325.0,4.01,-1.019,4.005104166666418,25.56,70.45835690557459
7330.0,4.012499999999999,-1.019,4.00593749999977,25.62,70.50613831710501
7335.0,4.012499999999999,-1.0234999999999999,4.006770833333121,25.56,70.55402523224284
7340.0,4.012499999999999,-1.017,4.007604166666472,25.62,70.60186525688847
7345.0,4.012499999999999,-1.019,4.0084374999998245,25.56,70.64959977792672
7350.0,4.012499999999999,-1.021,4.009270833333176,25.56,70.69742807994932
7355.0,4.012499999999999,-1.019,4.010104166666527,25.56,70.74525638197193
7360.0,4.012499999999999,-1.017,4.010729166666503,25.56,70.79299090301015
7365.0,4.012499999999999,-1.019,4.011145833333178,25.56,70.8407254240484
7370.0,4.012499999999999,-1.021,4.0115624999998545,25.56,70.888553726071
7375.0,4.012499999999999,-1.026,4.0119791666665305,25.56,70.93654614481622
7380.0,4.012499999999999,-1.02,4.012291666666518,25.56,70.98451511831536
7385.0,4.012499999999999,-1.023,4.012499999999818,25.56,71.03241375607622
7390.0,4.012499999999999,-1.019,4.012499999999818,25.56,71.080288948591
7395.0,4.012499999999999,-1.0219999999999998,4.012499999999818,25.56,71.12814069585968
7400.0,4.015,-1.017,4.012708333333194,25.56,71.1759455526362
7405.0,4.0175,-1.021,4.01312499999987,25.56,71.22372696416662
7410.0,4.0175,-1.0234999999999999,4.013541666666545,25.56,71.27166076979663
7415.0,4.0175,-1.021,4.013958333333221,25.56,71.31959457542662
7420.0,4.02,-1.019,4.014583333333273,25.56,71.36742287744921
7425.0,4.02,-1.0179999999999998,4.015208333333324,25.56,71.41518084373355
7430.0,4.02,-1.019,4.015833333333376,25.56,71.46293881001787
7435.0,4.02,-1.017,4.016458333333428,25.56,71.51067333105613
7440.0,4.0225,-1.021,4.017291666666779,25.56,71.55845474258655
7445.0,4.0225,-1.0179999999999998,4.01812500000013,25.56,71.60625959936304
7450.0,4.0225,-1.021,4.018958333333482,25.56,71.65406445613955
7455.0,4.0225,-1.0215,4.019791666666833,25.56,71.70195137127737
7460.0,4.0225,-1.021,4.020416666666809,25.56,71.74983828641518
7465.0,4.0225,-1.017,4.020833333333485,25.56,71.79761969794562
7470.0,4.0225,-1.019,4.021250000000161,25.56,71.84535421898384
7475.0,4.0225,-1.017,4.021666666666836,25.56,71.8930887400221
7480.0,4.0225,-1.017,4.021875000000136,25.56,71.94077637056816
7485.0,4.02375,-1.019,4.022187500000125,25.53,71.9885108916064
7490.0,4.02375,-1.019,4.022500000000112,25.56,72.03629230313682
7495.0,4.0225,-1.019,4.022708333333412,25.5,72.08407371466724
7500.0,4.02625,-1.02,4.0230208333334,25.53,72.13187857144374
7505.0,4.0275,-1.02,4.0234375000000755,25.53,72.17970687346634
7510.0,4.03,-1.021,4.024062500000052,25.5,72.22755862073504
7515.0,4.0275,-1.019,4.024479166666727,25.56,72.27538692275763
7520.0,4.0275,-1.019,4.024895833333403,25.56,72.32316833428806
7525.0,4.03,-1.019,4.0255208333333785,25.5,72.37094974581848
7530.0,4.0287500000000005,-1.021,4.0260416666667425,25.53,72.41877804784109
7535.0,4.03125,-1.016,4.026770833333406,25.5,72.46653601412541
7540.0,4.0325,-1.023,4.027604166666758,25.56,72.51434087090192
7545.0,4.0325,-1.02,4.028333333333421,25.5,72.56223950866278
7550.0,4.0325,-1.019,4.029062500000085,25.53,72.61004436543928
7555.0,4.0325,-1.026,4.029895833333437,25.5,72.65798989369233
7560.0,4.0325,-1.02,4.0304166666668,25.53,72.70595886719147
7565.0,4.0325,-1.021,4.030833333333476,25.53,72.75381061446015
7570.0,4.0325,-1.021,4.031041666666852,25.56,72.80168580697493
7575.0,4.032500000000001,-1.0179999999999998,4.031458333333528,25.56,72.84949066375144
7580.0,4.0325,-1.021,4.031875000000203,25.56,72.89729552052793
7585.0,4.035,-1.023,4.032291666666879,25.56,72.9452176035349
7590.0,4.036250000000001,-1.02,4.032916666666854,25.5,72.99311624129577
7595.0,4.0375,-1.02,4.033437500000218,25.5,73.04094454331836
7600.0,4.0375000000000005,-1.019,4.033854166666894,25.56,73.08874940009487
7605.0,4.035,-1.021,4.034062500000194,25.5,73.13657770211746
7610.0,4.04,-1.02,4.03468750000017,25.5,73.18442944938616
7615.0,4.04,-1.021,4.0353125000001455,25.5,73.23228119665485
7620.0,4.04,-1.019,4.035937500000121,25.5,73.28010949867745
7625.0,4.04,-1.021,4.036562500000097,25.5,73.32793780070006
7630.0,4.04,-1.021,4.037187500000073,25.5,73.37581299321482
7635.0,4.04,-1.019,4.037812500000048,25.5,73.42364129523742
7640.0,4.04125,-1.019,4.038541666666712,25.5,73.47142270676784
7645.0,4.0425,-1.019,4.039166666666688,25.5,73.51920411829826
7650.0,4.0425,-1.021,4.0396874999999755,25.5,73.56703242032087
7655.0,4.0425,-1.019,4.040104166666576,25.5,73.61486072234347
7660.0,4.0425,-1.019,4.040520833333176,25.5,73.66264213387389
7665.0,4.0425,-1.026,4.041145833333151,25.5,73.71058766212694
7670.0,4.0425,-1.019,4.041354166666451,25.5,73.75853319037998
7675.0,4.045,-1.019,4.0417708333331275,25.5,73.8063146019104
7680.0,4.045,-1.021,4.042187499999803,25.5,73.85414290393301
7685.0,4.04875,-1.02,4.042916666666467,25.5,73.90199465120169
7690.0,4.05,-1.021,4.043749999999818,25.5,73.94984639847037
7695.0,4.05,-1.021,4.044583333333169,25.5,73.99772159098515
7700.0,4.05,-1.023,4.0453124999998336,25.5,74.0456436739921
7705.0,4.05,-1.026,4.0459374999998845,25.5,74.09368298322951
7710.0,4.05,-1.017,4.046562499999936,25.5,74.14158162099038
7715.0,4.05,-1.0219999999999998,4.047187499999988,25.5,74.18938647776689
7720.0,4.052499999999999,-1.019,4.048020833333339,25.5,74.23723822503557
7725.0,4.052499999999999,-1.021,4.048854166666691,25.5,74.28506652705818
7730.0,4.052499999999999,-1.017,4.049687500000043,25.53,74.3328479385886
7735.0,4.052499999999999,-1.023,4.050312500000018,25.5,74.3806762406112
7740.0,4.052499999999999,-1.017,4.050937499999994,25.56,74.4285045426338
7745.0,4.052499999999999,-1.0179999999999998,4.051249999999982,25.56,74.47621561842594
7750.0,4.052499999999999,-1.021,4.051458333333282,25.56,74.52402047520246
7755.0,4.055,-1.021,4.051874999999957,25.56,74.57189566771723
7760.0,4.055,-1.019,4.052291666666633,25.56,74.61972396973982
7765.0,4.0575,-1.019,4.052916666666609,25.56,74.66750538127025
7770.0,4.0575,-1.021,4.053541666666585,25.56,74.71533368329285
7775.0,4.06,-1.021,4.054374999999936,25.56,74.76320887580762
7780.0,4.06,-1.021,4.054999999999988,25.56,74.8110840683224
7785.0,4.06,-1.021,4.055625000000039,25.56,74.85895926083717
7790.0,4.06,-1.0179999999999998,4.056250000000091,25.56,74.90676411761368
7795.0,4.06,-1.021,4.056875000000143,25.56,74.95456897439018
7800.0,4.0625,-1.021,4.057708333333494,25.56,75.00244416690495
7805.0,4.0625,-1.0234999999999999,4.058541666666845,25.56,75.05037797253496
7810.0,4.0625,-1.023,4.059375000000197,25.56,75.09835866865714
7815.0,4.0625,-1.019,4.060000000000173,25.56,75.14623386117191
7820.0,4.0625,-1.0219999999999998,4.060625000000148,25.56,75.1940856084406
7825.0,4.0625,-1.019,4.061041666666824,25.56,75.24193735570928
7830.0,4.0625,-1.021,4.0614583333335,25.62,75.28976565773188
7835.0,4.0625,-1.02,4.0616666666668,25.62,75.33761740500057
7840.0,4.0625,-1.021,4.0618750000001,25.62,75.38546915226925
7845.0,4.0675,-1.026,4.0625000000000755,25.62,75.43346157101448
7850.0,4.0675,-1.0179999999999998,4.063125000000052,25.62,75.48138365402144
7855.0,4.0675,-1.02,4.063750000000027,25.62,75.52916506555187
7860.0,4.07,-1.023,4.064375000000003,25.62,75.57706370331273
7865.0,4.07,-1.0219999999999998,4.064999999999979,25.62,75.62500923156577
7870.0,4.07,-1.0219999999999998,4.0656249999999545,25.62,75.67293131457272
7875.0,4.07,-1.021,4.06624999999993,25.62,75.72082995233359
7880.0,4.07125,-1.0219999999999998,4.066979166666594,25.62,75.76872859009445
7885.0,4.0725,-1.019,4.067812499999945,25.62,75.81658033736315
7890.0,4.0725,-1.023,4.068645833333297,25.62,75.86445552987792
7895.0,4.0725,-1.021,4.069479166666649,25.62,75.91237761288487
7900.0,4.0725,-1.0245,4.0703125,25.62,75.96033486376098
7905.0,4.0725,-1.019,4.070729166666676,25.62,76.00824522414487
7910.0,4.0725,-1.02,4.071145833333351,25.62,76.0560500809214
7915.0,4.0725,-1.0215,4.071562500000027,25.69,76.10391355081312
7920.0,4.0725,-1.021,4.071770833333403,25.69,76.15180046595094
7925.0,4.0725,-1.02,4.071979166666779,25.69,76.19965221321962
7930.0,4.07625,-1.019,4.072500000000143,25.69,76.24745706999614
7935.0,4.077500000000001,-1.021,4.073125000000194,25.69,76.29528537201874
7940.0,4.08,-1.021,4.073854166666858,25.69,76.3431605645335
7945.0,4.07875,-1.0225,4.0743750000001455,25.69,76.39107092491743
7950.0,4.08,-1.023,4.075000000000121,25.69,76.43902817579352
7955.0,4.08125,-1.0234999999999999,4.075729166666785,25.69,76.48700887191569
7960.0,4.0825,-1.0219999999999998,4.076562500000136,25.69,76.53496612279179
7965.0,4.0825,-1.026,4.077395833333488,25.69,76.58298198678311
7970.0,4.0825,-1.0234999999999999,4.07822916666684,25.69,76.63103301864355
7975.0,4.0825,-1.019,4.079062500000191,25.72,76.67891993378137
7980.0,4.0825,-1.023,4.079895833333542,25.69,76.72679512629614
7985.0,4.0825,-1.0225,4.080729166666894,25.69,76.77475237717223
7990.0,4.0825,-1.0270000000000001,4.081250000000257,25.72,76.82280340903269
7995.0,4.0825,-1.021,4.0816666666669335,25.75,76.870819273024
8000.0,4.0825,-1.021,4.081875000000309,25.75,76.91869446553878
8005.0,4.0825,-1.0234999999999999,4.082187500000373,25.75,76.96662827116877
8010.0,4.0825,-1.026,4.082395833333749,25.75,77.01467930302923
8015.0,4.0825,-1.019,4.082500000000437,25.75,77.06262483128226
8020.0,4.0875,-1.0234999999999999,4.082916666667036,25.75,77.1105117464201
8025.0,4.0875,-1.023,4.083333333333637,25.75,77.15849244254225
8030.0,4.0875,-1.021,4.0837500000002365,25.75,77.20641452554922
8035.0,4.09,-1.023,4.084375000000212,25.75,77.25433660855619
8040.0,4.09,-1.023,4.085000000000188,25.75,77.30230558205533
8045.0,4.092499999999999,-1.023,4.085833333333464,25.75,77.35027455555445
8050.0,4.092499999999999,-1.0245,4.08666666666674,25.75,77.39827869692272
8055.0,4.092499999999999,-1.023,4.0875000000000155,25.75,77.44628283829098
8060.0,4.092499999999999,-1.028,4.088333333333291,25.75,77.49436903802057
8065.0,4.092499999999999,-1.0219999999999998,4.089166666666567,25.78,77.54243179250406
8070.0,4.092499999999999,-1.026,4.089999999999843,25.75,77.59044765649539
8075.0,4.092499999999999,-1.023,4.090833333333118,25.75,77.63848696573278
8080.0,4.092499999999999,-1.023,4.0912499999997936,25.78,77.68645593923192
8085.0,4.092499999999999,-1.023,4.09166666666647,25.81,77.73442491273104
8090.0,4.092499999999999,-1.023,4.092083333333146,25.81,77.78239388623018
8095.0,4.092499999999999,-1.02,4.092291666666445,25.81,77.83029252399105
8100.0,4.092499999999999,-1.026,4.092499999999745,25.81,77.87826149749019
8105.0,4.095,-1.023,4.092708333333121,25.81,77.92630080672758
8110.0,4.09125,-1.021,4.092604166666509,25.81,77.97422288973455
8115.0,4.095,-1.026,4.0928124999998845,25.81,78.02221530847977
8120.0,4.0975,-1.026,4.093229166666561,25.81,78.07032495345544
8125.0,4.0975,-1.0234999999999999,4.093645833333237,25.81,78.1183759853159
8130.0,4.1025,-1.028,4.094479166666588,25.81,78.1664739076685
8135.0,4.1025,-1.021,4.095312499999939,25.81,78.21451321690591
8140.0,4.10125,-1.0255,4.096041666666603,25.81,78.26249391302808
8145.0,4.1025,-1.023,4.0968749999999545,25.81,78.31052149964245
8150.0,4.1025,-1.019,4.097708333333306,25.81,78.35839669215721
8155.0,4.1025,-1.0234999999999999,4.098541666666658,25.84,78.40628360729505
8160.0,4.1025,-1.023,4.099375000000009,25.87,78.45426430341722
8165.0,4.1025,-1.021,4.0999999999999845,25.81,78.50218638642417
8170.0,4.1025,-1.0270000000000001,4.100937499999948,25.87,78.5502022504155
8175.0,4.1025,-1.023,4.1015624999999245,25.87,78.59826500489899
8180.0,4.1025,-1.019,4.1019791666666,25.87,78.64614019741376
8185.0,4.1025,-1.0245,4.102395833333276,25.84,78.69405055779767
8190.0,4.105,-1.021,4.102604166666576,25.87,78.74200780867376
8195.0,4.1025,-1.026,4.102604166666576,25.81,78.79000022741899
8200.0,4.1025,-1.026,4.102708333333264,25.81,78.83810987239465
8205.0,4.1025,-1.023,4.102708333333264,25.81,78.88614918163206
8210.0,4.105,-1.026,4.102916666666563,25.81,78.93418849086945
8215.0,4.106249999999999,-1.0245,4.1032291666665515,25.81,78.982262967976
8220.0,4.1075,-1.023,4.1036458333332275,25.81,79.03026710934425
8225.0,4.1075,-1.028,4.104062499999903,25.81,79.07835330907383
8230.0,4.11,-1.0219999999999998,4.104687499999879,25.81,79.12641606355734
8235.0,4.112500000000001,-1.023,4.10552083333323,25.81,79.17436159181037
8240.0,4.112500000000001,-1.023,4.1063541666665815,25.81,79.2223305653095
8245.0,4.112500000000001,-1.0245,4.107187499999934,25.81,79.27033470667777
8250.0,4.112500000000001,-1.0245,4.1078124999999845,25.81,79.31837401591517
8255.0,4.112500000000001,-1.023,4.108645833333337,25.81,79.36637815728344
8260.0,4.112500000000001,-1.0245,4.109479166666688,25.78,79.4143822986517
8265.0,4.112500000000001,-1.0219999999999998,4.110312500000039,25.78,79.46236299477387
8270.0,4.112500000000001,-1.023,4.110937500000091,25.75,79.51030852302691
8275.0,4.112500000000001,-1.0234999999999999,4.111458333333455,25.75,79.55828921914907
8280.0,4.112500000000001,-1.0255,4.11187500000013,25.78,79.60632852838648
8285.0,4.112500000000001,-1.021,4.112291666666806,25.75,79.65430922450865
8290.0,4.112500000000001,-1.0245,4.112500000000182,25.75,79.70226647538475
8295.0,4.1137500000000005,-1.0245,4.11260416666687,25.75,79.75030578462214
8300.0,4.11,-1.028,4.112395833333494,25.75,79.79842715222087
8305.0,4.112500000000001,-1.0245,4.112395833333494,25.75,79.84654851981958
8310.0,4.11375,-1.0270000000000001,4.112500000000182,25.75,79.89464644217222
8315.0,4.112500000000001,-1.021,4.112500000000182,25.75,79.94266230616354
8320.0,4.11625,-1.0234999999999999,4.11281250000017,25.75,79.99059611179354
8325.0,4.11625,-1.0234999999999999,4.113125000000157,25.75,80.03858853053876
8330.0,4.1175,-1.019,4.113541666666833,25.75,80.08647544567658
8335.0,4.11875,-1.0245,4.114062500000121,25.75,80.1343858060605
8340.0,4.1175,-1.0219999999999998,4.114479166666797,25.75,80.18236650218267
8345.0,4.12,-1.023,4.1151041666667725,25.75,80.2303120304357
8350.0,4.119999999999999,-1.0270000000000001,4.115729166666749,25.75,80.2783747849192
8355.0,4.1225,-1.021,4.116458333333412,25.75,80.32639064891052
8360.0,4.1175,-1.021,4.117083333333464,25.75,80.37426584142528
8365.0,4.12125,-1.0245,4.117812500000127,25.75,80.42222309230138
8370.0,4.1225,-1.0245,4.118541666666791,25.75,80.47026240153879
8375.0,4.1175,-1.026,4.118958333333467,25.75,80.51833687864531
8380.0,4.1225,-1.019,4.119479166666831,25.69,80.56628240689835
8385.0,4.12125,-1.0219999999999998,4.119895833333506,25.72,80.61413415416705
8390.0,4.12,-1.023,4.120104166666806,25.69,80.66207968242009
8395.0,4.1225,-1.026,4.12041666666687,25.69,80.71011899165748
8400.0,4.1225,-1.0234999999999999,4.120833333333546,25.69,80.75817002351793
8405.0,4.1225,-1.023,4.121041666666922,25.69,80.80615071964012
8410.0,4.1225,-1.026,4.121250000000297,25.69,80.85419002887751
8415.0,4.1225,-1.0270000000000001,4.121250000000297,25.69,80.90232311909928
8420.0,4.1225,-1.023,4.121666666666973,25.69,80.95038587358276
8425.0,4.125,-1.028,4.121979166666961,25.69,80.99847207331236
8430.0,4.12125,-1.0219999999999998,4.121875000000273,25.69,81.04653482779585
8435.0,4.12,-1.023,4.122083333333573,25.69,81.09448035604888
8440.0,4.1225,-1.026,4.122083333333573,25.69,81.14251966528629
8445.0,4.125,-1.0245,4.12239583333356,25.69,81.19059414239281
8450.0,4.125,-1.021,4.1228125000002365,25.69,81.2385513932689
8455.0,4.1275,-1.026,4.123229166666836,25.69,81.28654381201413
8460.0,4.126250000000001,-1.0219999999999998,4.123541666666824,25.69,81.33455967600545
8465.0,4.1225000000000005,-1.028,4.123541666666824,25.69,81.38262243048895
8470.0,4.13,-1.021,4.1241666666668,25.69,81.43066173972635
8475.0,4.13,-1.026,4.124791666666776,25.69,81.47865415847157
8480.0,4.1275,-1.023,4.125208333333376,25.69,81.52669346770898
8485.0,4.125,-1.026,4.125208333333376,25.69,81.57473277694636
8490.0,4.13,-1.0265,4.125937500000039,25.69,81.62285414454509
8495.0,4.1275,-1.023,4.1265625000000155,25.69,81.67090517640555
8500.0,4.1325,-1.026,4.127395833333291,25.62,81.71894448564294
8505.0,4.13125,-1.021,4.127916666666654,25.62,81.76693690438817
8510.0,4.1275,-1.023,4.1281249999999545,25.69,81.81485898739513
8515.0,4.1325,-1.023,4.128541666666631,25.62,81.86282796089426
8520.0,4.1325,-1.0234999999999999,4.129062499999918,25.62,81.91080865701645
8525.0,4.1325,-1.023,4.129895833333194,25.62,81.9587893531386
8530.0,4.13,-1.028,4.129895833333194,25.62,82.0068755528682
8535.0,4.1325,-1.0219999999999998,4.130104166666494,25.62,82.05493830735169
8540.0,4.1325,-1.023,4.130520833333169,25.62,82.10288383560473
8545.0,4.1325,-1.023,4.131145833333146,25.62,82.15085280910385
8550.0,4.1325,-1.0234999999999999,4.131354166666445,25.62,82.19883350522603
8555.0,4.1325,-1.017,4.131770833333121,25.62,82.24667352987167
8560.0,4.13,-1.023,4.131562499999821,25.62,82.29450183189428
8565.0,4.13125,-1.023,4.131562499999821,25.62,82.3424708053934
8570.0,4.13,-1.023,4.131770833333197,25.62,82.39043977889254
8575.0,4.13,-1.023,4.131562499999897,25.62,82.43840875239167
8580.0,4.13,-1.0219999999999998,4.131354166666597,25.62,82.48635428064472
8585.0,4.132499999999999,-1.021,4.131354166666597,25.62,82.53425291840558
8590.0,4.1325,-1.021,4.131562499999897,25.62,82.58212811092035
8595.0,4.13375,-1.023,4.131666666666585,25.62,82.6300501939273
8600.0,4.1325,-1.023,4.131666666666585,25.62,82.67801916742644
8605.0,4.1325,-1.021,4.131666666666585,25.62,82.72594125043341
8610.0,4.13125,-1.019,4.131562499999973,25.62,82.77376955245602
8615.0,4.1325,-1.0219999999999998,4.131562499999973,25.62,82.8216212997247
8620.0,4.132499999999999,-1.023,4.131770833333273,25.62,82.86956682797774
8625.0,4.13375,-1.02,4.131979166666572,25.62,82.9174654657386
8630.0,4.13625,-1.0225,4.132499999999861,25.62,82.96535238087644
8635.0,4.1375,-1.023,4.133124999999836,25.62,83.01330963175253
8640.0,4.1325,-1.0219999999999998,4.133333333333137,25.62,83.06125516000556
8645.0,4.13375,-1.02,4.1334374999998245,25.62,83.10913035252034
8650.0,4.135,-1.019,4.1336458333332,25.62,83.15693520929685
8655.0,4.135,-1.0219999999999998,4.133749999999888,25.62,83.20478695656554
8660.0,4.13375,-1.0245,4.133854166666576,25.62,83.25276765268772
8665.0,4.140000000000001,-1.028,4.134479166666627,25.62,83.30088902028643
8670.0,4.1362499999999995,-1.021,4.1348958333332275,25.62,83.34892832952384
8675.0,4.13375,-1.0245,4.134999999999915,25.59,83.39688558039992
8680.0,4.140000000000001,-1.026,4.135624999999966,25.56,83.44496005750645
8685.0,4.13375,-1.0245,4.135624999999966,25.56,83.493034534613
8690.0,4.1375,-1.0219999999999998,4.135729166666654,25.56,83.54101523073516
8695.0,4.135,-1.023,4.135520833333355,25.62,83.58896075898821
8700.0,4.13375,-1.021,4.135625000000043,25.56,83.63688284199516
8705.0,4.1375,-1.0245,4.13593750000003,25.56,83.68484009287126
8710.0,4.1375,-1.026,4.13614583333333,25.56,83.7329145699778
8715.0,4.13875,-1.0219999999999998,4.1364583333333185,25.56,83.78093043396912
8720.0,4.135,-1.02,4.136562500000006,25.56,83.82880562648388
8725.0,4.135,-1.028,4.13614583333333,25.56,83.87682149047521
8730.0,4.135,-1.021,4.136041666666718,25.56,83.9248607997126
8735.0,4.13625,-1.02,4.136250000000018,25.56,83.9727125469813
8740.0,4.135,-1.019,4.135833333333342,25.56,84.02051740375781
8745.0,4.13625,-1.023,4.136041666666642,25.56,84.06839259627257
8750.0,4.140000000000001,-1.0219999999999998,4.136250000000018,25.56,84.11633812452563
8755.0,4.140000000000001,-1.023,4.136666666666694,25.56,84.16428365277866
8760.0,4.137499999999999,-1.023,4.1369791666666815,25.56,84.21225262627779
8765.0,4.13625,-1.0234999999999999,4.136874999999994,25.56,84.26023332239996
8770.0,4.1425,-1.021,4.13729166666667,25.56,84.30816712802996
8775.0,4.1375,-1.023,4.137187499999982,25.56,84.35608921103692
8780.0,4.141249999999999,-1.0245,4.137708333333269,25.56,84.40409335240518
8785.0,4.1425,-1.023,4.138333333333246,25.56,84.45209749377346
8790.0,4.1425,-1.021,4.138958333333221,25.56,84.50001957678042
8795.0,4.14125,-1.023,4.139374999999897,25.53,84.54794165978737
8800.0,4.1425,-1.021,4.139999999999873,25.56,84.59586374279434
8805.0,4.140000000000001,-1.023,4.140312499999936,25.5,84.6437858258013
8810.0,4.14125,-1.0219999999999998,4.140416666666549,25.5,84.69173135405434
8815.0,4.1425,-1.021,4.140624999999848,25.5,84.7396299918152
8820.0,4.1425,-1.021,4.141041666666524,25.5,84.78750518432999
8825.0,4.14125,-1.0219999999999998,4.1414583333332,25.5,84.83540382209085
8830.0,4.1425,-1.021,4.1414583333332,25.5,84.88330245985172
8835.0,4.1425,-1.023,4.141874999999875,25.5,84.93122454285867
8840.0,4.1425,-1.023,4.141979166666563,25.5,84.97919351635781
8845.0,4.1425,-1.023,4.141979166666563,25.5,85.02716248985695
8850.0,4.140000000000001,-1.021,4.141770833333264,25.5,85.0750845728639
8855.0,4.14125,-1.0245,4.141770833333264,25.5,85.12304182374
8860.0,4.1425,-1.028,4.141770833333264,25.5,85.17116319133872
8865.0,4.145,-1.021,4.142187499999939,25.5,85.21920250057612
8870.0,4.14375,-1.021,4.142395833333315,25.5,85.26707769309088
8875.0,4.1425,-1.021,4.142395833333315,25.5,85.31495288560566
8880.0,4.1425,-1.026,4.142395833333315,25.5,85.36294530435089
8885.0,4.1425,-1.02,4.142500000000003,25.5,85.41091427785003
8890.0,4.145,-1.021,4.1427083333333785,25.5,85.45876602511872
8895.0,4.1425,-1.023,4.1427083333333785,25.5,85.50668810812567
8900.0,4.14375,-1.02,4.142812500000066,25.5,85.55458674588654
8905.0,4.145,-1.023,4.143020833333442,25.5,85.6024853836474
8910.0,4.1425,-1.021,4.1432291666667425,25.5,85.65040746665437
8915.0,4.14125,-1.0219999999999998,4.1432291666667425,25.5,85.69830610441525
8920.0,4.1425,-1.021,4.1432291666667425,25.5,85.7462047421761
8925.0,4.145,-1.021,4.1432291666667425,25.44,85.79407993469088
8930.0,4.145,-1.0219999999999998,4.14333333333343,25.5,85.84197857245175
8935.0,4.145,-1.021,4.143541666666806,25.44,85.88987721021262
8940.0,4.1425,-1.021,4.143541666666806,25.44,85.93775240272738
8945.0,4.145,-1.0245,4.143750000000182,25.44,85.98570965360348
8950.0,4.145,-1.021,4.143750000000182,25.44,86.03366690447957
8955.0,4.1425,-1.023,4.143750000000182,25.44,86.08158898748654
8960.0,4.14625,-1.0219999999999998,4.143958333333482,25.44,86.12953451573958
8965.0,4.145,-1.028,4.143958333333482,25.44,86.17759727022307
8970.0,4.1425,-1.021,4.143958333333482,25.44,86.22563657946046
8975.0,4.14625,-1.0245,4.144375000000157,25.44,86.27359383033657
8980.0,4.145,-1.021,4.144583333333533,25.44,86.32155108121266
8985.0,4.1425,-1.019,4.144375000000157,25.44,86.36937938323526
8990.0,4.14375,-1.017,4.1442708333334695,25.44,86.4171139042735
8995.0,4.145,-1.021,4.1442708333334695,25.44,86.46489531580391
9000.0,4.15,-1.019,4.144895833333446,25.44,86.51272361782651
9005.0,4.14875,-1.0225,4.145208333333433,25.44,86.56058708771825
9010.0,4.14375,-1.0219999999999998,4.145104166666745,25.44,86.60852089334826
9015.0,4.15,-1.023,4.1457291666667215,25.44,86.65646642160128
9020.0,4.14625,-1.02,4.1457291666667215,25.44,86.70436505936216
9025.0,4.15,-1.02,4.146145833333321,25.44,86.75219336138476
9030.0,4.15,-1.019,4.146770833333297,25.44,86.79999821816125
9035.0,4.15,-1.0219999999999998,4.147083333333285,25.405,86.84784996542996
9040.0,4.14625,-1.019,4.147187499999897,25.44,86.89570171269865
9045.0,4.145,-1.021,4.147395833333273,25.44,86.94353001472125
9050.0,4.14625,-1.023,4.147604166666572,25.44,86.99145209772821
9055.0,4.14875,-1.0234999999999999,4.147916666666561,25.44,87.0394327938504
9060.0,4.15,-1.021,4.147916666666561,25.44,87.08736659948039
9065.0,4.1525,-1.0219999999999998,4.148229166666549,25.44,87.13526523724126
9070.0,4.15125,-1.02,4.148854166666524,25.44,87.18314042975602
9075.0,4.1475,-1.026,4.148645833333224,25.44,87.23110940325516
9080.0,4.14625,-1.0219999999999998,4.148645833333224,25.44,87.27912526724649
9085.0,4.15125,-1.0225,4.148749999999912,25.44,87.32705907287648
9090.0,4.15,-1.021,4.148749999999912,25.44,87.37496943326039
9095.0,4.14875,-1.02,4.1486458333333,25.44,87.42282118052908
9100.0,4.1525,-1.021,4.149166666666663,25.44,87.47067292779778
9105.0,4.1525,-1.021,4.14979166666664,25.44,87.51854812031254
9110.0,4.1525,-1.02,4.150312500000003,25.44,87.56639986758124
9115.0,4.15125,-1.019,4.150520833333303,25.44,87.61420472435776
9120.0,4.1525,-1.013,4.150729166666679,25.37,87.66184546441164
9125.0,4.1525,-1.013,4.150729166666679,25.44,87.70934553298898
9130.0,4.1525,-1.013,4.150833333333367,25.44,87.75684560156634
9135.0,4.1525,-1.004,4.151250000000043,25.44,87.80413466292887
9140.0,4.1525,-1.005,4.151770833333406,25.44,87.85123616232269
9145.0,4.15125,-1.021,4.151770833333406,25.44,87.89873623090003
9150.0,4.15,-1.023,4.151770833333406,25.44,87.946658313907
9155.0,4.15,-1.021,4.151875000000018,25.44,87.99458039691396
9160.0,4.1525,-1.0125,4.151875000000018,25.44,88.04225630483697
9165.0,4.1525,-1.008,4.151875000000018,25.44,88.08962742456082
9170.0,4.1525,-0.998,4.151875000000018,25.44,88.13665858821638
9175.0,4.1525,-0.994,4.151979166666706,25.44,88.18336151842668
9180.0,4.15,-1.026,4.15177083333333,25.44,88.23072091552747
9185.0,4.1525,-1.026,4.15177083333333,25.44,88.27883056050314
9190.0,4.1525,-1.0105,4.15177083333333,25.44,88.32657680416442
9195.0,4.1525,-0.993,4.15177083333333,25.37,88.37354935470476
9200.0,4.1525,-1.023,4.15177083333333,25.44,88.42081497082121
9205.0,4.15125,-1.0219999999999998,4.15177083333333,25.405,88.46876049907425
9210.0,4.1525,-0.995,4.151979166666706,25.37,88.5160495604368
9215.0,4.1525,-0.989,4.152187500000082,25.37,88.56256492867837
9220.0,4.154999999999999,-0.986,4.152395833333382,25.405,88.60886928970515
9225.0,4.154999999999999,-0.978,4.1526041666666815,25.37,88.65491575302494
9230.0,4.155,-1.019,4.152812499999982,25.44,88.7017359094657
9235.0,4.1525,-1.0055,4.152812499999982,25.37,88.74920081017392
9240.0,4.154999999999999,-0.983,4.153229166666658,25.37,88.7958216820229
9245.0,4.1525,-1.021,4.153229166666658,25.37,88.84280595518628
9250.0,4.15375,-0.9784999999999999,4.153333333333346,25.37,88.88968472474225
9255.0,4.154999999999999,-0.976,4.153541666666645,25.37,88.9355084582242
9260.0,4.1525,-1.021,4.153541666666645,25.37,88.98232861466495
9265.0,4.15625,-0.9974999999999999,4.153958333333321,25.37,89.02965284389663
9270.0,4.1525,-1.015,4.153958333333321,25.37,89.07683640165175
9275.0,4.157500000000001,-0.976,4.154374999999997,25.37,89.12351588661598
9280.0,4.157500000000001,-0.97,4.154583333333373,25.405,89.16914033550616
9285.0,4.157500000000001,-0.965,4.154791666666749,25.37,89.21450688668935
9290.0,4.16,-0.963,4.155208333333424,25.37,89.25970932114993
9295.0,4.157500000000001,-0.9815,4.1556250000001,25.37,89.30529860217096
9300.0,4.155,-1.011,4.1556250000001,25.37,89.35201325500432
9305.0,4.157500000000001,-0.963,4.156041666666776,25.37,89.39829417078501
9310.0,4.15625,-0.9815,4.1562500000000755,25.37,89.44388345180606
9315.0,4.157500000000001,-1.006,4.156458333333451,25.37,89.49048087840896
9320.0,4.157500000000001,-0.955,4.156875000000127,25.37,89.53645700599048
9325.0,4.15625,-0.96,4.156875000000127,25.405,89.5813546522519
9330.0,4.16,-0.955,4.157500000000103,25.37,89.62625229851331
9335.0,4.16,-0.952,4.157708333333403,25.37,89.67096238280601
9340.0,4.16,-0.949,4.157916666666703,25.37,89.71553179562216
9345.0,4.16,-0.948,4.158125000000003,25.37,89.76000742745397
9350.0,4.16,-0.944,4.158125000000003,25.37,89.80436583305531
9355.0,4.15875,-0.9644999999999999,4.158229166666615,25.37,89.84911108521713
9360.0,4.157500000000001,-0.987,4.158437499999991,25.37,89.89486448296081
9365.0,4.157500000000001,-0.983,4.158437499999991,25.37,89.94105161775714
9370.0,4.16,-0.944,4.158749999999979,25.405,89.98623060697162
9375.0,4.16,-0.937,4.1589583333332785,25.37,90.03033111486597
9380.0,4.157500000000001,-1.002,4.1589583333332785,25.37,90.07579144703352
9385.0,4.15625,-0.9924999999999999,4.1589583333332785,25.37,90.12255299035905
9390.0,4.16,-0.935,4.1589583333332785,25.37,90.16774370219659
9395.0,4.16,-0.931,4.1589583333332785,25.37,90.21149253139961
9400.0,4.157500000000001,-0.988,4.158749999999979,25.37,90.25648395864539
9405.0,4.1625,-0.9375,4.158958333333355,25.37,90.30162777999074
9410.0,4.1625,-0.933,4.159166666666731,25.37,90.34548211280116
9415.0,4.1625,-0.93,4.159479166666794,25.37,90.38916060626592
9420.0,4.16,-0.9784999999999999,4.159687500000094,25.37,90.43390585842775
9425.0,4.1625,-0.935,4.16010416666677,25.37,90.47876833682001
9430.0,4.1625,-0.9255,4.1603125000001455,25.37,90.52238821716956
9435.0,4.1625,-0.928,4.160520833333521,25.37,90.56584398079647
9440.0,4.1625,-0.922,4.160937500000197,25.37,90.60921768606207
9445.0,4.16,-0.9755,4.161250000000185,25.37,90.6537050405169
9450.0,4.16125,-0.946,4.1613541666668725,25.405,90.69875508087787
9455.0,4.1625,-0.922,4.161562500000248,25.37,90.74255080057308
9460.0,4.1625,-0.92,4.161979166666924,25.37,90.78573694386995
9465.0,4.1625,-0.916,4.161979166666924,25.37,90.8287824156903
9470.0,4.1625,-0.914,4.161979166666924,25.37,90.8716872160341
9475.0,4.1625,-0.9105000000000001,4.161979166666924,25.37,90.91446306752442
9480.0,4.1625,-0.9345,4.1621875000003,25.37,90.95771954655956
9485.0,4.1625,-0.955,4.1621875000003,25.37,91.00201933904567
9490.0,4.1625,-0.9105000000000001,4.1621875000003,25.37,91.04575644562564
9495.0,4.1625,-0.905,4.1621875000003,25.37,91.08832128990116
9500.0,4.1625,-0.903,4.1621875000003,25.37,91.13071029483099
9505.0,4.1625,-0.902,4.162395833333676,25.37,91.17302896402256
9510.0,4.1625,-0.899,4.162500000000364,25.37,91.21525385222978
9515.0,4.1625,-0.897,4.162500000000364,25.37,91.25736151420652
9520.0,4.1625,-0.8955,4.162500000000364,25.37,91.29938711782198
9525.0,4.1625,-0.894,4.162500000000364,25.37,91.34134238569914
9530.0,4.1625,-0.892,4.162500000000364,25.37,91.383215595215
9535.0,4.1625,-0.891,4.162500000000364,25.37,91.4250184689926
9540.0,4.1625,-0.89,4.162500000000364,25.405,91.46677445227802
9545.0,4.1625,-0.89,4.162500000000364,25.44,91.50850699031736
9550.0,4.1625,-0.886,4.162500000000364,25.37,91.55014574737233
9555.0,4.1625,-0.883,4.162500000000364,25.405,91.59162038770467
9560.0,4.1625,-0.882,4.162500000000364,25.37,91.63300124705265
9565.0,4.1625,-0.882,4.162500000000364,25.37,91.67435866115454
9570.0,4.1625,-0.877,4.162500000000364,25.37,91.71559884902598
9575.0,4.1625,-0.877,4.162500000000364,25.37,91.75672181066699
9580.0,4.1625,-0.873,4.162500000000364,25.37,91.79775099132362
9585.0,4.1625,-0.873,4.162500000000364,25.37,91.8386863909959
9590.0,4.1625,-0.873,4.162500000000364,25.37,91.87962179066818
9595.0,4.1625,-0.873,4.162500000000364,25.37,91.92055719034047
9600.0,4.1625,-0.872,4.162500000000364,25.37,91.96146914476665
9605.0,4.1625,-0.869,4.162500000000364,25.37,92.0022873182085
9610.0,4.1625,-0.86,4.162500000000364,25.37,92.04282414869725
9615.0,4.1625,-0.863,4.162500000000364,25.37,92.0832203077095
9620.0,4.165,-0.862,4.162708333333664,25.37,92.12366335721389
9625.0,4.1675,-0.86,4.163125000000264,25.37,92.16403607098003
9630.0,4.165,-0.859,4.163333333333564,25.37,92.20433844900789
9635.0,4.1675,-0.858,4.163750000000164,25.37,92.24459393654358
9640.0,4.1675,-0.854,4.164166666666763,25.37,92.28473219784883
9645.0,4.16625,-0.858,4.1644791666667516,25.37,92.32487045915407
9650.0,4.1675,-0.854,4.164895833333351,25.37,92.36500872045931
9655.0,4.165,-0.851,4.1651041666666515,25.37,92.40498286504193
9660.0,4.16625,-0.8505,4.16541666666664,25.37,92.44487495126323
9665.0,4.1675,-0.847,4.165833333333239,25.37,92.48467325650017
9670.0,4.165,-0.841,4.16604166666654,25.37,92.52424883189926
9675.0,4.1675,-0.842,4.166458333333139,25.37,92.5637071810679
9680.0,4.1675,-0.841,4.16666666666644,25.37,92.60316553023655
9685.0,4.1675,-0.836,4.16666666666644,25.37,92.64248320792865
9690.0,4.17125,-0.8385,4.167187499999803,25.37,92.68174227250555
9695.0,4.17,-0.839,4.167395833333178,25.37,92.72107167282068
9700.0,4.17,-0.836,4.167604166666554,25.37,92.76034246002062
9705.0,4.172499999999999,-0.829,4.168124999999843,25.37,92.79937879475966
9710.0,4.172499999999999,-0.832,4.168541666666518,25.37,92.83832134851433
9715.0,4.172499999999999,-0.828,4.169166666666494,25.37,92.8772404570229
9720.0,4.16875,-0.8254999999999999,4.1693749999997936,25.37,92.91600717143193
9725.0,4.1675,-0.823,4.1693749999997936,25.37,92.95465665961048
9730.0,4.17,-0.823,4.16979166666647,25.37,92.99324753467381
9735.0,4.17125,-0.818,4.170104166666533,25.37,93.0317211835067
9740.0,4.172499999999999,-0.821,4.170520833333209,25.37,93.07014794184741
9745.0,4.172499999999999,-0.813,4.1709374999998845,25.37,93.10845747395766
9750.0,4.17125,-0.816,4.1709374999998845,25.37,93.14664977983746
9755.0,4.172499999999999,-0.813,4.171145833333185,25.37,93.18484208571728
9760.0,4.172499999999999,-0.808,4.171354166666485,25.37,93.22284682962837
9765.0,4.172499999999999,-0.808,4.171354166666485,25.37,93.26073434730903
9770.0,4.172499999999999,-0.806,4.171354166666485,25.37,93.29857497449748
9775.0,4.172499999999999,-0.802,4.171354166666485,25.37,93.33627493020941
9780.0,4.172499999999999,-0.802,4.171666666666472,25.37,93.373881104937
9785.0,4.172499999999999,-0.799,4.172083333333148,25.37,93.41141694392631
9790.0,4.172499999999999,-0.8,4.172291666666449,25.37,93.44890589242343
9795.0,4.172499999999999,-0.7945,4.17239583333306,25.37,93.48628933731314
9800.0,4.172499999999999,-0.7935000000000001,4.17239583333306,25.37,93.52352038810328
9805.0,4.172499999999999,-0.793,4.17239583333306,25.37,93.56071627102428
9810.0,4.172499999999999,-0.788,4.172499999999673,25.37,93.59778320509179
9815.0,4.172499999999999,-0.787,4.172499999999673,25.37,93.63470946768277
9820.0,4.172499999999999,-0.783,4.172499999999673,25.37,93.67151850404328
9825.0,4.172499999999999,-0.786,4.172499999999673,25.37,93.70830409515773
9830.0,4.172499999999999,-0.784,4.172499999999673,25.37,93.74511313151825
9835.0,4.172499999999999,-0.783,4.172499999999673,25.37,93.7818518321405
9840.0,4.172499999999999,-0.778,4.172499999999673,25.37,93.81844986128624
9845.0,4.172499999999999,-0.775,4.172499999999673,25.37,93.85486032846325
9850.0,4.172499999999999,-0.776,4.172499999999673,25.37,93.89122390514807
9855.0,4.172499999999999,-0.77,4.172499999999673,25.37,93.92747025560246
9860.0,4.172499999999999,-0.7675000000000001,4.172499999999673,25.37,93.96351732146508
9865.0,4.172499999999999,-0.77,4.172499999999673,25.37,93.99956438732768
9870.0,4.172499999999999,-0.765,4.172499999999673,25.37,94.03555284007507
9875.0,4.175,-0.763,4.172708333333048,25.37,94.07137717609984
9880.0,4.175,-0.761,4.172916666666424,25.37,94.10710773114025
9885.0,4.175,-0.76,4.1731249999998,25.37,94.14276795044239
9890.0,4.175,-0.759,4.173333333333176,25.37,94.17838127925236
9895.0,4.175,-0.757,4.1735416666665515,25.37,94.21392427232406
9900.0,4.1775,-0.7515000000000001,4.1739583333332275,25.37,94.24929142605009
9905.0,4.1775,-0.749,4.174374999999903,25.37,94.28447101780739
9910.0,4.1775,-0.75,4.174791666666579,25.37,94.31961544169556
9915.0,4.1775,-0.747,4.175208333333255,25.37,94.35471297509156
9920.0,4.1775,-0.746,4.17562499999993,25.37,94.3897167275032
9925.0,4.1775,-0.74,4.176041666666606,25.37,94.42455636319221
9930.0,4.1775,-0.742,4.176458333333282,25.34,94.45930221789686
9935.0,4.1775,-0.7375,4.1766666666665815,25.34,94.49398945948629
9940.0,4.1775,-0.737,4.176874999999882,25.37,94.52855947484527
9945.0,4.1775,-0.733,4.177083333333182,25.37,94.56302398659685
9950.0,4.1775,-0.733,4.177291666666481,25.34,94.59739471736407
9955.0,4.1775,-0.729,4.177499999999782,25.31,94.63167166714693
9960.0,4.1775,-0.727,4.177499999999782,25.31,94.66580794545325
9965.0,4.1775,-0.727,4.177499999999782,25.31,94.6998973332674
9970.0,4.1775,-0.722,4.177499999999782,25.31,94.73386949485109
9975.0,4.1775,-0.712,4.177499999999782,25.31,94.76748997774345
9980.0,4.1775,-0.712,4.177499999999782,25.31,94.8008760081749
9985.0,4.1775,-0.71,4.177499999999782,25.31,94.83421514811418
9990.0,4.1775,-0.703,4.177499999999782,25.31,94.86734328083865
9995.0,4.1775,-0.704,4.177499999999782,25.31,94.9003307420866
10000.0,4.1775,-0.703,4.177499999999782,25.31,94.93331820333452
10005.0,4.1775,-0.703,4.177499999999782,25.31,94.96628221933638
10010.0,4.1775,-0.698,4.177499999999782,25.31,94.99912900910778
10015.0,4.1775,-0.697,4.177499999999782,25.31,95.03183512740264
10020.0,4.1775,-0.699,4.177499999999782,25.31,95.06456469094358
10025.0,4.1775,-0.693,4.177499999999782,25.31,95.09720047350018
10030.0,4.1775,-0.69,4.177499999999782,25.31,95.12962524884198
10035.0,4.1775,-0.688,4.177499999999782,25.31,95.16193279795331
10040.0,4.1775,-0.688,4.177499999999782,25.31,95.19419345657248
10045.0,4.1775,-0.688,4.177499999999782,25.31,95.22645411519164
10050.0,4.1775,-0.688,4.177499999999782,25.31,95.25871477381082
10055.0,4.1775,-0.677,4.177499999999782,25.31,95.290717534723
10060.0,4.1775,-0.677,4.177499999999782,25.25,95.32246239792819
10065.0,4.18,-0.675,4.1777083333331575,25.25,95.35416037064121
10070.0,4.1775,-0.675,4.1777083333331575,25.31,95.38581145286204
10075.0,4.1825,-0.671,4.1781249999998336,25.25,95.41736875409853
10080.0,4.1825,-0.673,4.178541666666509,25.31,95.44887916484282
10085.0,4.1825,-0.668,4.178958333333185,25.25,95.48031923984887
10090.0,4.1825,-0.664,4.179374999999861,25.31,95.5115483076401
10095.0,4.1825,-0.664,4.179791666666536,25.31,95.54268359444697
10100.0,4.1825,-0.659,4.180208333333212,25.31,95.57370165502338
10105.0,4.1825,-0.654,4.180624999999888,25.31,95.60448526313891
10110.0,4.1825,-0.658,4.181041666666563,25.31,95.63524542600835
10115.0,4.1825,-0.65,4.181458333333239,25.25,95.66591180789344
10120.0,4.1825,-0.651,4.181874999999915,25.31,95.69641407305588
10125.0,4.1825,-0.645,4.182083333333215,25.25,95.72679911198789
10130.0,4.18375,-0.645,4.182604166666579,25.25,95.75704347944335
10135.0,4.1825,-0.639,4.182604166666579,25.25,95.78714717542228
10140.0,4.1850000000000005,-0.643,4.1828124999999545,25.25,95.81720398090903
10145.0,4.1850000000000005,-0.6375,4.18302083333333,25.25,95.84722561852665
10150.0,4.1850000000000005,-0.632,4.183229166666706,25.25,95.87698935843727
10155.0,4.1850000000000005,-0.628,4.183437500000082,25.25,95.90653036851006
10160.0,4.186250000000001,-0.631,4.18375000000007,25.25,95.93604793333674
10165.0,4.1850000000000005,-0.63,4.183958333333446,25.25,95.96561238865561
10170.0,4.1850000000000005,-0.624,4.184166666666822,25.25,95.99501272725185
10175.0,4.186250000000001,-0.626,4.184479166666809,25.25,96.02431928486374
10180.0,4.186250000000001,-0.619,4.184791666666797,25.25,96.05350861624518
10185.0,4.187500000000001,-0.617,4.185208333333473,25.25,96.0824869404118
10190.0,4.187500000000001,-0.614,4.18552083333346,25.25,96.11134803834798
10195.0,4.187500000000001,-0.611,4.185937500000136,25.22,96.14006846480764
10200.0,4.187500000000001,-0.608,4.186145833333437,25.19,96.16864821979075
10205.0,4.187500000000001,-0.607,4.186354166666736,25.25,96.19713419378951
10210.0,4.187500000000001,-0.605,4.186562500000036,25.19,96.22554983204999
10215.0,4.187500000000001,-0.602,4.186770833333337,25.19,96.25384824408003
10220.0,4.188750000000001,-0.601,4.186979166666712,25.19,96.28205287512571
10225.0,4.19,-0.5945,4.187395833333312,25.19,96.31008166682572
10230.0,4.19,-0.596,4.187812499999912,25.19,96.33799323229528
10235.0,4.19,-0.592,4.1881249999999,25.19,96.36584618464961
10240.0,4.19,-0.589,4.188437499999888,25.19,96.39353502028132
10245.0,4.19,-0.585,4.1886458333331875,25.19,96.4210597391904
10250.0,4.192500000000001,-0.587,4.189062499999864,25.19,96.44853756760729
10255.0,4.192500000000001,-0.5814999999999999,4.18947916666654,25.19,96.4759333376629
10260.0,4.192500000000001,-0.576,4.189895833333215,25.19,96.50307121001148
10265.0,4.192500000000001,-0.574,4.190312499999891,25.19,96.53003324301443
10270.0,4.192500000000001,-0.574,4.190729166666567,25.19,96.55694838552519
10275.0,4.192500000000001,-0.568,4.191145833333242,25.25,96.58372285655939
10280.0,4.192500000000001,-0.57,4.19145833333323,25.19,96.61040354660926
10285.0,4.192500000000001,-0.565,4.191666666666606,25.19,96.63701390092085
10290.0,4.192500000000001,-0.565,4.191874999999982,25.19,96.66350702900199
10295.0,4.192500000000001,-0.559,4.192083333333358,25.19,96.6898594856066
10300.0,4.192500000000001,-0.557,4.192291666666733,25.19,96.71602438024249
10305.0,4.192500000000001,-0.559,4.192500000000109,25.19,96.7421892748784
10310.0,4.192500000000001,-0.554,4.192500000000109,25.19,96.76828383377601
10315.0,4.192500000000001,-0.549,4.192500000000109,25.19,96.79414394021273
10320.0,4.192500000000001,-0.546,4.192500000000109,25.19,96.81981648468074
10325.0,4.192500000000001,-0.545,4.192500000000109,25.19,96.84539524816441
10330.0,4.192500000000001,-0.544,4.192500000000109,25.19,96.87092712115589
10335.0,4.192500000000001,-0.54,4.192500000000109,25.19,96.89634176791691
10340.0,4.192500000000001,-0.538,4.192500000000109,25.19,96.92161574320139
10345.0,4.192500000000001,-0.5365,4.192500000000109,25.19,96.94680766012456
10350.0,4.192500000000001,-0.531,4.192500000000109,25.19,96.97183546032512
10355.0,4.192500000000001,-0.533,4.192500000000109,25.19,96.99678120216436
10360.0,4.19125,-0.554,4.192395833333421,25.19,97.02226618466366
10365.0,4.192500000000001,-0.527,4.192395833333421,25.19,97.04761049568643
10370.0,4.192500000000001,-0.525,4.192395833333421,25.19,97.07227489457257
10375.0,4.192500000000001,-0.517,4.192395833333421,25.155,97.09670484099784
10380.0,4.195,-0.57,4.1926041666667215,25.19,97.12218982349714
10385.0,4.192500000000001,-0.518,4.1926041666667215,25.19,97.14769825124252
10390.0,4.195,-0.5395,4.192812500000021,25.155,97.17249159898216
10395.0,4.192500000000001,-0.518,4.192812500000021,25.12,97.19728494672182
10400.0,4.195,-0.51,4.193020833333321,25.12,97.22138665970184
10405.0,4.197500000000001,-0.5085,4.193437499999997,25.12,97.24526564284399
10410.0,4.195,-0.555,4.193645833333297,25.12,97.27019966206018
10415.0,4.197500000000001,-0.503,4.194062499999973,25.12,97.2950047324229
10420.0,4.197500000000001,-0.498,4.194583333333337,25.12,97.3184734237585
10425.0,4.197500000000001,-0.495,4.195000000000012,25.12,97.34175455312538
10430.0,4.197500000000001,-0.492,4.195416666666688,25.12,97.36489501101573
10435.0,4.197500000000001,-0.4925,4.195833333333364,25.12,97.38797685579085
10440.0,4.197500000000001,-0.488,4.19604166666674,25.12,97.41096491958162
10445.0,4.197500000000001,-0.484,4.196458333333415,25.12,97.43375369878062
10450.0,4.196250000000001,-0.5095000000000001,4.196562500000103,25.12,97.45704655077054
10455.0,4.197500000000001,-0.488,4.196979166666779,25.06,97.48043318374484
10460.0,4.197500000000001,-0.475,4.197187500000155,25.06,97.50301095572902
10465.0,4.197500000000001,-0.5055000000000001,4.197187500000155,25.06,97.52599901951979
10470.0,4.197500000000001,-0.473,4.19739583333353,25.06,97.54894019281836
10475.0,4.197500000000001,-0.471,4.19739583333353,25.06,97.57107250512688
10480.0,4.197500000000001,-0.471,4.19739583333353,25.06,97.59315792694319
10485.0,4.2,-0.464,4.197604166666831,25.06,97.61507923203688
10490.0,4.197500000000001,-0.52,4.197604166666831,25.06,97.63814935418894
10495.0,4.2,-0.473,4.19781250000013,25.06,97.66143048355582
10500.0,4.2,-0.467,4.19802083333343,25.06,97.68346901487996
10505.0,4.197500000000001,-0.52,4.19802083333343,25.06,97.70660947277032
10510.0,4.2,-0.4655,4.1983333333334185,25.06,97.72971476279155
10515.0,4.2,-0.458,4.198541666666718,25.06,97.7513664475552
10520.0,4.197500000000001,-0.512,4.198541666666718,25.06,97.77410833626202
10525.0,4.2,-0.457,4.198750000000018,25.06,97.79682677972275
10530.0,4.2,-0.454,4.1989583333333185,25.06,97.8181853989103
10535.0,4.197500000000001,-0.499,4.1989583333333185,25.06,97.84052871843359
10540.0,4.19875,-0.48350000000000004,4.19906249999993,25.06,97.86356367271654
10545.0,4.2,-0.452,4.19906249999993,25.06,97.88549670043328
10550.0,4.2,-0.445,4.19927083333323,25.06,97.90652708617557
10555.0,4.2,-0.4375,4.19927083333323,25.06,97.92721751584955
10560.0,4.2,-0.434,4.19927083333323,25.06,97.94765004781655
10565.0,4.2,-0.477,4.1994791666665305,25.06,97.9690086670041
10570.0,4.2,-0.434,4.1994791666665305,25.06,97.99036728619164
10575.0,4.202500000000001,-0.429,4.199687499999906,25.06,98.01060053356689
10580.0,4.202500000000001,-0.424,4.2001041666665815,25.06,98.03059932848123
10585.0,4.202500000000001,-0.4235,4.200312499999957,25.06,98.05046917454209
10590.0,4.202500000000001,-0.418,4.200520833333333,25.06,98.0701983491264
10595.0,4.2025,-0.464,4.200937500000009,25.06,98.09087705617735
10600.0,4.20375,-0.4215,4.201354166666685,25.06,98.11163782158962
10605.0,4.205,-0.413,4.20177083333336,25.06,98.13120287945132
10610.0,4.205,-0.411,4.202187500000036,25.06,98.15052176222908
10615.0,4.20375,-0.4065,4.2025000000000245,25.06,98.16968825090726
10620.0,4.203749999999999,-0.4515,4.202812500000012,25.06,98.18980427205204
10625.0,4.2025,-0.454,4.203020833333388,25.06,98.21103394238611
10630.0,4.20125,-0.46,4.2031250000000755,25.06,98.2324628973119
10635.0,4.202500000000001,-0.4075,4.2031250000000755,25.06,98.25280164829458
10640.0,4.202500000000001,-0.4,4.2031250000000755,25.06,98.27173368451184
10645.0,4.203749999999999,-0.4485,4.203229166666688,25.03,98.29162697581879
10650.0,4.203749999999999,-0.4355,4.2033333333333,25.06,98.3123525733619
10655.0,4.205,-0.4,4.2035416666666,25.0,98.3319410764697
10660.0,4.20375,-0.398,4.2035416666666,25.03,98.35065038284914
10665.0,4.20625,-0.391,4.203645833333288,25.06,98.36914868201376
10670.0,4.2075,-0.385,4.203854166666663,25.0,98.38734219297922
10675.0,4.20625,-0.384,4.204062499999964,25.06,98.40537158722206
10680.0,4.2075,-0.427,4.204375000000027,25.03,98.42438568180066
10685.0,4.2075,-0.426,4.204791666666703,25.06,98.444384476715
10690.0,4.205,-0.4345,4.205104166666691,25.06,98.46455911097503
10695.0,4.205,-0.385,4.205312499999991,25.06,98.48377249014538
10700.0,4.2075,-0.376,4.205729166666667,25.0,98.5016143224195
10705.0,4.2075,-0.371,4.206041666666731,25.03,98.51912792124836
10710.0,4.2075,-0.369,4.206354166666794,25.0,98.53647740335461
10715.0,4.2075,-0.417,4.20656250000017,25.06,98.55490536678096
10720.0,4.2075,-0.409,4.206875000000234,25.0,98.5742711400509
10725.0,4.2075,-0.4185,4.206979166666922,25.03,98.59367208118996
10730.0,4.205,-0.428,4.206770833333546,25.0,98.61351848200474
10735.0,4.21,-0.368,4.207083333333533,25.0,98.63218089789197
10740.0,4.21,-0.3645,4.207291666666758,25.03,98.64935454065254
10745.0,4.21,-0.357,4.207499999999982,25.0,98.6662702857061
10750.0,4.21,-0.355,4.2079166666665815,25.0,98.68296330092184
10755.0,4.21,-0.349,4.208333333333182,25.0,98.69946875416886
10760.0,4.2075,-0.402,4.208333333333182,25.0,98.71707613398209
10765.0,4.2075,-0.393,4.208333333333182,25.0,98.73571510462324
10770.0,4.2075,-0.401,4.208333333333182,25.03,98.75433063001832
10775.0,4.2075,-0.411,4.208333333333182,25.06,98.773368169843
10780.0,4.21,-0.346,4.208541666666406,25.06,98.79111622113275
10785.0,4.21,-0.346,4.20874999999963,25.0,98.8073403314267
10790.0,4.21,-0.34,4.20916666666623,25.0,98.8234237702441
10795.0,4.21,-0.335,4.20916666666623,25.0,98.83924931135452
10800.0,4.21125,-0.329,4.209270833332994,25.0,98.85481695475795
10805.0,4.2124999999999995,-0.327,4.20947916666637,25.0,98.87019703619266
10810.0,4.2124999999999995,-0.329,4.209687499999745,25.0,98.88557711762738
10815.0,4.2075,-0.3735,4.209479166666521,25.0,98.90204740300526
10820.0,4.2075,-0.385,4.209479166666521,25.0,98.91983062216416
10825.0,4.21,-0.333,4.209687499999745,25.0,98.93666430885642
10830.0,4.21125,-0.324,4.2099999999997335,25.0,98.95206783553722
10835.0,4.21,-0.295,4.210208333332957,25.0,98.96658044286664
10840.0,4.2124999999999995,-0.295,4.210416666666333,25.0,98.98041313805945
10845.0,4.2124999999999995,-0.291,4.210624999999709,25.03,98.9941520522679
10850.0,4.2124999999999995,-0.288,4.210833333333085,25.0,99.00772684975372
10855.0,4.2075,-0.344,4.210624999999861,25.0,99.02254424528229
10860.0,4.2075,-0.3425,4.210312499999873,25.0,99.03863940672274
10865.0,4.21,-0.338,4.210104166666497,25.0,99.05459389668665
10870.0,4.21,-0.35,4.209895833333121,25.0,99.07072422599623
10875.0,4.21,-0.3265,4.210104166666345,25.0,99.08658493497579
10880.0,4.21,-0.295,4.21031249999957,25.0,99.1011561554204
10885.0,4.2124999999999995,-0.292,4.210520833332946,25.0,99.11491851487494
10890.0,4.2124999999999995,-0.284,4.210624999999557,25.0,99.12842297662252
10895.0,4.2124999999999995,-0.282,4.210833333332933,25.0,99.14169298590917
10900.0,4.2124999999999995,-0.277,4.210833333332933,24.94,99.1547988784732
10905.0,4.2124999999999995,-0.275,4.210833333332933,24.94,99.16774065431461
10910.0,4.2124999999999995,-0.273,4.210833333332933,24.94,99.18058864917167
10915.0,4.2124999999999995,-0.269,4.211249999999533,24.94,99.19329597255218
10920.0,4.2124999999999995,-0.268,4.211666666666133,24.94,99.20588606970226
10925.0,4.2124999999999995,-0.262,4.211874999999509,24.94,99.2183120501297
10930.0,4.2124999999999995,-0.267,4.212083333332885,24.94,99.23071458531105
10935.0,4.2124999999999995,-0.258,4.21229166666626,24.94,99.24302333950804
10940.0,4.215,-0.258,4.212708333333012,24.94,99.25512108649023
10945.0,4.2125,-0.312,4.212708333333012,24.94,99.26848487676125
10950.0,4.21375,-0.3105,4.212812499999775,24.94,99.28307954245197
10955.0,4.21375,-0.3135,4.21291666666654,24.94,99.29770937601181
10960.0,4.215,-0.269,4.213124999999915,24.94,99.31136623185894
10965.0,4.215,-0.261,4.213333333333291,24.94,99.32379221228639
10970.0,4.213749999999999,-0.255,4.213437500000055,24.94,99.33588995926858
10975.0,4.215,-0.256,4.21364583333343,24.94,99.34787048002033
10980.0,4.21625,-0.2505,4.2139583333334185,24.905,99.35974549716467
10985.0,4.217499999999999,-0.249,4.21437500000017,24.87,99.37145639758639
10990.0,4.215,-0.243,4.214583333333546,24.94,99.38299145866242
10995.0,4.217499999999999,-0.242,4.215000000000297,24.87,99.39436240301582
11000.0,4.217499999999999,-0.24,4.215208333333673,24.87,99.40566301163098
11005.0,4.217499999999999,-0.237,4.215625000000425,24.87,99.41684639401565
11010.0,4.22,-0.233,4.216145833333637,24.87,99.42786565967772
11015.0,4.22,-0.231,4.216666666666849,24.87,99.43874425386325
11020.0,4.22,-0.228,4.2170833333334485,24.87,99.44950562181832
11025.0,4.2175,-0.2735,4.217291666666824,24.87,99.46126341273221
11030.0,4.2175,-0.28049999999999997,4.2176041666668125,24.87,99.4742520790658
11035.0,4.2175,-0.271,4.217812500000188,24.87,99.48718213228418
11040.0,4.2162500000000005,-0.28400000000000003,4.217812500000188,24.87,99.50019424386385
11045.0,4.2175,-0.2365,4.217812500000188,24.87,99.51239749445344
11050.0,4.22,-0.228,4.218229166666788,24.87,99.52328781126202
11055.0,4.22,-0.228,4.218437500000012,24.87,99.53397884347882
11060.0,4.22,-0.225,4.218645833333237,24.87,99.54459953995737
11065.0,4.22,-0.219,4.2188541666664605,24.87,99.55500922922111
11070.0,4.22,-0.217,4.2188541666664605,24.84,99.56523135651615
11075.0,4.22,-0.212,4.2188541666664605,24.84,99.57528936708854
11080.0,4.22,-0.211,4.2188541666664605,24.81,99.58520670618441
11085.0,4.22,-0.2085,4.219062499999684,24.81,99.59504198691896
11090.0,4.2212499999999995,-0.204,4.219374999999673,24.81,99.60471315093089
11095.0,4.2225,-0.202,4.219791666666272,24.81,99.61423192084322
11100.0,4.2225,-0.202,4.220312499999636,24.81,99.62370380026339
11105.0,4.2175,-0.2495,4.220312499999636,24.81,99.6342893288728
11110.0,4.2175,-0.258,4.220104166666412,24.81,99.64618779126322
11115.0,4.2175,-0.252,4.2198958333331875,24.81,99.65814486676886
11120.0,4.22,-0.2105,4.2198958333331875,24.81,99.66898829308526
11125.0,4.22,-0.206,4.2198958333331875,24.81,99.67875323808154
11130.0,4.22,-0.202,4.2198958333331875,24.81,99.68831889848606
11135.0,4.2225,-0.199,4.220104166666563,24.81,99.69772044216796
11140.0,4.2225,-0.194,4.220312499999939,24.81,99.70693442388114
11145.0,4.2225,-0.194,4.220520833333315,24.81,99.71603117936387
11150.0,4.2225,-0.19,4.220624999999927,24.81,99.72503415386223
11155.0,4.2225,-0.185,4.220624999999927,24.81,99.7338261211458
11160.0,4.2225,-0.185,4.220624999999927,24.81,99.7425008621989
11165.0,4.2225,-0.1795,4.221041666666527,24.78,99.75104665439852
11170.0,4.2225,-0.172,4.2214583333331275,24.81,99.75928765839899
11175.0,4.2225,-0.174,4.221874999999727,24.75,99.76739971354596
11180.0,4.2225,-0.17099999999999999,4.222083333333103,24.75,99.77548832344682
11185.0,4.2225,-0.172,4.222291666666479,24.75,99.78353004285553
11190.0,4.2175,-0.228,4.222083333333255,24.75,99.79290814129132
11195.0,4.21875,-0.23,4.221770833333267,24.75,99.80364606400033
11200.0,4.2225,-0.181,4.221770833333267,24.75,99.81328206014311
11205.0,4.2225,-0.174,4.221770833333267,24.75,99.82160512250489
11210.0,4.2225,-0.16999999999999998,4.221770833333267,24.75,99.8296702871597
11215.0,4.2225,-0.168,4.221770833333267,24.75,99.83759478033795
11220.0,4.2225,-0.166,4.221770833333267,24.75,99.84542549253183
11225.0,4.2225,-0.16,4.221770833333267,24.75,99.85306864275701
11230.0,4.2225,-0.157,4.221770833333267,24.75,99.86050078576739
11235.0,4.2225,-0.157,4.221770833333267,24.75,99.86786259303949
11240.0,4.2225,-0.155,4.221770833333267,24.75,99.87517750981942
11245.0,4.2250000000000005,-0.153,4.221979166666642,24.75,99.882398645615
11250.0,4.220000000000001,-0.209,4.222187499999866,24.75,99.89088582469941
11255.0,4.2225,-0.2085,4.2224999999998545,24.75,99.90067421494179
11260.0,4.2225,-0.204,4.2224999999998545,24.75,99.9103453789537
11265.0,4.2250000000000005,-0.159,4.22270833333323,24.69,99.91885600328419
11270.0,4.2250000000000005,-0.157,4.222916666666606,24.69,99.92626470104848
11275.0,4.2250000000000005,-0.15,4.223124999999982,24.69,99.93346239159796
11280.0,4.2250000000000005,-0.155,4.223333333333358,24.69,99.94061319165527
11285.0,4.2250000000000005,-0.144,4.223541666666733,24.69,99.94762332023602
11290.0,4.2250000000000005,-0.144,4.223750000000109,24.69,99.95437555110979
11295.0,4.2275,-0.142,4.224166666666861,24.69,99.9610808914914
11300.0,4.22875,-0.143,4.224687500000225,24.69,99.9677627866269
11305.0,4.23,-0.14,4.225104166666824,24.69,99.97439779127023
11310.0,4.23,-0.14,4.2259375000001755,24.69,99.98096246017532
11315.0,4.22875,-0.1365,4.2264583333335395,24.69,99.98744507071906
11320.0,4.23,-0.133,4.227083333333515,24.69,99.99376356454019
11325.0,4.23,-0.133,4.2275000000001155,24.69,100.0
